customerid,churn,Predicted_Churn,Churn_Probability,gender,seniorcitizen,partner,dependents,tenure,contract,internetservice,paymentmethod,monthlycharges,totalcharges,Risk_Level
5889-LFOLL,Yes,1,0.7089154719338405,Female,0,No,No,13,Month-to-month,Fiber optic,Electronic check,84.6,1115.2,High
2876-VBBBL,Yes,0,0.2685055675811412,Female,0,No,No,1,Month-to-month,No,Mailed check,20.25,20.25,Low
3865-YIOTT,No,0,0.1440901359497689,Male,0,Yes,Yes,72,One year,Fiber optic,Bank transfer (automatic),106.1,7848.5,Low
1016-DJTSV,No,1,0.6753685110100838,Male,1,No,No,8,Month-to-month,Fiber optic,Electronic check,69.7,572.85,High
4236-UJPWO,No,1,0.5711803264972399,Female,0,No,No,2,Month-to-month,DSL,Electronic check,24.5,46.4,Medium
3393-FMZPV,Yes,1,0.64598098605617,Female,0,No,No,25,Month-to-month,Fiber optic,Electronic check,100.25,2387.75,High
1297-VQDRP,No,0,0.1668834007558276,Male,1,Yes,Yes,68,One year,Fiber optic,Credit card (automatic),107.15,7379.8,Low
3549-ZTMNH,No,0,0.05647248237969297,Male,0,Yes,Yes,12,Two year,No,Bank transfer (automatic),24.0,269.65,Low
2866-IKBTM,No,0,0.20536228712408408,Female,0,No,No,1,Month-to-month,No,Mailed check,19.55,19.55,Low
7312-XSBAT,No,0,0.33673967482211986,Male,0,No,No,1,Month-to-month,DSL,Electronic check,49.75,49.75,Medium
4021-RQSNY,Yes,1,0.7096558882212799,Male,1,Yes,No,29,Month-to-month,Fiber optic,Electronic check,98.5,3004.15,High
9788-YTFGE,No,0,0.2026051437457124,Male,0,No,No,7,Month-to-month,No,Mailed check,19.95,147.5,Low
7402-EYFXX,No,1,0.7017677675513337,Male,1,No,No,26,Month-to-month,Fiber optic,Electronic check,93.6,2404.1,High
4018-PPNDW,No,0,0.0054496509997492,Female,0,Yes,Yes,61,Two year,No,Mailed check,24.1,1551.6,Low
9715-SBVSU,No,0,0.07347266401679302,Male,0,Yes,Yes,14,Two year,DSL,Bank transfer (automatic),61.4,815.55,Low
1428-IEDPR,No,0,0.12138535444199038,Male,0,No,No,52,Two year,Fiber optic,Electronic check,109.3,5731.4,Low
2176-LVPNX,No,0,0.01675583559722843,Female,1,No,No,71,Two year,DSL,Mailed check,89.85,6293.45,Low
7321-PKUYW,Yes,1,0.5273227563516268,Female,0,No,No,11,Month-to-month,Fiber optic,Electronic check,90.15,987.95,Medium
1329-VHWNP,No,0,0.4371550783924952,Female,0,No,No,7,Month-to-month,DSL,Bank transfer (automatic),25.05,189.95,Medium
7255-SSFBC,No,0,0.06844014412129307,Male,0,Yes,Yes,72,Two year,Fiber optic,Bank transfer (automatic),112.25,8041.65,Low
4285-GYRQC,Yes,1,0.6863583431826141,Female,0,Yes,No,7,Month-to-month,Fiber optic,Electronic check,86.25,587.1,High
1963-VAUKV,Yes,0,0.20579588845131805,Female,0,No,No,1,Month-to-month,No,Mailed check,20.4,20.4,Low
7607-QKKTJ,No,0,0.217334911951791,Male,0,Yes,Yes,45,One year,Fiber optic,Credit card (automatic),95.0,4368.85,Low
1927-QEWMY,No,0,0.0017062896764191385,Female,0,Yes,No,72,Two year,No,Credit card (automatic),20.5,1502.25,Low
7120-RFMVS,Yes,1,0.6883369722108684,Male,0,No,No,1,Month-to-month,Fiber optic,Electronic check,84.5,84.5,High
4911-BANWH,Yes,0,0.43078718736046157,Female,0,No,Yes,31,Month-to-month,Fiber optic,Credit card (automatic),86.55,2697.4,Medium
9481-WHGWY,No,0,0.007466389502872862,Female,0,Yes,Yes,70,Two year,DSL,Credit card (automatic),75.35,5437.75,Low
8984-HPEMB,No,0,0.09222923167827121,Female,0,No,No,71,Two year,Fiber optic,Electronic check,118.65,8477.6,Low
6579-JPICP,No,0,0.19629381219213335,Male,0,No,No,1,Month-to-month,No,Mailed check,20.4,20.4,Low
4661-NJEUX,No,0,0.25692587298923525,Male,0,No,No,1,Month-to-month,No,Mailed check,20.05,20.05,Low
7537-CBQUZ,No,0,0.3436611293598377,Male,1,No,No,63,Month-to-month,Fiber optic,Bank transfer (automatic),109.4,7031.45,Medium
6184-DYUOB,No,0,0.25105939324696486,Female,0,Yes,No,3,Month-to-month,No,Mailed check,19.6,55.25,Low
1227-UDMZR,No,0,0.020144283999825714,Female,0,Yes,No,72,Two year,DSL,Bank transfer (automatic),91.15,6637.9,Low
9720-JJJOR,No,0,0.04491666192773561,Male,0,Yes,Yes,41,One year,DSL,Bank transfer (automatic),60.3,2511.3,Low
2359-KLTEK,No,0,0.39198133297988375,Female,0,Yes,Yes,41,Month-to-month,Fiber optic,Bank transfer (automatic),94.9,3848.0,Medium
7892-POOKP,Yes,1,0.5845271550289926,Female,0,Yes,No,28,Month-to-month,Fiber optic,Electronic check,104.8,3046.05,Medium
4521-YEEHE,No,1,0.5629914035106399,Female,0,Yes,No,18,Month-to-month,Fiber optic,Electronic check,88.85,1594.75,Medium
4770-QAZXN,No,0,0.11271573393364427,Female,0,No,No,13,Month-to-month,No,Credit card (automatic),19.45,232.1,Low
4713-ZBURT,No,0,0.13002407172315109,Male,0,No,Yes,45,Two year,Fiber optic,Bank transfer (automatic),99.7,4634.35,Low
9592-ERDKV,No,0,0.10300433956326634,Male,0,Yes,No,37,One year,DSL,Mailed check,79.25,2911.8,Low
4986-MXSFP,No,0,0.2583801250976062,Female,0,No,No,2,Month-to-month,No,Mailed check,20.0,40.9,Low
8224-IVVPA,No,0,0.1531680902902948,Female,0,No,No,27,Month-to-month,DSL,Mailed check,56.7,1652.95,Low
1640-PLFMP,No,1,0.6903566906112326,Female,0,No,No,1,Month-to-month,Fiber optic,Electronic check,70.25,70.25,High
0620-XEFWH,No,0,0.15171068665695875,Male,0,Yes,Yes,4,Month-to-month,No,Mailed check,18.85,84.2,Low
5985-TBABQ,No,0,0.11556342494727087,Female,0,No,No,32,One year,DSL,Mailed check,74.75,2282.95,Low
4115-UMJFQ,No,0,0.027545572202480655,Male,0,No,No,69,One year,DSL,Bank transfer (automatic),35.75,2492.25,Low
6572-ADKRS,No,0,0.24882196787945085,Female,0,No,No,46,Month-to-month,Fiber optic,Credit card (automatic),74.8,3548.3,Low
0670-KDOMA,No,0,0.2685055675811412,Female,0,No,No,1,Month-to-month,No,Mailed check,20.25,20.25,Low
9571-EDEBV,No,0,0.1755165252440118,Male,0,Yes,No,71,One year,Fiber optic,Credit card (automatic),98.65,6962.85,Low
7377-DMMRI,Yes,0,0.4062986364442873,Male,0,No,No,2,Month-to-month,DSL,Electronic check,47.8,92.45,Medium
5716-EZXZN,No,0,0.03398053903928551,Female,0,Yes,Yes,65,Two year,Fiber optic,Credit card (automatic),99.05,6416.7,Low
2460-NGXBJ,No,1,0.5836060507688823,Male,1,Yes,Yes,11,Month-to-month,Fiber optic,Credit card (automatic),75.2,775.3,Medium
0411-EZJZE,No,1,0.6059937360765272,Female,0,No,No,3,Month-to-month,DSL,Electronic check,60.25,170.5,High
4439-JMPMT,Yes,1,0.5589911553741755,Female,0,Yes,Yes,5,Month-to-month,Fiber optic,Electronic check,85.75,470.95,Medium
2616-FLVQC,No,0,0.0025060345446713352,Male,0,No,No,64,Two year,No,Mailed check,19.55,1240.15,Low
8305-VHZBZ,Yes,0,0.257015331754517,Male,0,No,No,1,Month-to-month,No,Mailed check,20.2,20.2,Low
6158-HDPXZ,No,0,0.4934826284994685,Male,0,No,No,1,Month-to-month,DSL,Mailed check,25.35,25.35,Medium
8167-GJLRN,No,0,0.4349043254121638,Male,0,No,No,3,Month-to-month,DSL,Electronic check,30.4,82.15,Medium
9631-RXVJM,No,0,0.011172972173310347,Male,0,No,No,35,Two year,No,Mailed check,19.25,677.9,Low
9534-NSXEM,No,0,0.04663272901136542,Male,0,No,No,26,One year,No,Credit card (automatic),20.65,595.5,Low
0369-ZGOVK,No,0,0.22760847568988726,Female,0,Yes,Yes,28,One year,Fiber optic,Bank transfer (automatic),70.4,1992.2,Low
4360-PNRQB,No,1,0.532595489455803,Male,0,No,No,18,Month-to-month,Fiber optic,Bank transfer (automatic),75.6,1395.05,Medium
9970-QBCDA,No,0,0.15588213823111938,Female,0,No,No,6,Month-to-month,No,Credit card (automatic),19.7,129.55,Low
8311-UEUAB,No,0,0.03417119359983635,Female,0,Yes,Yes,67,Two year,DSL,Electronic check,75.5,5229.45,Low
7169-YWAMK,No,0,0.004099500502939361,Male,0,Yes,Yes,72,Two year,DSL,Bank transfer (automatic),68.4,4855.35,Low
3769-MHZNV,No,0,0.011414112983436933,Female,0,Yes,Yes,33,Two year,No,Mailed check,20.1,670.35,Low
2808-CHTDM,No,0,0.02547061715378057,Female,0,Yes,Yes,23,Two year,No,Mailed check,25.1,611.45,Low
0623-EJQEG,No,0,0.08097259389148917,Male,0,No,No,65,One year,Fiber optic,Electronic check,93.55,6069.25,Low
4585-HETAI,Yes,1,0.6363551872814938,Female,0,Yes,Yes,4,Month-to-month,Fiber optic,Electronic check,73.75,325.45,High
8189-XRIKE,No,1,0.5304944541914086,Female,1,No,No,32,Month-to-month,Fiber optic,Electronic check,90.95,2897.95,Medium
4896-CPRPF,No,0,0.013066045442924452,Male,0,Yes,Yes,35,Two year,No,Bank transfer (automatic),25.45,809.25,Low
1088-AUUZZ,No,0,0.015270149642688136,Male,0,Yes,Yes,56,Two year,DSL,Credit card (automatic),75.85,4261.2,Low
8593-WHYHV,Yes,1,0.7591851083192633,Male,0,No,No,3,Month-to-month,Fiber optic,Electronic check,85.3,264.8,High
2504-DSHIH,No,1,0.606647434432083,Male,1,Yes,No,23,Month-to-month,Fiber optic,Electronic check,86.8,1975.85,High
6906-ANDWJ,Yes,1,0.5149132036665106,Male,0,Yes,Yes,15,Month-to-month,Fiber optic,Bank transfer (automatic),74.9,1107.25,Medium
1074-WVEVG,No,0,0.007297123030941813,Female,0,Yes,No,59,One year,No,Mailed check,20.35,1267.0,Low
3327-YBAKM,No,0,0.09110911620934722,Female,0,Yes,No,64,One year,Fiber optic,Mailed check,96.9,6314.35,Low
2616-UUTFK,No,0,0.1903229151594706,Male,0,Yes,No,33,Month-to-month,DSL,Bank transfer (automatic),72.75,2447.45,Low
5536-SLHPM,Yes,0,0.33431346401950984,Female,0,Yes,No,55,Month-to-month,Fiber optic,Electronic check,77.75,4458.15,Medium
1031-IIDEO,Yes,1,0.6907571639979904,Female,0,No,No,1,Month-to-month,Fiber optic,Electronic check,70.85,70.85,High
4541-RMRLG,Yes,0,0.19398052087947776,Male,0,No,No,7,Month-to-month,No,Electronic check,19.25,112.3,Low
6821-JPCDC,No,0,0.29683248231571757,Female,0,Yes,No,48,One year,Fiber optic,Electronic check,97.05,4692.95,Low
1732-VHUBQ,Yes,0,0.19569890829474287,Female,1,Yes,Yes,47,Month-to-month,Fiber optic,Bank transfer (automatic),70.55,3309.25,Low
9770-KXGQU,No,0,0.1237816187371966,Female,0,No,No,53,One year,Fiber optic,Mailed check,98.6,5311.85,Low
7379-POKDZ,Yes,1,0.6650642593180911,Male,0,Yes,No,3,Month-to-month,Fiber optic,Electronic check,70.3,208.85,High
6980-IMXXE,No,0,0.0018264151342102172,Female,0,Yes,Yes,69,Two year,No,Bank transfer (automatic),20.2,1412.65,Low
2207-RYYRL,No,0,0.005704687990214855,Male,0,Yes,Yes,52,Two year,No,Mailed check,24.55,1331.05,Low
5133-VRSAB,No,0,0.3194856234873074,Male,0,No,No,8,Month-to-month,DSL,Mailed check,29.35,216.45,Medium
1215-FIGMP,No,0,0.2619341854657816,Male,0,No,No,60,Month-to-month,Fiber optic,Bank transfer (automatic),89.9,5450.7,Low
9570-KYEUA,No,0,0.03565625131406513,Male,0,No,No,64,Two year,Fiber optic,Credit card (automatic),99.25,6549.45,Low
6203-HBZPA,No,0,0.01896828832242948,Male,0,No,No,52,Two year,DSL,Credit card (automatic),63.9,3334.95,Low
0754-EEBDC,No,0,0.04624150019971429,Male,0,Yes,Yes,4,Two year,No,Mailed check,19.9,76.65,Low
3858-VOBET,Yes,1,0.5580049122070255,Male,0,No,No,23,Month-to-month,Fiber optic,Electronic check,74.95,1710.45,Medium
7876-AEHIG,No,0,0.04094837664335178,Female,0,No,Yes,51,One year,DSL,Bank transfer (automatic),60.15,3077.0,Low
6728-VOIFY,No,0,0.21577623878736427,Female,0,Yes,No,63,One year,Fiber optic,Electronic check,96.0,6109.75,Low
0909-SELIE,No,0,0.01801541784117737,Male,0,Yes,No,61,Two year,DSL,Bank transfer (automatic),80.8,4860.85,Low
4373-MAVJG,Yes,1,0.5747003879565901,Female,0,Yes,Yes,14,Month-to-month,Fiber optic,Bank transfer (automatic),90.9,1259.0,Medium
2391-IPLOP,No,0,0.07358044457826707,Male,0,Yes,Yes,50,One year,DSL,Electronic check,69.65,3442.15,Low
9507-HSMMZ,No,0,0.004344486411858235,Male,0,No,No,54,Two year,No,Mailed check,20.0,1149.65,Low
2615-YVMYX,No,0,0.35616499442466654,Male,1,Yes,No,71,Month-to-month,Fiber optic,Electronic check,107.5,7713.55,Medium
5712-VBOXD,No,0,0.22402051620770483,Female,0,No,No,4,Month-to-month,No,Credit card (automatic),20.15,68.45,Low
6179-GJPSO,Yes,0,0.2735043323839533,Female,1,No,No,43,Month-to-month,Fiber optic,Credit card (automatic),108.15,4600.7,Low
9488-HGMJH,Yes,1,0.7399131117153651,Female,1,No,No,1,Month-to-month,Fiber optic,Electronic check,71.15,71.15,High
8388-DMKAE,No,0,0.046790354554398866,Female,0,No,No,8,Two year,No,Mailed check,20.25,174.65,Low
3633-CDBUW,No,0,0.14372599187305896,Male,0,No,Yes,17,One year,DSL,Electronic check,80.85,1445.95,Low
1262-OPMFY,Yes,1,0.5625648265759297,Female,0,Yes,No,9,Month-to-month,Fiber optic,Bank transfer (automatic),75.75,655.9,Medium
9152-AMKAK,No,0,0.10121383214018531,Male,0,No,No,6,Two year,DSL,Mailed check,80.25,493.4,Low
7254-IQWOZ,Yes,1,0.6771593466831886,Male,0,No,No,1,Month-to-month,Fiber optic,Electronic check,69.65,69.65,High
1506-YJTYT,No,0,0.014417979997282955,Male,0,Yes,Yes,45,Two year,DSL,Credit card (automatic),73.85,3371.0,Low
0219-YTZUE,Yes,1,0.5861717695034475,Male,0,Yes,Yes,4,Month-to-month,Fiber optic,Bank transfer (automatic),84.8,371.9,Medium
8587-XYZSF,No,0,0.005670969314755362,Male,0,No,No,67,Two year,DSL,Bank transfer (automatic),50.55,3260.1,Low
6615-ZGEDR,Yes,0,0.19594910074920488,Male,0,No,No,1,Month-to-month,No,Mailed check,19.7,19.7,Low
9357-UJRUN,No,0,0.11480690970919012,Male,0,Yes,No,24,One year,DSL,Electronic check,58.35,1346.9,Low
6260-ONULR,No,1,0.5218863183101821,Male,0,No,No,1,Month-to-month,DSL,Mailed check,62.8,62.8,Medium
3069-SSVSN,No,0,0.36059094215353493,Female,0,No,No,1,One year,DSL,Mailed check,25.85,25.85,Medium
1162-ECVII,No,0,0.09608872062293541,Male,1,Yes,No,72,Two year,Fiber optic,Bank transfer (automatic),109.75,7932.5,Low
3323-CPBWR,No,0,0.41844588276735073,Male,0,No,No,23,Month-to-month,Fiber optic,Credit card (automatic),96.9,2085.45,Medium
4522-XRWWI,No,0,0.055058214853517036,Male,0,Yes,No,42,One year,DSL,Credit card (automatic),80.45,3375.9,Low
0248-PGHBZ,No,0,0.034798444335755255,Female,1,No,No,67,Two year,Fiber optic,Bank transfer (automatic),92.45,6140.85,Low
2612-RRIDN,Yes,1,0.6888306667458828,Male,0,No,No,4,Month-to-month,Fiber optic,Electronic check,81.0,340.85,High
1498-DQNRX,No,0,0.058114655697851694,Female,0,Yes,No,29,Month-to-month,No,Mailed check,19.85,573.05,Low
0496-AHOOK,No,0,0.07705312212076673,Male,0,Yes,No,24,One year,DSL,Bank transfer (automatic),74.4,1712.9,Low
3951-NJCVI,No,1,0.6192142909103638,Female,1,Yes,No,42,Month-to-month,Fiber optic,Electronic check,95.05,3944.5,High
7860-UXCRM,No,0,0.006015945135316087,Male,0,Yes,Yes,63,Two year,DSL,Credit card (automatic),74.5,4674.55,Low
0641-EVBOJ,No,0,0.38783494014828707,Male,0,No,No,3,Month-to-month,Fiber optic,Mailed check,82.3,214.4,Medium
2898-LSJGD,Yes,0,0.2882128884850607,Female,0,Yes,Yes,21,One year,DSL,Electronic check,55.95,1157.05,Low
2097-YVPKN,No,0,0.0034837792568393187,Male,0,No,No,65,Two year,No,Mailed check,25.75,1654.75,Low
5537-UXXVS,No,0,0.0897915493541174,Female,0,Yes,No,20,Month-to-month,No,Bank transfer (automatic),19.25,375.25,Low
5868-CZJDR,Yes,1,0.5069768144286786,Male,0,No,Yes,1,Month-to-month,DSL,Mailed check,31.35,31.35,Medium
1915-OAKWD,No,0,0.07355939070794727,Female,0,No,Yes,16,One year,No,Bank transfer (automatic),19.3,360.35,Low
9850-OWRHQ,Yes,1,0.649213730581183,Female,0,Yes,No,3,Month-to-month,Fiber optic,Credit card (automatic),74.1,228.0,High
7746-QYVCO,No,0,0.10507448924860296,Male,0,Yes,Yes,16,One year,DSL,Mailed check,55.85,857.8,Low
2911-IJORQ,No,0,0.09508356025384591,Male,0,No,No,37,One year,DSL,Bank transfer (automatic),90.6,3358.65,Low
8541-QVFKM,No,1,0.6947136556267497,Female,0,No,No,8,Month-to-month,Fiber optic,Electronic check,73.5,632.2,High
0365-TRTPY,No,0,0.24185067883169087,Female,0,No,No,37,Month-to-month,Fiber optic,Bank transfer (automatic),91.2,3382.3,Low
5940-NFXKV,Yes,1,0.6073615479747445,Male,0,Yes,Yes,19,Month-to-month,Fiber optic,Electronic check,83.65,1465.75,High
7029-RPUAV,Yes,1,0.6850555432528187,Male,1,Yes,No,17,Month-to-month,Fiber optic,Credit card (automatic),100.45,1622.45,High
3536-IQCTX,Yes,1,0.5300720156512077,Male,1,Yes,No,32,Month-to-month,Fiber optic,Electronic check,85.3,2661.1,Medium
2558-BUOZZ,No,0,0.12957630965849304,Male,0,No,No,47,One year,Fiber optic,Bank transfer (automatic),94.8,4535.85,Low
5397-TUPSH,No,0,0.09827167801193429,Male,1,Yes,No,65,One year,Fiber optic,Bank transfer (automatic),70.95,4555.2,Low
5127-BZENZ,No,0,0.03265037700689341,Female,0,Yes,Yes,56,One year,DSL,Bank transfer (automatic),65.2,3512.15,Low
2920-RNCEZ,No,1,0.5497834650207407,Male,0,Yes,Yes,1,Month-to-month,Fiber optic,Credit card (automatic),69.95,69.95,Medium
4208-UFFGW,Yes,0,0.39907492685763596,Male,1,No,No,2,Month-to-month,DSL,Mailed check,44.95,85.15,Medium
1600-DILPE,No,0,0.3376851577992792,Female,0,No,No,12,Month-to-month,DSL,Bank transfer (automatic),45.0,524.35,Medium
4176-FXYBO,No,0,0.3349097020850352,Male,0,Yes,No,54,Month-to-month,Fiber optic,Electronic check,109.55,6118.95,Medium
9108-EJFJP,No,0,0.33324837319973555,Female,0,Yes,No,1,Month-to-month,DSL,Mailed check,53.55,53.55,Medium
9625-QNLUX,No,0,0.04854572799304897,Male,0,Yes,Yes,68,Two year,Fiber optic,Credit card (automatic),103.25,7074.4,Low
3132-TVFDZ,Yes,0,0.22754047684681294,Male,1,Yes,No,57,Month-to-month,DSL,Electronic check,44.85,2572.95,Low
6122-LJADA,No,0,0.01453142341112601,Male,0,Yes,Yes,70,Two year,DSL,Credit card (automatic),90.15,6237.05,Low
6754-LZUKA,No,0,0.03361924836675922,Male,0,Yes,No,61,Two year,DSL,Bank transfer (automatic),80.9,4932.5,Low
2305-MRGLV,No,0,0.218901977667774,Male,0,Yes,No,28,Month-to-month,Fiber optic,Bank transfer (automatic),76.55,2065.4,Low
2522-WLNSF,No,0,0.07916638316309237,Female,1,Yes,No,34,One year,DSL,Bank transfer (automatic),64.2,2106.3,Low
3566-VVORZ,No,0,0.26707634569034705,Female,0,Yes,No,12,Month-to-month,DSL,Bank transfer (automatic),45.9,505.95,Low
9975-GPKZU,No,0,0.004978953745961142,Male,0,Yes,Yes,46,Two year,No,Credit card (automatic),19.75,856.5,Low
8821-KVZKQ,No,0,0.034849291724728344,Female,0,Yes,Yes,70,One year,DSL,Bank transfer (automatic),58.4,4113.15,Low
5095-AESKG,Yes,1,0.6685125546734145,Female,0,Yes,No,3,Month-to-month,Fiber optic,Credit card (automatic),91.5,242.95,High
9565-FLVCG,No,0,0.01624725801448268,Male,0,Yes,Yes,65,Two year,DSL,Mailed check,69.55,4459.15,Low
4468-KAZHE,No,0,0.4300856955809365,Female,1,Yes,No,20,Month-to-month,DSL,Electronic check,60.0,1259.35,Medium
2219-MVUSO,Yes,0,0.3684676361393956,Male,0,No,No,8,Month-to-month,DSL,Mailed check,45.15,438.4,Medium
9945-PSVIP,No,0,0.0231476555950433,Female,0,Yes,Yes,25,Two year,No,Mailed check,18.7,383.65,Low
2228-BZDEE,No,0,0.004510610474298562,Female,0,No,No,54,Two year,No,Mailed check,20.1,1079.45,Low
4523-WXCEF,Yes,0,0.3623643669673592,Female,0,Yes,No,59,Month-to-month,Fiber optic,Electronic check,101.1,6039.9,Medium
2545-EBUPK,No,1,0.8143099827169622,Female,1,No,No,2,Month-to-month,Fiber optic,Electronic check,84.05,186.05,High
2754-VDLTR,Yes,1,0.6389135082545656,Male,0,No,Yes,10,Month-to-month,Fiber optic,Electronic check,95.2,930.4,High
5656-MJEFC,No,0,0.017974022943653405,Male,0,Yes,Yes,42,Two year,DSL,Credit card (automatic),48.15,2032.3,Low
7416-CKTEP,No,0,0.005602907691579761,Female,0,Yes,No,57,Two year,No,Bank transfer (automatic),19.6,1134.25,Low
6036-TTFYU,No,0,0.1077598919172776,Female,0,Yes,No,16,Month-to-month,No,Mailed check,19.6,314.45,Low
7614-QVWQL,Yes,0,0.09909671416095275,Male,0,Yes,Yes,49,One year,DSL,Bank transfer (automatic),51.8,2541.25,Low
2320-JRSDE,Yes,0,0.299564455360659,Female,0,Yes,Yes,1,Month-to-month,No,Electronic check,19.9,19.9,Low
2203-GHNWN,No,1,0.5049437907894685,Female,0,Yes,No,24,Month-to-month,Fiber optic,Mailed check,79.65,1928.7,Medium
7048-GXDAY,No,0,0.4665674235428469,Male,0,No,No,39,Month-to-month,Fiber optic,Electronic check,106.4,4040.65,Medium
6890-PFRQX,No,0,0.23013942008524924,Male,0,No,No,18,Month-to-month,DSL,Mailed check,69.5,1199.4,Low
0744-BIKKF,No,0,0.011554777679239112,Male,0,No,No,72,Two year,DSL,Bank transfer (automatic),86.65,6224.8,Low
9705-ZJBCG,No,0,0.06817389886880207,Female,0,Yes,Yes,13,One year,DSL,Bank transfer (automatic),54.15,701.05,Low
6734-JDTTV,No,0,0.0026750602721782326,Male,0,Yes,Yes,65,Two year,No,Credit card (automatic),19.85,1267.05,Low
4948-WBBKL,No,0,0.4448813595080602,Female,1,No,No,36,Month-to-month,Fiber optic,Bank transfer (automatic),74.9,2659.45,Medium
7310-EGVHZ,No,0,0.1979869271584824,Male,0,No,No,1,Month-to-month,No,Bank transfer (automatic),20.2,20.2,Low
5846-QFDFI,No,0,0.20084789885131876,Female,0,Yes,Yes,33,Month-to-month,Fiber optic,Credit card (automatic),88.6,2888.7,Low
4163-HFTUK,No,0,0.0133662393056828,Male,0,No,No,51,One year,No,Electronic check,19.1,1007.8,Low
7009-PCARS,No,0,0.0066899430725992646,Male,0,No,Yes,55,One year,No,Bank transfer (automatic),19.1,1001.5,Low
0750-EBAIU,No,0,0.12479958232534254,Male,0,No,No,52,One year,Fiber optic,Electronic check,91.25,4738.3,Low
5989-AXPUC,No,0,0.05193974486309649,Female,0,Yes,No,68,Two year,Fiber optic,Mailed check,118.6,7990.05,Low
2061-VVFST,No,0,0.040455761630813346,Female,0,Yes,No,37,Month-to-month,No,Bank transfer (automatic),19.5,805.2,Low
6688-UZPWD,Yes,1,0.7403293173841554,Female,0,Yes,No,11,Month-to-month,Fiber optic,Electronic check,102.0,1145.35,High
4391-LNRXK,No,0,0.3803347490221399,Male,0,No,No,22,Month-to-month,Fiber optic,Bank transfer (automatic),94.95,2142.8,Medium
6267-DCFFZ,No,1,0.6077945240846472,Female,1,Yes,No,30,Month-to-month,Fiber optic,Electronic check,90.05,2627.2,High
4626-GYCZP,Yes,1,0.7626444281140743,Male,0,No,No,7,Month-to-month,Fiber optic,Electronic check,93.85,635.6,High
4367-NUYAO,No,0,0.07176123309505499,Male,0,Yes,Yes,0,Two year,No,Mailed check,25.75,0.0,Low
1121-QSIVB,No,0,0.12752286256848788,Female,0,No,Yes,44,One year,DSL,Mailed check,77.55,3471.1,Low
0637-KVDLV,Yes,1,0.7257662329180987,Male,0,No,No,2,Month-to-month,Fiber optic,Electronic check,76.5,162.45,High
0829-DDVLK,No,0,0.05936286152484493,Female,0,No,No,15,One year,No,Credit card (automatic),20.1,302.45,Low
7989-AWGEH,No,0,0.1278569305148889,Male,0,Yes,Yes,49,Month-to-month,DSL,Electronic check,39.2,1838.15,Low
4893-GYUJU,No,0,0.015756440062983754,Female,0,No,No,50,One year,No,Mailed check,19.35,1033.0,Low
2978-XXSOG,No,0,0.16652440536599228,Female,0,No,No,22,Month-to-month,DSL,Mailed check,59.05,1253.5,Low
6204-IEUXJ,Yes,0,0.3914789923002934,Female,0,No,No,3,Month-to-month,Fiber optic,Credit card (automatic),80.1,217.55,Medium
2165-VOEGB,Yes,0,0.11760808543752689,Female,0,No,Yes,46,One year,Fiber optic,Bank transfer (automatic),105.2,4822.85,Low
1550-LOAHA,Yes,0,0.31641810161129075,Female,0,Yes,No,32,Month-to-month,Fiber optic,Bank transfer (automatic),84.15,2585.95,Medium
5178-LMXOP,Yes,1,0.8330585760002299,Male,1,Yes,No,1,Month-to-month,Fiber optic,Electronic check,95.1,95.1,High
1410-RSCMR,No,0,0.2141565204415948,Male,0,Yes,Yes,7,Month-to-month,DSL,Credit card (automatic),71.35,515.75,Low
9897-KXHCM,Yes,1,0.6884765281275828,Female,0,Yes,Yes,3,Month-to-month,Fiber optic,Electronic check,80.3,250.05,High
9537-JALFH,No,0,0.0016906996854753676,Male,0,Yes,Yes,69,Two year,No,Bank transfer (automatic),19.9,1356.7,Low
7577-SWIFR,No,1,0.7483673008925382,Male,0,No,No,1,Month-to-month,Fiber optic,Electronic check,89.25,89.25,High
2239-CFOUJ,No,0,0.1024343290179269,Male,0,Yes,Yes,1,One year,No,Mailed check,20.4,20.4,Low
9938-TKDGL,No,0,0.04589951331700094,Male,0,Yes,Yes,68,Two year,Fiber optic,Electronic check,99.55,6668.0,Low
1136-XGEQU,No,0,0.07140064341376494,Female,0,Yes,Yes,50,One year,DSL,Credit card (automatic),84.15,4164.4,Low
3511-APPBJ,No,0,0.2960962482477657,Male,0,No,No,23,One year,Fiber optic,Credit card (automatic),99.95,2292.75,Low
0268-QKIWO,Yes,0,0.24070654459174332,Female,0,No,No,3,Month-to-month,No,Electronic check,19.75,58.85,Low
0661-KBKPA,No,0,0.065565015117598,Male,0,Yes,Yes,53,One year,DSL,Mailed check,78.75,3942.45,Low
0536-BGFMZ,No,0,0.061292135463193426,Female,0,Yes,No,28,Month-to-month,No,Mailed check,20.5,563.05,Low
8012-SOUDQ,No,1,0.5113976968495334,Female,1,No,No,43,Month-to-month,Fiber optic,Electronic check,90.25,3838.75,Medium
9555-SAHUZ,No,0,0.08192172804717879,Female,0,Yes,Yes,38,Month-to-month,DSL,Electronic check,54.5,2076.05,Low
3518-FSTWG,No,0,0.10139028180412472,Male,1,Yes,No,72,Two year,Fiber optic,Bank transfer (automatic),109.55,7920.7,Low
9500-WBGRP,No,0,0.002679009575420587,Male,0,No,No,69,Two year,No,Mailed check,19.1,1268.85,Low
0947-MUGVO,Yes,1,0.5490939097909008,Male,1,Yes,No,20,Month-to-month,Fiber optic,Electronic check,73.65,1463.5,Medium
8883-GRDWQ,No,0,0.06998617035635332,Male,1,No,No,20,One year,DSL,Mailed check,54.0,1055.9,Low
7861-UVUFT,Yes,1,0.6313772036382831,Female,0,Yes,No,15,Month-to-month,Fiber optic,Electronic check,84.3,1308.4,High
6350-XFYGW,No,1,0.7810514847005505,Male,1,No,No,4,Month-to-month,Fiber optic,Electronic check,94.75,422.4,High
8847-GEOOQ,No,0,0.10118173630124214,Male,0,Yes,No,60,Month-to-month,DSL,Bank transfer (automatic),60.2,3582.4,Low
7762-ONLJY,No,0,0.08473107633042756,Female,0,Yes,Yes,6,One year,No,Mailed check,19.7,94.45,Low
7274-RTAPZ,Yes,1,0.7491311878073974,Male,0,No,No,1,Month-to-month,Fiber optic,Electronic check,90.55,90.55,High
4716-MRVEN,No,0,0.03228416920477487,Female,0,No,No,29,One year,No,Mailed check,20.0,599.3,Low
3569-EDBPQ,No,0,0.37210519665306346,Female,0,No,No,24,Month-to-month,Fiber optic,Electronic check,84.35,1938.05,Medium
7197-VOJMM,No,0,0.008428602281520764,Male,0,Yes,No,67,Two year,DSL,Credit card (automatic),69.2,4671.65,Low
3703-TTEPD,No,0,0.17448764012664478,Male,0,No,No,21,Month-to-month,DSL,Bank transfer (automatic),65.35,1424.4,Low
0274-JKUJR,No,0,0.36548583452468875,Male,0,Yes,Yes,7,Month-to-month,DSL,Mailed check,58.85,465.7,Medium
0013-EXCHZ,Yes,1,0.5956868731194748,Female,1,Yes,No,3,Month-to-month,Fiber optic,Mailed check,83.9,267.4,Medium
9741-YLNTD,No,1,0.5760717038554908,Male,0,No,No,6,Month-to-month,Fiber optic,Bank transfer (automatic),87.95,522.35,Medium
6341-AEVKX,No,0,0.14583998833531153,Female,0,Yes,No,62,One year,Fiber optic,Electronic check,104.3,6613.65,Low
1038-RQOST,No,0,0.07712483175488927,Male,0,Yes,Yes,19,Month-to-month,No,Mailed check,20.6,414.95,Low
3363-EWLGO,No,0,0.17427736792862722,Female,0,No,No,5,Month-to-month,No,Mailed check,19.95,109.6,Low
2886-KEFUM,Yes,0,0.31365479674809793,Female,0,Yes,No,63,One year,Fiber optic,Electronic check,107.5,6873.75,Medium
3407-QGWLG,No,0,0.20916123672973932,Male,0,No,Yes,3,Month-to-month,No,Mailed check,20.05,75.45,Low
2796-NNUFI,No,0,0.008276259876715304,Female,0,Yes,Yes,46,Two year,No,Mailed check,19.95,927.1,Low
9227-LUNBG,Yes,1,0.5837233404824861,Female,0,No,No,1,Month-to-month,DSL,Electronic check,24.6,24.6,Medium
6194-HBGQN,No,0,0.042247376162932,Male,0,No,No,51,One year,DSL,Credit card (automatic),81.15,4126.2,Low
5930-GBIWP,No,0,0.012700120645454338,Male,0,No,No,69,Two year,DSL,Credit card (automatic),81.5,5553.25,Low
2947-DOMLJ,Yes,0,0.24014030698216837,Male,0,No,Yes,1,Month-to-month,DSL,Mailed check,50.6,50.6,Low
0784-ZQJZX,No,0,0.001345735636076878,Male,0,No,Yes,72,Two year,No,Credit card (automatic),19.9,1529.65,Low
2599-CIPQE,No,0,0.023650485291933213,Male,0,Yes,Yes,71,Two year,Fiber optic,Credit card (automatic),109.3,7782.85,Low
6689-KXGBO,Yes,0,0.4097699318269856,Female,0,No,No,1,Month-to-month,DSL,Electronic check,50.55,50.55,Medium
3401-URHDA,No,0,0.02128098143518904,Male,0,No,No,51,One year,DSL,Credit card (automatic),59.9,3043.6,Low
6762-NSODU,No,0,0.005443569360654209,Female,0,Yes,Yes,46,Two year,No,Credit card (automatic),19.4,958.15,Low
9518-RWHZL,Yes,0,0.21176055487394524,Female,0,No,No,64,One year,Fiber optic,Credit card (automatic),100.05,6254.2,Low
7449-HVPIV,No,0,0.27688386912410284,Male,0,Yes,Yes,55,Month-to-month,Fiber optic,Credit card (automatic),90.4,5099.15,Low
8774-GSBUN,No,0,0.0024671948283305134,Male,0,Yes,No,72,Two year,No,Mailed check,25.4,1797.1,Low
4724-WXVWF,No,0,0.2714873275942754,Male,0,No,No,48,Month-to-month,Fiber optic,Electronic check,95.4,4445.3,Low
1385-TQOZW,No,0,0.18146602191864522,Female,0,No,No,9,Month-to-month,No,Credit card (automatic),20.45,147.55,Low
9065-ZCPQX,No,0,0.008927687597830329,Male,0,Yes,No,72,Two year,DSL,Bank transfer (automatic),78.85,5763.15,Low
6859-QNXIQ,No,0,0.053120872064689524,Female,0,Yes,Yes,72,Two year,Fiber optic,Bank transfer (automatic),113.1,8248.5,Low
3488-PGMQJ,Yes,1,0.6484954848047304,Male,1,No,No,8,Month-to-month,Fiber optic,Electronic check,74.5,606.55,High
2828-SLQPF,No,0,0.26266890533818815,Male,0,No,No,19,Month-to-month,DSL,Bank transfer (automatic),45.0,865.85,Low
0489-WMEMG,No,0,0.11370592403825827,Female,0,No,Yes,23,One year,DSL,Electronic check,49.45,1119.35,Low
7486-KSRVI,Yes,0,0.29782286580160666,Male,0,No,No,43,One year,Fiber optic,Electronic check,100.0,4211.55,Low
3678-MNGZX,No,0,0.001803197425317379,Male,0,Yes,Yes,68,Two year,No,Bank transfer (automatic),19.95,1377.7,Low
9753-OYLBX,No,0,0.20584694493925246,Female,0,No,No,1,Month-to-month,No,Mailed check,20.5,20.5,Low
0584-BJQGZ,No,0,0.17164806889177875,Female,0,No,No,25,Month-to-month,DSL,Bank transfer (automatic),78.35,1837.9,Low
4320-QMLLA,No,0,0.32919663767132906,Male,0,No,No,7,Month-to-month,DSL,Mailed check,54.85,370.4,Medium
1304-BCCFO,No,0,0.4532052078408119,Male,0,Yes,No,9,Month-to-month,DSL,Mailed check,70.05,564.4,Medium
3258-SYSWS,No,0,0.046663933468405513,Male,1,No,No,72,Two year,Fiber optic,Bank transfer (automatic),113.8,7845.8,Low
7000-WCEVQ,Yes,0,0.4402301490614324,Female,1,No,No,20,Month-to-month,DSL,Mailed check,61.6,1174.35,Medium
1730-ZMAME,No,1,0.5633694724226587,Female,1,No,No,32,Month-to-month,Fiber optic,Electronic check,79.5,2665.0,Medium
4500-HKANN,No,0,0.03795724698823496,Male,0,Yes,Yes,23,Two year,DSL,Mailed check,59.7,1414.2,Low
9825-YCXWZ,No,0,0.26081418303928544,Female,1,No,No,41,One year,Fiber optic,Bank transfer (automatic),101.1,4016.2,Low
7952-OBOYL,No,1,0.5192323260106718,Male,0,No,No,3,Month-to-month,Fiber optic,Mailed check,89.85,244.45,Medium
0481-SUMCB,No,0,0.4143685042690745,Female,1,No,No,45,One year,Fiber optic,Bank transfer (automatic),102.15,4735.35,Medium
8280-MQRQN,Yes,0,0.4541615265136615,Female,0,No,No,1,Month-to-month,DSL,Mailed check,50.45,50.45,Medium
6770-XUAGN,Yes,0,0.3002858818885618,Female,0,Yes,Yes,1,Month-to-month,No,Electronic check,21.0,21.0,Medium
2005-DWQZJ,No,0,0.04060008112245979,Female,0,Yes,Yes,8,Two year,No,Mailed check,19.05,201.7,Low
1776-SPBWV,No,0,0.030555039337318356,Female,0,Yes,Yes,34,One year,No,Bank transfer (automatic),20.1,682.1,Low
7964-ZRKKG,No,0,0.12685242785693876,Male,0,Yes,No,67,One year,Fiber optic,Bank transfer (automatic),88.4,5798.3,Low
0869-PAPRP,No,0,0.49821558138800276,Female,1,Yes,No,26,Month-to-month,Fiber optic,Credit card (automatic),85.7,2067.0,Medium
1624-WOIWJ,Yes,0,0.4916191189897002,Female,0,No,No,10,Month-to-month,Fiber optic,Mailed check,84.7,832.05,Medium
4145-UQXUQ,Yes,1,0.7662563659217289,Female,1,No,No,8,Month-to-month,Fiber optic,Electronic check,92.1,729.95,High
7777-UNYHB,No,0,0.14085920555696171,Female,0,Yes,Yes,12,Month-to-month,No,Credit card (automatic),20.1,232.4,Low
4072-IPYLT,No,0,0.06687107061039785,Female,0,Yes,Yes,36,Month-to-month,DSL,Credit card (automatic),51.05,1815.0,Low
7382-DFJTU,No,0,0.1430160244815233,Male,0,No,No,18,Month-to-month,DSL,Credit card (automatic),55.2,1058.1,Low
5118-MUEYH,No,0,0.32904953139356213,Female,0,Yes,No,48,Month-to-month,Fiber optic,Credit card (automatic),105.1,5083.55,Medium
1354-YZFNB,No,0,0.042650583167951596,Male,0,Yes,Yes,4,Two year,No,Credit card (automatic),19.55,68.8,Low
0993-OSGPT,No,0,0.022769368650078118,Female,1,Yes,No,68,One year,DSL,Bank transfer (automatic),60.65,3975.9,Low
4030-VPZBD,Yes,1,0.5493720657673292,Female,0,No,No,2,Month-to-month,DSL,Electronic check,30.9,59.05,Medium
7251-LJBQN,No,0,0.3157903550178687,Female,1,No,No,40,One year,Fiber optic,Credit card (automatic),103.75,4188.4,Medium
6847-KJLTS,No,0,0.34965231208954195,Female,1,Yes,No,58,Month-to-month,Fiber optic,Bank transfer (automatic),100.4,5749.8,Medium
1628-BIZYP,No,1,0.6944452175952026,Male,0,No,No,1,Month-to-month,Fiber optic,Electronic check,85.0,85.0,High
2408-TZMJL,Yes,0,0.2440594680236951,Male,0,Yes,No,59,One year,Fiber optic,Electronic check,110.15,6448.05,Low
0112-QAWRZ,No,1,0.564095044901817,Male,0,Yes,Yes,16,Month-to-month,Fiber optic,Bank transfer (automatic),90.8,1442.2,Medium
8740-XLHDR,Yes,0,0.3097601095724945,Male,0,No,No,5,Month-to-month,DSL,Mailed check,43.25,219.0,Medium
7182-OVLBJ,No,0,0.09735000803367753,Female,0,Yes,Yes,62,Two year,Fiber optic,Bank transfer (automatic),101.15,6638.35,Low
8332-OSJDW,No,0,0.07895253910190408,Male,0,Yes,Yes,12,One year,No,Mailed check,26.4,314.95,Low
8626-XHBIE,No,0,0.006496348282786898,Male,0,No,Yes,56,Two year,No,Mailed check,24.8,1424.2,Low
2896-TBNBE,No,0,0.16459638808087065,Male,0,Yes,No,40,One year,Fiber optic,Electronic check,80.8,3132.75,Low
4430-UZIPO,Yes,0,0.4162476185319686,Male,0,No,No,3,Month-to-month,DSL,Mailed check,36.85,108.7,Medium
5389-FFVKB,Yes,0,0.4425155616165134,Male,1,Yes,No,32,Month-to-month,Fiber optic,Credit card (automatic),80.3,2483.05,Medium
5110-CHOPY,No,0,0.031759150984171626,Female,0,No,No,60,Two year,DSL,Electronic check,53.6,3237.05,Low
5196-SGOAK,Yes,1,0.662560619565667,Female,0,No,No,1,Month-to-month,Fiber optic,Electronic check,75.7,75.7,High
4853-RULSV,Yes,0,0.049740469487010205,Male,0,No,No,70,Two year,Fiber optic,Credit card (automatic),104.0,7250.15,Low
1360-XFJMR,No,0,0.1531339069081325,Female,0,Yes,No,67,One year,Fiber optic,Credit card (automatic),109.7,7344.45,Low
7560-QRBXH,No,0,0.010301584532971354,Female,0,No,Yes,48,One year,No,Mailed check,19.95,936.7,Low
4813-HQMGZ,No,1,0.654108938295118,Female,0,Yes,No,8,Month-to-month,Fiber optic,Electronic check,90.25,743.75,High
8348-JLBUG,No,0,0.05573857103660659,Male,1,Yes,No,64,One year,Fiber optic,Credit card (automatic),80.3,5017.7,Low
8807-ARQET,No,0,0.26122913237429896,Female,0,No,No,41,Month-to-month,DSL,Electronic check,40.35,1677.85,Low
5993-BQHEA,No,0,0.06540395439252766,Male,0,No,No,12,One year,No,Credit card (automatic),20.05,267.0,Low
0222-CNVPT,No,0,0.15095517927849902,Male,1,No,No,52,Month-to-month,DSL,Credit card (automatic),48.8,2555.05,Low
5692-ICXLW,No,1,0.5925164356528851,Male,1,No,No,31,Month-to-month,Fiber optic,Electronic check,90.7,2845.15,Medium
5893-KCLGT,No,0,0.0022172538813235933,Female,0,No,Yes,72,Two year,No,Mailed check,19.75,1567.0,Low
2680-XKKNJ,No,0,0.08495847706278868,Female,0,No,No,8,One year,DSL,Bank transfer (automatic),58.2,469.25,Low
0023-UYUPN,No,0,0.027236456366522048,Female,1,Yes,No,50,One year,No,Electronic check,25.2,1306.3,Low
2486-WYVVE,No,0,0.1591564799255766,Male,0,Yes,No,31,One year,DSL,Mailed check,79.3,2484.0,Low
0225-ZORZP,No,1,0.5989382341891338,Male,0,No,No,3,Month-to-month,Fiber optic,Electronic check,84.3,235.05,Medium
2277-VWCNI,No,0,0.45424537020931477,Female,1,No,No,4,Month-to-month,DSL,Mailed check,48.75,179.85,Medium
6393-WRYZE,Yes,1,0.6194688116908527,Female,0,Yes,No,34,Month-to-month,Fiber optic,Electronic check,97.65,3207.55,High
2205-YMZZJ,Yes,1,0.7647392070956359,Male,1,No,No,7,Month-to-month,Fiber optic,Electronic check,84.8,546.95,High
6726-WEXXK,No,0,0.3636116858837735,Male,1,Yes,No,27,One year,Fiber optic,Electronic check,85.9,2220.1,Medium
7269-JISCY,No,0,0.028805665806240097,Female,0,No,No,55,One year,DSL,Bank transfer (automatic),45.05,2462.6,Low
4067-HLYQI,No,0,0.34928840578407533,Female,0,No,No,33,Month-to-month,Fiber optic,Bank transfer (automatic),70.4,2406.1,Medium
5240-CAOYT,No,0,0.12442217425305906,Female,0,No,No,57,Month-to-month,Fiber optic,Bank transfer (automatic),87.55,4884.85,Low
7010-ZMVBF,No,0,0.08444724965100256,Female,0,Yes,Yes,18,Month-to-month,No,Mailed check,20.45,357.0,Low
8295-FHIVV,No,0,0.20341524980199646,Male,0,No,No,7,Month-to-month,No,Mailed check,19.4,168.65,Low
4868-AADLV,No,0,0.18725603920273098,Male,1,Yes,Yes,66,One year,Fiber optic,Electronic check,116.25,7862.25,Low
3982-XWFZQ,Yes,0,0.21072174041506558,Female,0,Yes,No,42,Month-to-month,DSL,Electronic check,50.25,2203.65,Low
4482-EWFMI,No,1,0.6818929971421435,Female,0,No,No,2,Month-to-month,Fiber optic,Electronic check,69.7,135.2,High
6485-QXWWE,No,0,0.0037372371653417204,Female,0,No,Yes,62,Two year,No,Bank transfer (automatic),26.0,1638.7,Low
5242-UOWHD,No,0,0.005856869911804263,Male,0,Yes,Yes,45,Two year,No,Mailed check,20.35,929.2,Low
5028-GZLDO,Yes,0,0.4926577670351692,Male,0,No,No,2,Month-to-month,Fiber optic,Credit card (automatic),70.7,140.7,Medium
7873-CVMAW,No,0,0.01105713538886858,Male,0,No,No,72,Two year,DSL,Credit card (automatic),88.55,6362.35,Low
2472-OVKUP,Yes,1,0.6678675527579498,Male,0,Yes,No,6,Month-to-month,Fiber optic,Electronic check,91.0,531.0,High
9830-ECLEN,No,0,0.027872248389788433,Male,0,Yes,Yes,58,One year,DSL,Mailed check,50.0,2919.85,Low
3466-BYAVD,No,0,0.22034281202785208,Male,0,Yes,Yes,15,Month-to-month,DSL,Mailed check,69.5,1071.4,Low
7982-VCELR,No,0,0.421541597623247,Female,0,No,No,36,Month-to-month,Fiber optic,Credit card (automatic),94.8,3565.65,Medium
5906-DVAPM,No,0,0.03128537682955025,Female,0,Yes,Yes,55,One year,DSL,Credit card (automatic),75.0,4213.9,Low
7968-QUXNS,No,0,0.1577184873536268,Male,0,No,No,6,Month-to-month,No,Mailed check,18.95,110.15,Low
2056-EVGZL,No,0,0.06877670673060818,Male,0,Yes,Yes,68,One year,Fiber optic,Credit card (automatic),105.75,7322.5,Low
7398-LXGYX,No,0,0.24360883390422464,Male,0,Yes,No,44,Month-to-month,Fiber optic,Credit card (automatic),84.8,3626.35,Low
3544-FBCAS,No,0,0.019479125945362136,Female,0,Yes,Yes,72,Two year,DSL,Credit card (automatic),83.6,5959.3,Low
6786-OBWQR,No,1,0.6563020692570386,Female,0,Yes,Yes,5,Month-to-month,Fiber optic,Electronic check,80.85,356.1,High
7833-PKIHD,No,0,0.040596222985918466,Male,0,Yes,Yes,51,One year,DSL,Bank transfer (automatic),76.4,3966.3,Low
3537-HPKQT,No,0,0.21812214664522472,Female,0,Yes,No,55,Month-to-month,Fiber optic,Credit card (automatic),77.75,4266.4,Low
0807-ZABDG,Yes,0,0.21856193602048352,Female,0,No,Yes,3,Month-to-month,DSL,Mailed check,55.1,154.65,Low
7554-NEWDD,No,0,0.05233994173692792,Male,0,No,No,10,Two year,No,Bank transfer (automatic),25.7,251.6,Low
9372-TXXPS,No,0,0.005879264118322093,Female,0,Yes,No,60,Two year,DSL,Bank transfer (automatic),59.85,3483.45,Low
6704-UTUKK,No,0,0.4442482834623709,Male,0,Yes,No,29,Month-to-month,DSL,Electronic check,45.9,1332.4,Medium
2789-HQBOU,No,1,0.7085868224769795,Male,0,No,No,3,Month-to-month,Fiber optic,Electronic check,80.35,253.8,High
7898-PDWQE,No,0,0.008568632685206308,Male,0,Yes,No,71,Two year,DSL,Credit card (automatic),80.4,5727.15,Low
7407-SUJIZ,No,0,0.06680960611480957,Male,0,No,No,25,Month-to-month,No,Mailed check,20.6,541.5,Low
9814-AOUDH,No,0,0.004111196840199725,Male,0,No,No,53,Two year,No,Credit card (automatic),19.5,1050.5,Low
5649-ANRML,Yes,1,0.5523519226829131,Male,1,No,No,2,Month-to-month,Fiber optic,Credit card (automatic),95.1,180.25,Medium
0946-CLJTI,Yes,1,0.5214892082523308,Male,1,Yes,No,58,Month-to-month,Fiber optic,Electronic check,98.7,5812.6,Medium
2024-BASKD,Yes,1,0.6233854609055263,Female,0,No,No,1,Month-to-month,Fiber optic,Mailed check,74.6,74.6,High
7096-UCLNH,No,0,0.1961213992126883,Male,0,No,No,1,Month-to-month,No,Mailed check,20.05,20.05,Low
9909-DFRJA,No,0,0.19566096784959916,Female,0,No,No,26,One year,Fiber optic,Bank transfer (automatic),95.85,2475.35,Low
0074-HDKDG,No,0,0.08270058125524425,Male,0,Yes,Yes,25,One year,DSL,Bank transfer (automatic),61.6,1611.0,Low
7526-IVLYU,No,0,0.2379536404154662,Male,0,No,No,3,Month-to-month,No,Mailed check,19.65,68.35,Low
9691-HKOVS,No,0,0.08001350534346995,Female,0,Yes,No,55,One year,DSL,Electronic check,90.15,4916.95,Low
0096-FCPUF,No,0,0.2166929321850049,Male,0,No,No,30,Month-to-month,DSL,Mailed check,64.5,1888.45,Low
2330-PQGDQ,No,0,0.0712259521771279,Male,0,Yes,Yes,51,One year,Fiber optic,Bank transfer (automatic),84.2,4299.75,Low
4188-PCPIG,No,0,0.01260795514941704,Female,0,Yes,No,57,Two year,DSL,Credit card (automatic),70.35,4124.65,Low
0289-IVARM,No,0,0.10856076392909467,Female,0,No,No,35,Month-to-month,DSL,Electronic check,60.55,1982.6,Low
9050-QLROH,Yes,1,0.578223203307806,Male,0,No,No,18,Month-to-month,Fiber optic,Credit card (automatic),90.7,1597.25,Medium
7854-EDSSA,Yes,0,0.1985002665682377,Male,0,No,No,22,Month-to-month,DSL,Electronic check,59.0,1254.7,Low
7996-BPXHY,No,0,0.05774176280315228,Female,0,Yes,Yes,13,Two year,No,Bank transfer (automatic),25.0,332.5,Low
7246-ZGQDF,No,0,0.2257605571836327,Female,0,No,Yes,1,Month-to-month,DSL,Electronic check,54.5,54.5,Low
7096-ZNBZI,No,0,0.0025102033201391248,Female,0,Yes,No,72,Two year,No,Credit card (automatic),26.45,1914.5,Low
0816-TSPHQ,No,0,0.18859830837690478,Male,0,No,No,2,Month-to-month,No,Mailed check,20.75,44.2,Low
2984-AFWNC,No,1,0.6504515993491627,Female,0,No,No,3,Month-to-month,Fiber optic,Electronic check,95.4,293.15,High
3580-HYCSP,No,0,0.0707158201035466,Male,0,Yes,Yes,72,Two year,Fiber optic,Bank transfer (automatic),110.3,7966.9,Low
0230-UBYPQ,No,0,0.0167288993512898,Male,1,Yes,No,63,One year,DSL,Bank transfer (automatic),36.1,2298.9,Low
3694-GLTJM,No,0,0.21511496715212094,Female,0,No,No,5,Month-to-month,No,Credit card (automatic),19.65,92.05,Low
1389-WNUIB,No,0,0.15522223165089777,Female,0,Yes,Yes,20,One year,DSL,Bank transfer (automatic),76.0,1588.75,Low
2931-SVLTV,No,0,0.2592860393541476,Male,0,Yes,Yes,40,Month-to-month,Fiber optic,Credit card (automatic),110.1,4469.1,Low
9593-CVZKR,No,0,0.006911004876762801,Female,0,Yes,Yes,56,Two year,No,Mailed check,24.45,1385.85,Low
7088-FBAWU,No,0,0.19301703379169866,Female,0,Yes,Yes,17,Month-to-month,DSL,Mailed check,74.55,1215.8,Low
3130-ICDUP,No,0,0.43777536083097374,Female,0,No,Yes,2,Month-to-month,Fiber optic,Credit card (automatic),80.55,188.1,Medium
4508-OEBEY,No,0,0.06487506971267933,Male,0,Yes,No,31,One year,DSL,Credit card (automatic),75.5,2424.45,Low
6693-DJWTY,No,0,0.036607794439935996,Female,0,No,Yes,35,One year,DSL,Credit card (automatic),55.6,2016.45,Low
6407-UTSLV,No,1,0.6733552739149674,Female,1,No,No,2,Month-to-month,Fiber optic,Bank transfer (automatic),83.8,163.7,High
4106-HADHQ,Yes,0,0.041249788204928785,Male,0,Yes,Yes,39,One year,DSL,Credit card (automatic),80.0,3182.95,Low
9334-GWGOW,No,1,0.7381045615934965,Male,1,Yes,No,7,Month-to-month,Fiber optic,Electronic check,74.85,485.25,High
7779-LGOVN,Yes,1,0.7662334340278315,Male,1,Yes,No,10,Month-to-month,Fiber optic,Electronic check,86.65,856.65,High
8065-QBYTO,No,0,0.08601271042370146,Female,1,No,No,71,One year,Fiber optic,Credit card (automatic),99.65,7181.25,Low
7064-JHXCE,No,0,0.0022455085641368056,Male,0,Yes,Yes,62,Two year,No,Credit card (automatic),20.05,1263.9,Low
6319-IEJWJ,Yes,1,0.5896038814657776,Male,0,Yes,Yes,20,Month-to-month,Fiber optic,Electronic check,90.2,1776.55,Medium
2252-JHJGE,No,0,0.18087116789141744,Male,0,No,No,61,One year,Fiber optic,Electronic check,104.0,6363.45,Low
9135-HSWOC,No,0,0.003113233704057719,Male,0,Yes,Yes,64,Two year,No,Bank transfer (automatic),19.7,1274.05,Low
8699-ASUFO,Yes,1,0.6771633861990722,Male,1,Yes,No,7,Month-to-month,Fiber optic,Mailed check,74.4,527.9,High
0867-LDTTC,No,0,0.30839766411285324,Male,0,No,No,5,Month-to-month,DSL,Bank transfer (automatic),75.15,392.65,Medium
7841-TZDMQ,Yes,0,0.4061371122164428,Male,0,No,No,2,Month-to-month,DSL,Credit card (automatic),46.0,84.5,Medium
8591-TKMZH,No,0,0.061520777768775736,Male,0,Yes,Yes,59,Two year,Fiber optic,Mailed check,111.1,6555.2,Low
5175-WLYXL,No,0,0.45421971735467254,Male,0,No,No,22,Month-to-month,Fiber optic,Mailed check,78.85,1600.25,Medium
9490-DFPMD,Yes,1,0.5348546800943056,Female,1,No,No,42,Month-to-month,Fiber optic,Electronic check,84.65,3541.35,Medium
6060-QBMGV,No,0,0.001764419959080636,Male,0,Yes,No,70,Two year,No,Credit card (automatic),19.85,1433.8,Low
1508-DFXCU,No,1,0.6247736601274244,Male,0,No,No,12,Month-to-month,Fiber optic,Electronic check,81.45,912.0,High
5456-ITGIC,No,0,0.01643854225162532,Male,1,Yes,No,72,Two year,DSL,Credit card (automatic),64.45,4641.1,Low
4139-SUGLD,Yes,0,0.08280611110206389,Male,0,Yes,Yes,31,Month-to-month,DSL,Bank transfer (automatic),35.4,1077.5,Low
6169-PGNCD,No,0,0.012657019597063005,Female,0,No,No,57,Two year,DSL,Credit card (automatic),74.3,4166.35,Low
3653-NCRDJ,No,0,0.01760199650011539,Male,0,Yes,Yes,43,One year,No,Mailed check,19.2,776.25,Low
3874-EQOEP,Yes,1,0.6272889769320384,Male,0,No,No,7,Month-to-month,Fiber optic,Mailed check,95.0,655.5,High
7838-LAZFO,No,0,0.05780027034862286,Male,0,Yes,No,45,One year,DSL,Bank transfer (automatic),78.8,3597.5,Low
4698-KVLLG,No,0,0.006063489984523255,Female,1,No,No,51,Two year,No,Credit card (automatic),19.6,967.9,Low
9169-BSVIN,No,0,0.4066604335392144,Male,0,No,No,12,Month-to-month,DSL,Bank transfer (automatic),74.75,827.05,Medium
8547-NSBBO,No,0,0.2340488192565027,Male,0,No,No,35,Month-to-month,Fiber optic,Mailed check,96.75,3403.4,Low
1090-ESELR,No,0,0.023078789830744566,Male,0,Yes,Yes,72,Two year,Fiber optic,Bank transfer (automatic),105.5,7611.55,Low
3813-DHBBB,No,0,0.011624865136510992,Male,0,Yes,No,67,Two year,DSL,Bank transfer (automatic),50.95,3521.7,Low
0506-YLVKJ,No,0,0.007786814746094439,Male,0,Yes,Yes,46,Two year,No,Mailed check,20.2,917.45,Low
7252-NTGSS,No,0,0.3670195855342346,Female,0,No,No,1,Month-to-month,DSL,Mailed check,45.15,45.15,Medium
3486-NPGST,No,0,0.021877811089040383,Female,0,No,No,36,One year,No,Mailed check,19.55,620.75,Low
2530-FMFXO,No,0,0.12543018998735486,Male,0,Yes,Yes,56,Two year,Fiber optic,Electronic check,103.2,5873.75,Low
2072-ZVJJX,No,0,0.0030757585175660374,Male,0,Yes,No,68,Two year,No,Bank transfer (automatic),25.25,1728.2,Low
9839-ETQOE,No,0,0.13162819062770106,Male,0,No,Yes,43,Month-to-month,DSL,Electronic check,40.45,1912.85,Low
6516-NKQBO,No,0,0.021581138220276193,Male,0,Yes,Yes,38,Two year,DSL,Credit card (automatic),81.0,3084.9,Low
4104-PVRPS,No,0,0.08654091557490905,Male,0,Yes,No,24,Month-to-month,DSL,Mailed check,53.6,1315.35,Low
4583-PARNH,No,1,0.5889953038078718,Male,1,Yes,No,16,Month-to-month,Fiber optic,Electronic check,91.55,1540.05,Medium
6557-BZXLQ,No,1,0.5166062724204087,Male,1,No,No,16,Month-to-month,Fiber optic,Electronic check,69.65,1043.3,Medium
8947-YRTDV,No,0,0.13967049248887328,Male,0,Yes,Yes,32,One year,Fiber optic,Mailed check,94.8,3131.55,Low
9444-JTXHZ,Yes,1,0.6045332649060814,Male,0,Yes,No,1,Month-to-month,Fiber optic,Electronic check,76.2,76.2,High
9548-LERKT,No,0,0.02005027657467071,Male,0,Yes,No,24,Two year,No,Mailed check,19.75,483.15,Low
8160-HOWOX,No,1,0.5598843296098752,Female,0,No,No,7,Month-to-month,DSL,Electronic check,66.85,458.1,Medium
6862-CQUMB,No,0,0.40018589829537665,Male,0,No,No,37,Month-to-month,Fiber optic,Credit card (automatic),96.1,3646.8,Medium
8565-CLBZW,Yes,1,0.5394523174672079,Male,0,No,No,24,Month-to-month,Fiber optic,Mailed check,89.85,2165.05,Medium
1498-NHTLT,No,0,0.02254968712014387,Male,0,Yes,Yes,59,Two year,DSL,Electronic check,86.75,5186.0,Low
2359-KMGLI,Yes,1,0.5231894324478279,Male,0,No,No,24,Month-to-month,Fiber optic,Electronic check,80.25,1861.5,Medium
9350-ZXYJC,No,0,0.09309487051445112,Female,0,No,No,4,Two year,No,Credit card (automatic),25.3,116.95,Low
3269-ATYWD,Yes,1,0.5579671459400556,Male,1,No,No,39,Month-to-month,Fiber optic,Bank transfer (automatic),95.65,3759.05,Medium
8336-TAVKX,No,0,0.011707575081015343,Female,1,Yes,No,72,Two year,DSL,Bank transfer (automatic),78.45,5682.25,Low
9529-OFXHY,No,1,0.5018130811045945,Male,0,No,No,15,Month-to-month,Fiber optic,Bank transfer (automatic),87.75,1242.2,Medium
7552-KEYGT,No,0,0.017283677502269855,Male,0,Yes,No,27,Two year,No,Bank transfer (automatic),19.55,520.55,Low
5027-YOCXN,No,0,0.09402450231346327,Male,0,Yes,Yes,51,One year,Fiber optic,Credit card (automatic),110.05,5686.4,Low
4840-ORQXB,No,0,0.4447482258166812,Female,1,No,No,56,Month-to-month,Fiber optic,Electronic check,104.75,5841.35,Medium
9600-UDOPK,Yes,1,0.5387526990004613,Male,0,Yes,No,30,Month-to-month,Fiber optic,Credit card (automatic),94.05,2866.45,Medium
7343-EOBEU,No,0,0.29151111073846747,Male,0,Yes,No,3,Month-to-month,No,Mailed check,23.6,89.05,Low
3926-YZVVX,No,0,0.036018151858022,Female,0,No,No,41,One year,DSL,Bank transfer (automatic),50.05,2029.05,Low
2987-BJXIK,No,0,0.01975913478502564,Female,0,No,No,70,Two year,DSL,Mailed check,84.7,5991.05,Low
2294-DMMUS,No,0,0.11491043016137766,Female,0,Yes,Yes,62,Month-to-month,DSL,Credit card (automatic),70.45,4300.45,Low
5575-TPIZQ,No,0,0.27990348826685096,Male,0,No,No,46,Month-to-month,Fiber optic,Credit card (automatic),89.15,4245.55,Low
6776-TLWOI,Yes,0,0.1804572510374522,Male,0,No,No,3,Month-to-month,No,Mailed check,19.85,64.55,Low
3318-OSATS,Yes,1,0.6618538662749147,Male,1,No,No,35,Month-to-month,Fiber optic,Electronic check,95.45,3474.05,High
5493-SDRDQ,Yes,0,0.3399081504232129,Male,0,No,No,2,Month-to-month,DSL,Mailed check,55.1,113.35,Medium
6856-RAURS,No,1,0.6709322101891639,Female,0,No,No,2,Month-to-month,Fiber optic,Mailed check,74.9,136.05,High
4393-OBCRR,No,0,0.11321063616141216,Female,0,No,No,3,One year,No,Mailed check,20.25,71.2,Low
1400-MMYXY,Yes,1,0.809710105048254,Male,1,Yes,No,3,Month-to-month,Fiber optic,Electronic check,105.9,334.65,High
8225-BTJAU,Yes,1,0.7085685121090671,Male,1,No,No,10,Month-to-month,Fiber optic,Electronic check,79.25,793.55,High
7825-GKXMW,Yes,0,0.44135396147025147,Female,0,No,No,1,Month-to-month,DSL,Electronic check,45.8,45.8,Medium
3795-GWTRD,No,0,0.006464987890958806,Female,0,Yes,Yes,63,Two year,DSL,Credit card (automatic),75.55,4707.85,Low
8705-WZCYL,No,1,0.5126843519573472,Male,0,No,No,1,Month-to-month,DSL,Electronic check,44.8,44.8,Medium
9103-TCIHJ,Yes,0,0.2962643434051476,Female,0,No,No,15,Month-to-month,DSL,Mailed check,55.7,899.8,Low
0786-IVLAW,No,0,0.2206696346661834,Female,1,No,No,66,One year,Fiber optic,Bank transfer (automatic),108.1,7238.6,Low
5276-KQWHG,Yes,1,0.7314559199612984,Female,1,No,No,2,Month-to-month,Fiber optic,Electronic check,69.6,131.65,High
6563-VNPMN,No,0,0.16711306538265272,Female,1,No,No,45,Month-to-month,Fiber optic,Bank transfer (automatic),85.7,3778.1,Low
4694-PHWFW,No,0,0.13242954490105902,Female,0,No,Yes,8,Month-to-month,No,Mailed check,19.95,170.9,Low
3737-GCSPV,Yes,0,0.4451737242338315,Female,0,Yes,No,11,Month-to-month,Fiber optic,Credit card (automatic),96.2,1222.05,Medium
9867-XOBQA,No,0,0.0450471189656478,Female,0,No,Yes,21,Two year,DSL,Mailed check,53.15,1183.2,Low
8746-OQQRW,No,0,0.2138257394488098,Male,0,No,No,4,Month-to-month,No,Mailed check,25.25,101.9,Low
8640-SDGKB,Yes,0,0.466066195697869,Male,0,No,No,4,Month-to-month,DSL,Electronic check,74.4,299.7,Medium
2804-ETQDK,No,0,0.001960414687700506,Male,0,No,Yes,66,Two year,No,Mailed check,20.55,1357.1,Low
1699-UOTXU,No,0,0.012102218134313239,Male,0,No,No,60,Two year,DSL,Electronic check,61.4,3638.25,Low
7811-JIVPF,No,0,0.17223851531114023,Female,0,No,No,23,Month-to-month,DSL,Credit card (automatic),49.7,1081.25,Low
1216-BGTSP,No,0,0.28971079814052747,Male,0,No,No,45,Month-to-month,Fiber optic,Credit card (automatic),108.45,4964.7,Low
0533-BNWKF,Yes,0,0.3914666222248773,Female,1,Yes,No,55,Month-to-month,Fiber optic,Electronic check,85.45,4874.7,Medium
4660-IRIBM,No,0,0.3782240771376383,Male,0,Yes,Yes,18,Month-to-month,Fiber optic,Mailed check,87.9,1500.5,Medium
3831-YCPUO,No,0,0.033975248155370535,Female,0,Yes,Yes,72,Two year,Fiber optic,Credit card (automatic),109.5,7854.9,Low
5480-XTFFL,No,0,0.012936893539421996,Female,0,Yes,Yes,31,Two year,No,Mailed check,21.0,697.7,Low
6173-GOLSU,No,0,0.3212200254534399,Male,1,Yes,No,67,Month-to-month,Fiber optic,Credit card (automatic),94.65,6079.0,Medium
2834-JRTUA,Yes,0,0.07415039244564874,Male,0,No,No,71,Two year,Fiber optic,Electronic check,108.05,7532.15,Low
7901-HXJVA,No,0,0.4948334781729093,Male,0,No,No,14,Month-to-month,Fiber optic,Electronic check,76.45,1117.55,Medium
1360-JYXKQ,No,0,0.2597035533946534,Female,1,Yes,No,54,One year,Fiber optic,Electronic check,99.1,5437.1,Low
4304-XUMGI,No,0,0.040363495485697266,Male,1,Yes,Yes,50,Two year,DSL,Bank transfer (automatic),75.15,3822.45,Low
4482-FTFFX,No,0,0.2922681863295266,Male,0,No,No,5,Month-to-month,DSL,Electronic check,56.15,291.45,Low
7130-CTCUS,No,0,0.24475535909237808,Male,1,Yes,No,16,Month-to-month,DSL,Bank transfer (automatic),54.55,825.1,Low
1936-UAFEH,No,0,0.03764653156693955,Female,0,No,No,68,Two year,Fiber optic,Credit card (automatic),110.25,7279.35,Low
5651-CPDND,No,0,0.272052199770823,Male,0,No,No,10,Month-to-month,DSL,Mailed check,46.0,492.1,Low
7721-DVEKZ,No,0,0.20541326386145398,Female,0,No,No,1,Month-to-month,No,Mailed check,19.65,19.65,Low
1834-WULEG,No,0,0.03317439662962293,Male,0,Yes,Yes,24,One year,No,Mailed check,20.25,439.75,Low
2669-OIDSD,No,0,0.2877361823391109,Female,0,Yes,No,48,Month-to-month,Fiber optic,Credit card (automatic),100.05,4834.0,Low
7017-VFULY,No,0,0.2018431338227178,Female,0,Yes,No,2,Month-to-month,No,Bank transfer (automatic),20.1,43.15,Low
4821-WQOYN,No,0,0.0019304476084333491,Female,0,Yes,Yes,72,Two year,No,Credit card (automatic),20.1,1326.25,Low
6627-CFOSN,No,0,0.23629855466826602,Female,0,No,No,59,Month-to-month,Fiber optic,Bank transfer (automatic),99.45,5623.7,Low
7139-JZFVG,No,0,0.007870781056502936,Male,0,Yes,Yes,60,Two year,DSL,Bank transfer (automatic),60.5,3694.45,Low
9701-CDXHR,No,0,0.16434468040496036,Female,0,Yes,No,51,Month-to-month,Fiber optic,Mailed check,69.15,3649.6,Low
3913-RDSJZ,No,0,0.004049881536455703,Female,0,Yes,No,64,Two year,No,Mailed check,25.55,1714.95,Low
8975-SKGRX,No,0,0.0638744056776634,Male,0,Yes,No,71,Two year,Fiber optic,Bank transfer (automatic),116.1,8310.55,Low
6993-YGFJV,No,0,0.060924592746559376,Male,0,Yes,No,69,Two year,Fiber optic,Bank transfer (automatic),112.55,7806.5,Low
9026-LHEVG,No,1,0.5141207125805947,Female,0,No,No,9,Month-to-month,DSL,Electronic check,40.75,359.4,Medium
9330-IJWIO,Yes,1,0.673962816518906,Female,0,No,No,13,Month-to-month,Fiber optic,Electronic check,100.35,1358.85,High
9306-CPCBC,Yes,1,0.7277085664193184,Female,0,No,No,3,Month-to-month,Fiber optic,Electronic check,74.25,210.3,High
4338-EYCER,No,0,0.22068907492976905,Male,0,Yes,No,21,Month-to-month,DSL,Bank transfer (automatic),54.6,1125.2,Low
7435-ZNUYY,No,0,0.0931202828130582,Male,0,No,No,6,One year,No,Mailed check,20.6,116.6,Low
1106-HRLKZ,No,0,0.007508174602985639,Male,0,Yes,Yes,40,Two year,No,Mailed check,19.6,808.95,Low
3174-AKMAS,No,0,0.024326662672136727,Female,0,Yes,No,46,Two year,DSL,Credit card (automatic),64.2,3009.5,Low
4220-TINQT,No,0,0.3974464326225998,Female,0,Yes,No,61,Month-to-month,Fiber optic,Electronic check,106.35,6751.35,Medium
7011-CVEUC,No,0,0.3975228552306063,Male,0,Yes,No,25,Month-to-month,Fiber optic,Credit card (automatic),95.7,2338.35,Medium
7284-ZZLOH,No,0,0.014758841375628379,Male,0,Yes,No,45,Two year,DSL,Credit card (automatic),53.3,2296.25,Low
1120-BMWUB,Yes,0,0.198024834535587,Female,0,No,No,16,Month-to-month,DSL,Mailed check,53.9,834.15,Low
1488-PBLJN,No,0,0.057377095965176546,Female,0,Yes,Yes,72,Two year,Fiber optic,Bank transfer (automatic),116.85,8477.7,Low
3055-MJDSB,No,0,0.47714513710619866,Male,0,No,No,9,Month-to-month,DSL,Mailed check,24.6,190.1,Medium
1958-RNRKS,No,0,0.21910458161094756,Male,0,Yes,No,30,Month-to-month,DSL,Electronic check,49.9,1441.95,Low
0337-CNPZE,Yes,1,0.5806081296670789,Female,0,No,No,41,Month-to-month,Fiber optic,Electronic check,106.3,4443.45,Medium
5701-SVCWR,No,0,0.21990096566039544,Female,0,No,Yes,1,Month-to-month,No,Mailed check,24.0,24.0,Low
3221-CJMSG,No,0,0.15046743029986398,Male,0,No,No,24,Month-to-month,DSL,Credit card (automatic),51.1,1269.6,Low
1641-RQDAY,No,1,0.6321331501532853,Female,1,Yes,Yes,32,Month-to-month,Fiber optic,Electronic check,100.4,3217.65,High
1271-UODNO,No,0,0.03336061219223992,Male,0,No,No,39,Two year,DSL,Credit card (automatic),53.85,2200.7,Low
5129-HHMZC,No,0,0.026453671616760092,Female,0,Yes,No,43,Two year,DSL,Credit card (automatic),86.45,3574.5,Low
2809-ILCYT,No,0,0.07578532711922208,Female,0,Yes,No,25,One year,No,Mailed check,26.8,733.55,Low
2259-OUUSZ,No,0,0.25378360452288545,Male,0,No,No,7,One year,DSL,Credit card (automatic),35.5,249.55,Low
8338-QIUNR,No,0,0.0067951268085525715,Male,0,Yes,Yes,72,Two year,DSL,Credit card (automatic),66.5,4811.6,Low
5016-IBERQ,No,0,0.4646044563714222,Male,0,Yes,No,23,Month-to-month,Fiber optic,Electronic check,84.25,1968.1,Medium
6897-UUBNU,No,0,0.23506630474706044,Male,0,No,No,29,Month-to-month,Fiber optic,Mailed check,89.65,2623.65,Low
0248-IPDFW,No,1,0.5911735162796719,Female,0,No,No,1,Month-to-month,DSL,Electronic check,50.1,50.1,Medium
2694-CIUMO,No,0,0.4653338540303862,Female,0,No,No,12,Month-to-month,Fiber optic,Credit card (automatic),79.55,958.25,Medium
2074-GUHPQ,No,0,0.3720643694430756,Female,0,No,Yes,17,Month-to-month,Fiber optic,Credit card (automatic),92.7,1556.85,Medium
8118-TJAFG,No,1,0.5394333975588428,Male,0,Yes,Yes,9,Month-to-month,Fiber optic,Electronic check,101.5,906.85,Medium
1599-MMYRQ,No,0,0.05102630724395893,Male,0,Yes,Yes,62,One year,Fiber optic,Credit card (automatic),81.45,4983.05,Low
6397-JNZZG,Yes,0,0.2176307911638413,Female,1,Yes,No,43,Month-to-month,DSL,Credit card (automatic),55.55,2342.2,Low
1796-JANOW,No,0,0.19716566254214876,Female,0,No,No,2,Month-to-month,No,Mailed check,19.95,38.15,Low
9738-QLWTP,No,0,0.13382439543439628,Male,0,No,No,39,One year,Fiber optic,Electronic check,81.9,3219.75,Low
6400-BWQKW,Yes,1,0.6217547364794966,Female,0,No,No,6,Month-to-month,Fiber optic,Electronic check,79.05,434.5,High
2883-ILGWO,No,0,0.32774555459291915,Male,1,No,No,57,Month-to-month,Fiber optic,Bank transfer (automatic),104.9,5913.95,Medium
7569-NMZYQ,No,0,0.06103550220128012,Female,0,Yes,Yes,72,Two year,Fiber optic,Bank transfer (automatic),118.75,8672.45,Low
9898-KZQDZ,Yes,0,0.4871186624669047,Female,1,Yes,Yes,40,Month-to-month,Fiber optic,Credit card (automatic),94.55,3640.45,Medium
5995-SNNEW,No,1,0.7026117992067992,Male,1,Yes,No,23,Month-to-month,Fiber optic,Electronic check,104.45,2184.85,High
9332-GYWLO,No,0,0.39041330649218864,Female,0,Yes,Yes,6,Month-to-month,DSL,Electronic check,54.85,355.1,Medium
9124-LHCJQ,Yes,1,0.7232549008801267,Female,0,No,No,1,Month-to-month,Fiber optic,Mailed check,85.45,85.45,High
4644-OBGFZ,No,0,0.00678025817103168,Male,0,Yes,Yes,55,One year,No,Mailed check,19.5,1026.35,Low
3014-WJKSM,No,0,0.36335132975525336,Male,0,Yes,No,29,Month-to-month,Fiber optic,Credit card (automatic),75.3,2263.4,Medium
8513-OLYGY,No,0,0.039999395987223504,Male,0,Yes,No,72,Two year,Fiber optic,Credit card (automatic),115.8,8332.15,Low
0754-UKWQP,Yes,1,0.7465152240584713,Male,0,No,No,2,Month-to-month,Fiber optic,Electronic check,95.85,197.7,High
9371-BITHB,No,0,0.0043297793427575166,Female,0,Yes,Yes,52,Two year,No,Mailed check,19.85,1070.5,Low
8380-MQINP,No,0,0.003656327836597799,Female,0,Yes,Yes,55,Two year,No,Mailed check,20.3,1079.05,Low
8974-OVACP,No,0,0.2056682882809734,Female,0,No,No,1,Month-to-month,No,Mailed check,20.15,20.15,Low
8108-UXRQN,No,0,0.43512922796167186,Female,0,Yes,Yes,11,Month-to-month,DSL,Electronic check,50.55,565.35,Medium
9965-YOKZB,Yes,1,0.7686251235567323,Male,1,No,No,9,Month-to-month,Fiber optic,Electronic check,83.85,790.15,High
9259-PACGQ,Yes,0,0.10453078326009088,Female,0,Yes,No,34,Month-to-month,DSL,Electronic check,62.65,2274.9,Low
8263-QMNTJ,No,0,0.0822095862865738,Male,0,Yes,No,72,Two year,Fiber optic,Electronic check,115.55,8425.3,Low
6394-HHHZM,No,0,0.18048783104056026,Male,0,No,No,3,Month-to-month,No,Mailed check,20.7,57.5,Low
7339-POGZN,No,0,0.47480006721617446,Female,0,No,No,4,Month-to-month,DSL,Electronic check,50.7,214.55,Medium
9079-YEXQJ,Yes,0,0.3241862149331936,Female,0,No,No,54,Month-to-month,Fiber optic,Electronic check,111.1,6014.85,Medium
7813-TKCVO,No,0,0.0508677463591109,Female,0,Yes,No,20,One year,No,Mailed check,20.35,393.15,Low
9800-OUIGR,No,0,0.0018438277704654175,Male,0,Yes,Yes,66,Two year,No,Credit card (automatic),20.0,1374.2,Low
4237-RLAQD,Yes,0,0.43701212958572616,Male,0,No,No,1,Month-to-month,DSL,Mailed check,45.85,45.85,Medium
7398-HPYZQ,No,0,0.013273182918511824,Male,0,Yes,No,71,Two year,DSL,Bank transfer (automatic),90.55,6404.0,Low
0130-SXOUN,No,0,0.16826339471404078,Male,0,No,No,66,Month-to-month,Fiber optic,Credit card (automatic),89.4,5976.9,Low
5353-WILCI,No,0,0.1357039790113996,Female,0,No,No,28,Month-to-month,DSL,Electronic check,56.05,1522.65,Low
9308-ANMVE,No,0,0.07709074844124136,Male,0,No,Yes,47,Month-to-month,DSL,Electronic check,55.3,2654.05,Low
1689-YQBYY,No,1,0.6250124827519007,Female,0,No,Yes,12,Month-to-month,Fiber optic,Electronic check,76.6,893.0,High
8630-FJLIB,No,1,0.5432242499700296,Female,0,No,No,18,Month-to-month,Fiber optic,Electronic check,69.8,1221.65,Medium
5628-RKIFK,No,0,0.33173995476623475,Female,1,No,No,49,Month-to-month,Fiber optic,Credit card (automatic),101.55,5070.4,Medium
5845-BZZIB,No,0,0.009555654224019399,Male,0,Yes,Yes,35,Two year,No,Mailed check,20.1,655.3,Low
8676-TRMJS,Yes,1,0.5669871332495968,Male,0,No,No,3,Month-to-month,Fiber optic,Mailed check,75.0,209.1,Medium
2982-IHMFT,Yes,1,0.7292557416534861,Female,1,No,No,1,Month-to-month,Fiber optic,Mailed check,74.45,74.45,High
0378-TOVMS,Yes,1,0.5401280155255312,Female,0,No,No,3,Month-to-month,Fiber optic,Electronic check,85.8,272.2,Medium
7028-DVOIQ,Yes,1,0.6577625314328721,Male,1,No,No,35,Month-to-month,Fiber optic,Electronic check,99.05,3395.8,High
5536-RTPWK,Yes,0,0.4094822835605722,Male,0,Yes,No,49,Month-to-month,Fiber optic,Bank transfer (automatic),99.05,4853.75,Medium
9722-UJOJR,Yes,0,0.3917740678768591,Male,0,Yes,Yes,29,Month-to-month,Fiber optic,Electronic check,70.75,1974.8,Medium
1642-HMARX,No,0,0.031631082374736816,Female,0,Yes,No,68,Two year,DSL,Electronic check,91.7,6424.7,Low
0311-UNPFF,Yes,1,0.5204657216082649,Female,0,No,No,26,Month-to-month,Fiber optic,Bank transfer (automatic),88.8,2274.35,Medium
3858-XHYJO,No,0,0.23641457372864957,Female,0,Yes,No,40,One year,Fiber optic,Bank transfer (automatic),105.75,4228.55,Low
5777-ZPQNC,No,0,0.09854162044427875,Female,0,No,No,12,One year,No,Electronic check,20.15,260.7,Low
7538-GWHML,Yes,1,0.6026984820464791,Female,0,No,No,2,Month-to-month,Fiber optic,Electronic check,69.65,145.15,High
5756-JYOJT,No,0,0.13684645131610418,Female,0,No,No,11,One year,DSL,Credit card (automatic),64.9,697.25,Low
0644-OQMDK,No,1,0.7068865631742712,Male,1,No,No,4,Month-to-month,Fiber optic,Electronic check,70.65,293.85,High
9906-NHHVC,No,0,0.04414769197764066,Female,1,No,No,65,Two year,DSL,Bank transfer (automatic),53.5,3517.9,Low
3834-XUIFC,Yes,1,0.6712287018855352,Male,0,No,No,7,Month-to-month,Fiber optic,Mailed check,85.2,602.55,High
1866-NXPSP,No,0,0.05986659643855696,Female,0,No,No,36,One year,DSL,Mailed check,75.55,2680.15,Low
5446-DKWYW,No,0,0.09441487717710494,Female,1,Yes,Yes,61,One year,DSL,Electronic check,65.2,3965.05,Low
6923-EFPNL,Yes,0,0.3659184860538378,Male,0,No,No,4,Month-to-month,DSL,Credit card (automatic),51.75,201.1,Medium
5356-CSVSQ,No,0,0.40999509174065446,Female,0,No,No,3,Month-to-month,DSL,Electronic check,64.6,174.2,Medium
5680-LQOGP,No,0,0.012926285570787082,Female,0,No,No,68,Two year,DSL,Credit card (automatic),82.45,5646.6,Low
1602-IJQQE,Yes,1,0.6500226541905055,Female,0,No,No,4,Month-to-month,Fiber optic,Electronic check,75.35,338.1,High
5348-CAGXB,No,1,0.691022842893707,Male,0,No,No,12,Month-to-month,Fiber optic,Electronic check,89.55,1021.75,High
2843-CQMEG,No,0,0.20513057283348912,Male,0,No,No,24,Month-to-month,DSL,Mailed check,49.7,1218.25,Low
8777-MBMTS,No,0,0.0760697545267418,Female,1,Yes,No,65,Two year,Fiber optic,Credit card (automatic),105.85,6725.5,Low
4329-YPDDQ,No,0,0.35434619112072113,Male,0,No,No,20,Month-to-month,Fiber optic,Bank transfer (automatic),108.2,2203.7,Medium
8853-TZDGH,No,0,0.08247885398545314,Female,0,No,No,72,Two year,Fiber optic,Bank transfer (automatic),111.6,8012.75,Low
4026-SKKHW,No,0,0.3137032791179022,Male,0,No,No,3,Month-to-month,DSL,Mailed check,50.25,152.3,Medium
8219-VYBVI,No,0,0.010726632450697158,Male,0,No,Yes,39,Two year,No,Mailed check,25.0,1004.35,Low
1660-HSOOQ,Yes,0,0.43892291065016326,Male,0,No,No,1,Month-to-month,DSL,Mailed check,49.65,49.65,Medium
2538-OIMXF,No,0,0.4654753747474034,Female,0,No,Yes,1,Month-to-month,DSL,Mailed check,24.7,24.7,Medium
8849-AYPTR,No,0,0.45053411960067363,Male,0,Yes,No,33,Month-to-month,Fiber optic,Electronic check,91.25,2964.05,Medium
2984-RGEYA,No,0,0.0018032099847232128,Female,0,Yes,Yes,69,Two year,No,Bank transfer (automatic),19.75,1375.4,Low
3407-JMJQQ,No,0,0.0719639500297813,Female,0,Yes,Yes,71,Two year,Fiber optic,Bank transfer (automatic),109.0,7661.8,Low
5624-BQSSA,Yes,0,0.20607681524952484,Female,0,No,No,1,Month-to-month,No,Mailed check,20.95,20.95,Low
5046-NUHWD,No,0,0.3847142112724112,Female,1,Yes,No,29,Month-to-month,DSL,Electronic check,45.0,1228.65,Medium
2234-EOFPT,No,0,0.011104384829351787,Male,0,Yes,No,72,Two year,DSL,Bank transfer (automatic),79.35,5753.25,Low
3941-XTSKM,No,0,0.10140676440517728,Male,0,Yes,Yes,42,One year,DSL,Credit card (automatic),45.1,2049.05,Low
6603-YRDCJ,No,0,0.02320270343506254,Male,0,Yes,No,33,Two year,DSL,Mailed check,61.05,2018.4,Low
9313-CDOGY,No,0,0.0397861677830917,Male,0,Yes,Yes,38,Month-to-month,No,Electronic check,19.6,717.3,Low
2682-KEVRP,No,0,0.07857196584943654,Female,1,No,No,22,One year,No,Mailed check,20.05,417.0,Low
4376-KFVRS,No,0,0.04919542266918592,Male,0,Yes,Yes,72,Two year,Fiber optic,Credit card (automatic),114.05,8468.2,Low
8087-LGYHQ,No,1,0.702687871376395,Male,0,No,No,9,Month-to-month,Fiber optic,Electronic check,94.05,811.65,High
4837-PZTIC,No,0,0.01515414267800335,Female,0,No,No,47,Two year,DSL,Mailed check,41.9,1875.25,Low
2685-SREOM,Yes,1,0.6080355271110444,Female,0,Yes,Yes,25,Month-to-month,Fiber optic,Electronic check,89.1,2368.4,High
8229-MYEJZ,No,0,0.3218479224354758,Female,0,No,No,10,Month-to-month,DSL,Electronic check,51.2,498.25,Medium
2474-BRUCM,Yes,0,0.4655110278152858,Male,1,Yes,No,40,Month-to-month,Fiber optic,Electronic check,101.85,4086.3,Medium
4854-CIDCF,No,1,0.6509800324202867,Female,1,No,No,3,Month-to-month,Fiber optic,Electronic check,73.85,196.4,High
5019-GQVCR,No,1,0.5138630843883532,Male,1,No,No,43,Month-to-month,Fiber optic,Electronic check,84.85,3645.6,Medium
2100-BDNSN,Yes,0,0.33184189785380036,Female,0,Yes,No,5,Month-to-month,DSL,Bank transfer (automatic),67.95,350.3,Medium
3050-RLLXC,No,0,0.012147623546981958,Female,0,Yes,Yes,56,Two year,DSL,Credit card (automatic),81.25,4620.4,Low
7297-DVYGA,No,0,0.01490633502421085,Female,0,No,No,51,One year,No,Bank transfer (automatic),19.85,996.95,Low
7295-JOMMD,Yes,1,0.5416121629263797,Female,0,No,Yes,4,Month-to-month,Fiber optic,Bank transfer (automatic),98.1,396.3,Medium
1710-RCXUS,No,0,0.19908633185222482,Male,0,Yes,No,51,One year,Fiber optic,Credit card (automatic),90.35,4614.55,Low
7511-YMXVQ,Yes,1,0.6532134030923888,Male,0,No,No,9,Month-to-month,DSL,Electronic check,45.4,418.8,High
0506-LVNGN,Yes,1,0.6271625328662556,Female,1,No,No,5,Month-to-month,Fiber optic,Credit card (automatic),75.55,349.65,High
7471-WNSUF,No,0,0.00908863486905377,Male,0,Yes,No,60,One year,No,Bank transfer (automatic),24.15,1505.9,Low
4112-LUEIZ,Yes,1,0.692002188603557,Male,0,No,No,10,Month-to-month,Fiber optic,Electronic check,89.5,863.1,High
0940-OUQEC,Yes,1,0.5685699561369619,Male,0,No,No,10,Month-to-month,Fiber optic,Bank transfer (automatic),80.7,788.8,Medium
1686-STUHN,No,0,0.01592853609174943,Male,0,No,No,42,One year,No,Bank transfer (automatic),19.8,849.9,Low
3583-KRKMD,No,0,0.35964044277951046,Male,0,No,No,18,Month-to-month,Fiber optic,Bank transfer (automatic),75.9,1373.05,Medium
9385-NXKDA,No,0,0.022656063783085222,Female,0,Yes,No,72,Two year,DSL,Credit card (automatic),82.65,5919.35,Low
8413-VONUO,Yes,1,0.6413997621180959,Male,0,No,No,2,Month-to-month,Fiber optic,Electronic check,95.65,167.3,High
7206-GZCDC,Yes,1,0.7387694107135471,Female,1,No,No,1,Month-to-month,Fiber optic,Electronic check,69.25,69.25,High
5149-TGWDZ,No,0,0.30548131128625183,Female,0,No,No,21,One year,Fiber optic,Mailed check,104.55,2239.4,Medium
5709-LVOEQ,No,0,0.10759248459890203,Female,0,Yes,Yes,0,Two year,DSL,Mailed check,80.85,0.0,Low
8178-EYZUO,Yes,0,0.34275315901267905,Male,0,No,No,46,Month-to-month,Fiber optic,Electronic check,93.7,4154.8,Medium
4700-UBQMV,No,0,0.18619509363117778,Male,0,Yes,Yes,21,One year,DSL,Bank transfer (automatic),75.9,1549.75,Low
0611-DFXKO,Yes,1,0.5583859862278356,Male,0,Yes,No,20,Month-to-month,Fiber optic,Mailed check,89.0,1820.45,Medium
5834-ASPWA,Yes,1,0.7312972813321637,Male,0,No,No,1,Month-to-month,Fiber optic,Electronic check,75.45,75.45,High
4999-IEZLT,No,0,0.013151104482338433,Male,0,No,No,66,One year,DSL,Credit card (automatic),29.45,1983.15,Low
8082-GHXOP,No,0,0.2173692170988005,Male,0,No,Yes,13,Month-to-month,DSL,Mailed check,44.0,659.35,Low
7394-FKDNK,Yes,1,0.6435017378656943,Female,0,Yes,No,9,Month-to-month,Fiber optic,Electronic check,89.45,853.1,High
7216-KAOID,No,0,0.014259695400531597,Male,0,Yes,Yes,41,One year,No,Bank transfer (automatic),19.5,798.2,Low
3398-ZOUAA,Yes,1,0.5680491496115999,Male,1,Yes,No,21,Month-to-month,Fiber optic,Electronic check,69.1,1474.75,Medium
5781-RFZRP,No,0,0.007064235069802291,Male,0,Yes,No,71,Two year,DSL,Credit card (automatic),73.5,5357.75,Low
3985-HOYPM,No,0,0.03521540524082739,Male,0,No,No,26,One year,No,Mailed check,19.4,525.55,Low
9681-KYGYB,No,0,0.31814732417835,Male,1,Yes,No,49,Month-to-month,Fiber optic,Electronic check,88.2,4159.45,Medium
1205-WNWPJ,Yes,0,0.32389743651607195,Female,0,No,No,7,Month-to-month,DSL,Mailed check,59.5,415.95,Medium
6695-AMZUF,No,0,0.009206307578707473,Female,0,Yes,No,70,Two year,DSL,Credit card (automatic),86.45,5950.2,Low
0862-PRCBS,No,0,0.06047784122174785,Female,0,Yes,Yes,68,Two year,Fiber optic,Credit card (automatic),103.75,7039.45,Low
8401-EMUWF,No,0,0.12408965601713831,Male,0,Yes,Yes,42,Month-to-month,DSL,Bank transfer (automatic),69.4,3058.3,Low
8623-TMRBY,Yes,0,0.33905812645509037,Male,1,Yes,Yes,51,Month-to-month,Fiber optic,Electronic check,84.2,4146.05,Medium
2215-ZAFGX,No,1,0.7109440598070994,Male,0,No,No,9,Month-to-month,Fiber optic,Electronic check,85.5,791.7,High
1302-UHBDD,No,1,0.590860851435467,Male,1,No,No,20,Month-to-month,Fiber optic,Electronic check,89.95,1648.45,Medium
9107-UKCKY,No,0,0.1167178074786729,Male,0,Yes,No,61,One year,DSL,Electronic check,79.8,4914.8,Low
4446-BZKHU,Yes,0,0.4235854852676257,Male,0,Yes,No,61,Month-to-month,Fiber optic,Electronic check,105.55,6281.45,Medium
1891-FZYSA,Yes,0,0.31233239902555204,Male,1,Yes,No,69,Month-to-month,Fiber optic,Electronic check,89.95,6143.15,Medium
7973-DZRKH,No,0,0.02747868449055821,Female,0,No,Yes,66,Two year,Fiber optic,Credit card (automatic),90.95,5930.05,Low
3197-NNYNB,No,0,0.07646424272011475,Male,0,No,No,65,Two year,Fiber optic,Credit card (automatic),105.1,6631.85,Low
7717-BICXI,No,0,0.0026874730951038017,Male,0,Yes,Yes,60,Two year,No,Mailed check,20.55,1205.05,Low
1427-VERSM,No,0,0.3261077643577113,Female,0,Yes,No,56,Month-to-month,Fiber optic,Electronic check,98.7,5669.5,Medium
4524-QCSSM,No,0,0.2551508954231473,Male,0,No,No,26,Month-to-month,DSL,Bank transfer (automatic),44.65,1156.55,Low
7301-ABVAD,No,0,0.018785718743910135,Female,0,No,No,72,Two year,DSL,Bank transfer (automatic),86.6,6350.5,Low
7036-ZZKBD,No,0,0.15811505138150875,Male,0,Yes,No,31,Month-to-month,DSL,Credit card (automatic),66.4,2019.8,Low
6440-DKQGE,No,0,0.07317703756475533,Male,0,No,Yes,30,One year,DSL,Credit card (automatic),64.5,1929.95,Low
3500-RMZLT,Yes,0,0.4344870092793073,Female,1,No,No,15,Month-to-month,Fiber optic,Mailed check,96.3,1426.75,Medium
0224-NIJLP,No,0,0.03805858227316361,Male,0,Yes,Yes,8,Two year,No,Mailed check,20.15,165.5,Low
3259-FDWOY,Yes,0,0.09885893341829713,Male,0,Yes,Yes,71,Two year,Fiber optic,Bank transfer (automatic),106.0,7723.7,Low
8950-MTZNV,No,0,0.43632061703879343,Male,0,No,No,1,Month-to-month,DSL,Mailed check,44.95,44.95,Medium
6959-UWKHF,Yes,1,0.5112015346584704,Male,0,No,No,1,Month-to-month,DSL,Electronic check,42.9,42.9,Medium
5288-AHOUP,No,1,0.7012887006483313,Male,1,No,No,11,Month-to-month,Fiber optic,Electronic check,78.5,874.2,High
6598-RFFVI,Yes,0,0.10369891762018664,Male,0,No,No,2,One year,No,Credit card (automatic),19.3,28.3,Low
6797-UCJHZ,No,0,0.18572757471511375,Female,1,Yes,No,66,One year,Fiber optic,Credit card (automatic),104.6,6819.45,Low
8023-QHAIO,No,0,0.21151337426401215,Female,1,Yes,No,56,Month-to-month,Fiber optic,Bank transfer (automatic),76.85,4275.75,Low
0716-BQNDX,No,0,0.07171711137712183,Male,1,No,No,57,Two year,Fiber optic,Electronic check,93.75,5625.55,Low
3312-UUMZW,No,0,0.49889477840502006,Male,0,Yes,No,32,Month-to-month,Fiber optic,Credit card (automatic),98.85,3145.9,Medium
1803-BGNBD,No,0,0.2861051723164429,Female,0,No,No,12,Month-to-month,DSL,Electronic check,54.3,654.5,Low
6302-JGYRJ,Yes,0,0.12375785033482466,Male,0,No,Yes,31,One year,DSL,Mailed check,79.45,2587.7,Low
7576-OYWBN,Yes,1,0.7643193519674127,Male,1,No,No,3,Month-to-month,Fiber optic,Electronic check,76.05,231.8,High
8071-SBTRN,No,0,0.08887629215589582,Female,0,No,No,70,Two year,Fiber optic,Mailed check,111.15,7737.55,Low
1069-QJOEE,No,0,0.042966324034515106,Male,0,Yes,Yes,25,One year,No,Electronic check,19.9,505.45,Low
7142-HVGBG,Yes,1,0.5960262562163253,Male,1,Yes,No,43,Month-to-month,Fiber optic,Electronic check,103.0,4414.3,Medium
6651-AZVTJ,Yes,0,0.47711529968874644,Male,0,Yes,Yes,49,Month-to-month,Fiber optic,Electronic check,99.8,4872.45,Medium
5229-PRWKT,Yes,1,0.7274224660295162,Male,0,No,No,8,Month-to-month,Fiber optic,Electronic check,86.55,649.65,High
5020-ZSTTY,Yes,0,0.04754830477811735,Female,1,No,No,54,One year,DSL,Bank transfer (automatic),82.45,4350.1,Low
4891-NLUBA,No,0,0.026536192464087102,Female,0,Yes,Yes,61,Two year,DSL,Bank transfer (automatic),61.45,3751.15,Low
9805-FILKB,No,0,0.015367612742770495,Male,0,Yes,Yes,46,One year,No,Bank transfer (automatic),20.2,845.6,Low
4377-VDHYI,No,0,0.23102683372596414,Male,0,Yes,Yes,32,One year,Fiber optic,Electronic check,90.8,3023.85,Low
0354-WYROK,Yes,0,0.4846454629979455,Female,1,Yes,Yes,31,Month-to-month,Fiber optic,Electronic check,98.9,2911.3,Medium
2085-JVGAD,No,0,0.03709926338570174,Male,0,Yes,No,37,Month-to-month,No,Bank transfer (automatic),20.35,697.65,Low
8242-SOQUO,No,1,0.714877357471318,Female,1,No,No,5,Month-to-month,Fiber optic,Electronic check,84.7,392.5,High
9658-WYUFB,Yes,1,0.5591189256209892,Female,0,No,No,17,Month-to-month,Fiber optic,Electronic check,94.4,1617.5,Medium
3552-CTCYF,No,0,0.10915825071883499,Male,0,Yes,Yes,63,Two year,Fiber optic,Bank transfer (automatic),104.8,6597.25,Low
7813-ZGGAW,No,0,0.4466907426882799,Male,1,No,No,31,Month-to-month,Fiber optic,Bank transfer (automatic),96.6,2877.95,Medium
1744-JHKYS,No,0,0.07963156635532277,Female,0,Yes,No,34,Month-to-month,No,Electronic check,24.7,780.2,Low
0675-NCDYU,No,0,0.05353124975824354,Female,0,Yes,Yes,72,Two year,Fiber optic,Credit card (automatic),116.4,8543.25,Low
0463-TXOAK,No,0,0.005199933525707512,Male,0,No,Yes,52,Two year,No,Credit card (automatic),25.6,1334.5,Low
9552-TGUZV,No,0,0.461648191816594,Male,0,Yes,No,8,Month-to-month,Fiber optic,Mailed check,75.0,658.1,Medium
6265-FRMTQ,No,0,0.01394964872684241,Male,0,No,No,31,Two year,No,Bank transfer (automatic),20.4,609.1,Low
4939-KYYPY,No,0,0.18286535849577934,Male,0,No,No,27,Month-to-month,DSL,Electronic check,59.45,1611.65,Low
8624-GIOUT,Yes,0,0.08191958659317414,Female,0,No,No,49,Month-to-month,DSL,Credit card (automatic),59.75,2934.3,Low
7365-BVCJH,No,1,0.6518073293800001,Male,0,No,No,1,Month-to-month,DSL,Electronic check,24.4,24.4,High
5081-NWSUP,No,0,0.13631069381197003,Female,0,No,No,10,One year,DSL,Mailed check,64.9,685.55,Low
6223-DHJGV,No,0,0.02433713723046292,Female,0,No,No,42,One year,No,Mailed check,20.65,958.1,Low
2254-DLXRI,No,1,0.6503385109552765,Female,0,No,No,1,Month-to-month,Fiber optic,Mailed check,79.15,79.15,High
3723-BFBGR,No,0,0.2202589358651811,Male,1,No,No,24,Month-to-month,DSL,Credit card (automatic),54.8,1291.3,Low
1471-GIQKQ,No,0,0.40931674078960095,Female,0,No,No,1,Month-to-month,DSL,Electronic check,49.95,49.95,Medium
8780-IXSTS,Yes,1,0.7146036557410815,Female,0,No,No,6,Month-to-month,Fiber optic,Electronic check,90.1,521.3,High
1228-FZFRV,Yes,0,0.2461412742258837,Male,0,Yes,Yes,50,Month-to-month,Fiber optic,Credit card (automatic),105.95,5341.8,Low
3097-NNSPB,Yes,0,0.38835086517097356,Female,0,No,No,2,Month-to-month,DSL,Credit card (automatic),49.05,91.1,Medium
7855-DIWPO,No,1,0.5201387331578323,Female,0,No,No,21,Month-to-month,Fiber optic,Electronic check,68.65,1493.2,Medium
4751-ERMAN,No,0,0.01976409806646829,Male,0,Yes,Yes,72,Two year,DSL,Bank transfer (automatic),75.4,5480.25,Low
1625-JAIIY,Yes,0,0.15353367305576607,Female,0,Yes,Yes,68,One year,Fiber optic,Electronic check,83.0,5685.8,Low
1627-AFWVJ,No,0,0.016072300269906047,Female,0,No,No,29,Two year,No,Mailed check,19.4,554.25,Low
5597-GLBUC,Yes,1,0.7224682182139355,Female,0,No,No,1,Month-to-month,Fiber optic,Electronic check,85.45,85.45,High
5315-CKEQK,No,0,0.20458404659116747,Male,1,Yes,Yes,28,One year,DSL,Electronic check,51.0,1381.8,Low
1432-FPAXX,Yes,0,0.3093019608941337,Female,0,No,No,29,Month-to-month,DSL,Electronic check,30.6,856.35,Medium
6599-CEBNN,Yes,0,0.2952605475562525,Female,0,No,No,34,Month-to-month,Fiber optic,Credit card (automatic),73.95,2524.45,Low
4312-KFRXN,No,0,0.0024023161762992185,Male,0,Yes,No,72,Two year,No,Mailed check,25.4,1710.9,Low
5968-HYJRZ,No,0,0.007216089613576941,Male,0,Yes,Yes,47,Two year,No,Mailed check,24.55,1160.45,Low
2959-MJHIC,Yes,1,0.689644839812126,Male,0,Yes,No,4,Month-to-month,Fiber optic,Electronic check,80.35,307.4,High
9121-PHQSR,No,1,0.6336038385862752,Male,1,Yes,No,16,Month-to-month,Fiber optic,Credit card (automatic),85.05,1391.15,High
4062-HBMOS,No,0,0.47646104343132845,Male,0,No,No,52,Month-to-month,Fiber optic,Electronic check,103.05,5364.8,Medium
2012-NWRPA,Yes,1,0.8049145614647883,Female,1,Yes,No,11,Month-to-month,Fiber optic,Electronic check,99.55,1131.2,High
5795-KTGUD,No,0,0.09601224906283344,Female,0,Yes,No,68,Two year,Fiber optic,Bank transfer (automatic),110.8,7553.6,Low
1591-NFNLQ,Yes,0,0.2091388617537556,Male,0,No,No,51,Month-to-month,Fiber optic,Credit card (automatic),80.0,4242.35,Low
0637-YLETY,Yes,1,0.5859446836838414,Female,0,No,No,16,Month-to-month,Fiber optic,Credit card (automatic),95.6,1555.65,Medium
3569-VLDHH,No,0,0.023231746504040144,Male,0,Yes,Yes,66,One year,DSL,Electronic check,75.1,5013.0,Low
5916-QEWPT,No,0,0.42914896821603166,Female,0,Yes,No,2,Month-to-month,DSL,Credit card (automatic),69.0,147.8,Medium
5514-YQENT,No,0,0.09341171599586273,Male,0,No,Yes,41,Two year,Fiber optic,Electronic check,111.15,4507.15,Low
0685-MLYYM,Yes,1,0.6601002567609883,Female,1,No,No,2,Month-to-month,Fiber optic,Electronic check,70.75,154.85,High
3030-ZKIWL,No,0,0.1961213992126883,Male,0,No,No,1,Month-to-month,No,Mailed check,20.05,20.05,Low
8467-WYNSR,No,0,0.09347650399969375,Male,0,No,No,22,Month-to-month,DSL,Mailed check,55.1,1253.15,Low
0657-DOGUM,No,0,0.04091324468675201,Female,0,Yes,No,48,One year,DSL,Bank transfer (automatic),60.6,2985.25,Low
5012-YSPJJ,No,0,0.08053926720137934,Male,0,Yes,Yes,31,Month-to-month,DSL,Mailed check,54.35,1647.0,Low
5336-UFNZP,No,0,0.31569793404645813,Female,1,Yes,Yes,65,One year,Fiber optic,Electronic check,107.45,7047.5,Medium
2903-YYTBW,No,0,0.388855537160167,Male,0,Yes,Yes,1,Month-to-month,DSL,Electronic check,44.55,44.55,Medium
9611-CTWIH,Yes,1,0.7466344952204406,Female,0,No,No,3,Month-to-month,Fiber optic,Electronic check,89.45,240.45,High
2589-AYCRP,No,0,0.011156617159480643,Female,0,No,No,50,One year,No,Bank transfer (automatic),19.75,989.05,Low
6323-AYBRX,Yes,0,0.0032004811672847896,Male,0,No,No,59,Two year,No,Mailed check,19.35,1099.6,Low
6048-UWKAL,No,0,0.060239835439937585,Female,1,Yes,No,69,Two year,Fiber optic,Credit card (automatic),105.4,6998.95,Low
7328-OWMOM,No,0,0.022543195232305267,Female,0,No,Yes,31,One year,No,Credit card (automatic),20.1,589.25,Low
1371-OJCEK,No,0,0.016813496763887846,Female,0,No,No,48,One year,No,Bank transfer (automatic),24.35,1133.7,Low
4323-OHFOW,No,0,0.16739020482544614,Female,1,Yes,No,70,One year,Fiber optic,Bank transfer (automatic),105.55,7195.35,Low
4825-XJGDM,No,0,0.014038625503496225,Female,0,No,No,61,One year,DSL,Credit card (automatic),43.7,2696.55,Low
4232-JGKIY,No,0,0.24860909178136287,Male,0,No,No,1,Month-to-month,No,Electronic check,19.2,19.2,Low
0082-LDZUE,No,0,0.4358213451058514,Male,0,No,No,1,Month-to-month,DSL,Mailed check,44.3,44.3,Medium
9779-DPNEJ,No,1,0.5424576020403397,Female,0,Yes,Yes,22,Month-to-month,Fiber optic,Electronic check,80.15,1790.65,Medium
2495-KZNFB,No,0,0.48375620874824754,Female,0,No,No,33,Month-to-month,Fiber optic,Electronic check,90.65,2989.6,Medium
1918-ZBFQJ,Yes,1,0.5761658547056587,Female,0,No,No,13,Month-to-month,Fiber optic,Electronic check,79.25,1111.65,Medium
3374-LXDEV,Yes,0,0.444357028640796,Female,0,No,No,13,Month-to-month,Fiber optic,Electronic check,89.4,1132.35,Medium
5451-YHYPW,No,0,0.07621996654490847,Female,1,Yes,No,72,Two year,Fiber optic,Credit card (automatic),115.75,8443.7,Low
3597-YASZG,No,0,0.0946571747502965,Female,1,Yes,No,70,Two year,Fiber optic,Bank transfer (automatic),104.45,7349.35,Low
5619-XZZKR,No,0,0.10181855489084819,Male,0,No,No,4,One year,No,Mailed check,19.95,68.2,Low
0420-BWTPW,Yes,0,0.3678669692935919,Male,0,No,Yes,8,Month-to-month,DSL,Mailed check,25.5,215.2,Medium
4231-LZUYM,No,0,0.0027233861219583674,Female,0,Yes,No,72,Two year,No,Bank transfer (automatic),25.65,1887.0,Low
8268-YDIXR,No,0,0.1593943814609306,Male,0,Yes,No,56,One year,Fiber optic,Electronic check,93.15,5253.95,Low
5574-NXZIU,No,0,0.03450769154513821,Male,0,No,No,63,Two year,Fiber optic,Credit card (automatic),109.2,7049.75,Low
4403-BWPAY,No,0,0.10396501393649382,Male,0,No,No,14,One year,No,Credit card (automatic),24.8,321.7,Low
9512-UIBFX,Yes,0,0.4583311671554573,Male,0,Yes,Yes,18,Month-to-month,Fiber optic,Mailed check,95.15,1779.95,Medium
9508-ILZDG,No,0,0.4809018170415775,Female,1,No,No,34,Month-to-month,Fiber optic,Electronic check,96.35,3190.25,Medium
8010-EZLOU,Yes,1,0.6581128486886582,Male,1,No,No,15,Month-to-month,Fiber optic,Electronic check,80.2,1217.25,High
7919-ZODZZ,No,0,0.23130017187306362,Female,0,Yes,Yes,10,One year,DSL,Mailed check,65.9,660.05,Low
4897-QSUYC,Yes,0,0.26844422315332467,Female,0,No,No,1,Month-to-month,No,Mailed check,20.15,20.15,Low
4109-CYRBD,No,0,0.350103176969497,Male,1,Yes,No,29,Month-to-month,DSL,Electronic check,51.6,1442.0,Medium
4881-JVQOD,No,1,0.5516441154271898,Male,1,Yes,Yes,10,Month-to-month,DSL,Bank transfer (automatic),34.55,362.6,Medium
0365-BZUWY,No,1,0.6950244399297555,Male,0,Yes,No,17,Month-to-month,Fiber optic,Electronic check,102.55,1742.5,High
9430-FRQOC,Yes,1,0.5154850971074388,Female,0,No,Yes,4,Month-to-month,Fiber optic,Mailed check,87.1,341.45,Medium
6100-QQHEB,Yes,1,0.6690553988133275,Male,0,Yes,Yes,17,Month-to-month,Fiber optic,Electronic check,92.55,1515.1,High
1450-GALXR,Yes,1,0.6764804283400845,Female,0,No,No,10,Month-to-month,Fiber optic,Electronic check,98.5,1058.25,High
0626-QXNGV,No,0,0.003383601976396268,Female,0,Yes,No,72,Two year,No,Credit card (automatic),24.15,1776.45,Low
6166-ILMNY,Yes,1,0.5301667790752709,Female,0,No,No,2,Month-to-month,Fiber optic,Bank transfer (automatic),69.75,144.55,Medium
2007-QVGAW,No,0,0.0026341357167484988,Female,0,Yes,Yes,68,Two year,No,Bank transfer (automatic),19.35,1292.65,Low
0505-SPOOW,No,0,0.0020296783281009765,Female,0,Yes,No,70,Two year,No,Bank transfer (automatic),19.8,1397.65,Low
9544-PYPSJ,No,0,0.3008718405627197,Female,1,Yes,Yes,62,Month-to-month,Fiber optic,Credit card (automatic),96.1,6019.35,Medium
6941-PMGEP,Yes,1,0.706848429960138,Female,0,No,No,5,Month-to-month,Fiber optic,Electronic check,80.0,412.5,High
7593-XFKDI,Yes,0,0.3542069449102465,Male,0,No,No,1,Month-to-month,DSL,Mailed check,46.3,46.3,Medium
5277-ZLOOR,Yes,1,0.8050437923288459,Female,1,No,No,2,Month-to-month,Fiber optic,Electronic check,85.55,187.45,High
7110-BDTWG,No,0,0.020334351057720933,Female,0,Yes,No,71,Two year,DSL,Electronic check,47.05,3263.6,Low
0871-OPBXW,No,0,0.258309106203572,Female,0,No,No,2,Month-to-month,No,Mailed check,20.05,39.25,Low
0404-AHASP,No,0,0.0015654062157444944,Male,0,Yes,No,72,Two year,No,Credit card (automatic),19.7,1421.9,Low
3721-CNZHX,No,0,0.06059383413665569,Male,0,No,No,15,One year,No,Mailed check,19.8,304.6,Low
9894-QMIMJ,No,0,0.10571271990686852,Female,0,No,No,23,One year,DSL,Bank transfer (automatic),55.8,1327.85,Low
2826-UWHIS,No,0,0.23958833936100585,Male,0,Yes,No,45,Month-to-month,Fiber optic,Bank transfer (automatic),81.4,3775.85,Low
3612-YUNGG,No,0,0.06586930575750953,Male,0,Yes,Yes,64,Two year,Fiber optic,Credit card (automatic),109.2,6741.15,Low
8003-EWNDZ,No,0,0.24040809321740222,Female,0,No,No,10,Month-to-month,No,Electronic check,21.2,222.65,Low
6198-RTPMF,No,1,0.6465522619096014,Female,0,Yes,No,17,Month-to-month,Fiber optic,Electronic check,92.6,1579.7,High
0843-WTBXE,Yes,0,0.24283882806821863,Male,0,No,No,53,Month-to-month,Fiber optic,Bank transfer (automatic),85.45,4517.25,Low
9167-APMXZ,No,1,0.5562937261901176,Female,0,No,No,22,Month-to-month,Fiber optic,Bank transfer (automatic),84.15,1821.95,Medium
0516-WJVXC,Yes,0,0.22850674794667722,Female,0,No,No,5,Month-to-month,DSL,Electronic check,54.2,308.25,Low
7603-USHJS,Yes,1,0.5121222289016863,Male,0,No,Yes,12,Month-to-month,Fiber optic,Credit card (automatic),73.75,871.4,Medium
7492-TAFJD,No,0,0.09447729236549783,Male,0,Yes,Yes,7,Two year,DSL,Mailed check,38.55,280.0,Low
1436-ZMJAN,No,0,0.4386974353704541,Female,0,Yes,No,10,Month-to-month,DSL,Credit card (automatic),67.8,653.15,Medium
5301-GAUUY,Yes,0,0.39214781358267864,Male,0,No,No,32,Month-to-month,Fiber optic,Bank transfer (automatic),80.35,2596.15,Medium
7707-PYBBH,No,0,0.06549393764577334,Male,0,No,No,40,Month-to-month,DSL,Mailed check,61.9,2647.1,Low
3804-RVTGV,Yes,0,0.3697934412536078,Male,0,Yes,Yes,50,Month-to-month,Fiber optic,Bank transfer (automatic),103.85,5017.9,Medium
7026-YMSBE,No,0,0.029021307940264272,Male,0,No,No,30,One year,No,Mailed check,19.7,625.05,Low
6892-EZDTG,Yes,1,0.732169746803378,Female,0,Yes,No,4,Month-to-month,Fiber optic,Electronic check,91.65,365.4,High
8180-AKMJV,No,0,0.4306083989867622,Female,0,No,No,1,Month-to-month,DSL,Credit card (automatic),44.55,44.55,Medium
3956-MGXOG,No,1,0.5295612303741548,Female,0,No,No,28,Month-to-month,Fiber optic,Electronic check,80.6,2244.95,Medium
7812-FZHPE,Yes,0,0.11339682977875865,Female,0,Yes,Yes,17,Month-to-month,No,Mailed check,24.1,409.9,Low
3896-RCYYE,No,0,0.07483203291619402,Female,0,No,No,67,Month-to-month,DSL,Credit card (automatic),53.4,3579.15,Low
1976-AZZPJ,No,0,0.3099713656621484,Male,0,Yes,No,7,Month-to-month,DSL,Mailed check,34.2,256.6,Medium
4678-DVQEO,Yes,0,0.4191800343052805,Female,0,No,No,1,Month-to-month,DSL,Electronic check,52.2,52.2,Medium
5248-RPYWW,No,0,0.02206565851038677,Female,1,Yes,Yes,72,Two year,DSL,Bank transfer (automatic),90.15,6716.45,Low
9931-KGHOA,No,0,0.07620578869240639,Female,0,Yes,No,46,Month-to-month,DSL,Bank transfer (automatic),55.0,2473.95,Low
3795-CAWEX,No,0,0.05037339606940375,Male,0,Yes,Yes,70,Two year,Fiber optic,Credit card (automatic),116.55,8152.3,Low
9754-CLVZW,No,0,0.09117796355428463,Female,0,Yes,Yes,26,Month-to-month,DSL,Credit card (automatic),38.85,1025.15,Low
6217-TOWGS,No,0,0.4432633408656952,Female,0,Yes,No,17,Month-to-month,DSL,Bank transfer (automatic),75.4,1322.55,Medium
3932-CMDTD,Yes,0,0.4791804789597836,Female,0,No,No,4,One year,Fiber optic,Electronic check,105.65,443.9,Medium
1090-PYKCI,No,0,0.06824040954098709,Female,0,Yes,Yes,69,One year,Fiber optic,Credit card (automatic),105.1,7234.8,Low
3415-TAILE,Yes,0,0.4054333644941927,Female,0,Yes,Yes,2,Month-to-month,DSL,Mailed check,65.7,134.35,Medium
4374-YMUSQ,No,0,0.15860789319088991,Male,0,No,No,34,One year,Fiber optic,Credit card (automatic),116.25,3899.05,Low
6705-LNMDD,No,0,0.13556374521295395,Male,0,No,No,20,Month-to-month,DSL,Mailed check,50.0,1003.05,Low
9880-TDQAC,No,0,0.022135067032892777,Female,0,Yes,Yes,72,Two year,DSL,Electronic check,60.0,4264.0,Low
7369-TRPFD,No,0,0.0481873285390816,Male,0,No,No,19,One year,No,Mailed check,18.8,279.2,Low
9710-NJERN,No,0,0.009883461601769648,Female,0,No,No,39,Two year,No,Mailed check,20.15,826.0,Low
8580-AECUZ,Yes,1,0.7545009287930156,Male,1,No,No,1,Month-to-month,Fiber optic,Electronic check,79.1,79.1,High
4628-WQCQQ,Yes,0,0.28182455599351985,Male,0,No,Yes,35,One year,Fiber optic,Electronic check,85.15,3030.6,Low
1066-JKSGK,Yes,0,0.19617064837816958,Male,0,No,No,1,Month-to-month,No,Mailed check,20.15,20.15,Low
5839-SUYVZ,No,0,0.3497298273531411,Male,0,No,No,16,Month-to-month,Fiber optic,Credit card (automatic),74.55,1170.5,Medium
4745-LSPLO,Yes,0,0.19634309407849998,Male,0,No,No,1,Month-to-month,No,Mailed check,20.5,20.5,Low
7562-GSUHK,Yes,1,0.5259059157821688,Female,0,No,No,16,Month-to-month,Fiber optic,Credit card (automatic),93.2,1573.7,Medium
5261-QSHQM,Yes,1,0.6299321912228689,Female,0,No,No,4,Month-to-month,DSL,Electronic check,24.45,86.6,High
4291-HYEBC,No,0,0.27077739162142533,Female,1,Yes,Yes,28,One year,DSL,Electronic check,39.1,1096.6,Low
2606-PKWJB,No,0,0.028189940927686744,Male,0,No,Yes,40,One year,DSL,Mailed check,40.25,1564.05,Low
2150-WLKUW,No,0,0.08969188489789431,Female,0,Yes,No,40,One year,DSL,Bank transfer (automatic),63.9,2635.0,Low
1612-EOHDH,Yes,0,0.44085343453061115,Female,0,No,No,1,Month-to-month,DSL,Electronic check,45.15,45.15,Medium
4685-ERGHK,No,0,0.23208069705250664,Male,0,No,No,57,One year,Fiber optic,Electronic check,86.9,4939.25,Low
0902-RFHOF,No,0,0.01908359583860501,Male,0,No,No,38,One year,No,Mailed check,20.1,730.1,Low
1698-XFZCI,No,0,0.22336217123455726,Male,0,No,No,61,One year,Fiber optic,Electronic check,107.75,6521.9,Low
5472-CVMDX,No,0,0.005842975103536628,Female,0,No,No,68,Two year,DSL,Mailed check,38.9,2719.2,Low
4355-HBJHH,Yes,0,0.033142313013440394,Male,0,Yes,Yes,67,Two year,DSL,Electronic check,79.7,5293.4,Low
2108-YKQTY,Yes,0,0.2899918930919466,Female,0,No,No,4,Month-to-month,DSL,Credit card (automatic),50.7,151.3,Low
5997-OPVFA,No,0,0.01681723877430083,Male,0,Yes,No,72,Two year,DSL,Bank transfer (automatic),89.05,6254.45,Low
1559-DTODC,No,0,0.36095667666015163,Male,0,No,No,19,Month-to-month,DSL,Bank transfer (automatic),25.15,468.35,Medium
9480-BQJEI,No,0,0.11962660986339306,Male,0,No,No,62,One year,Fiber optic,Bank transfer (automatic),92.3,5731.45,Low
6670-MFRPK,No,0,0.0423021442890609,Male,0,Yes,Yes,69,Two year,Fiber optic,Credit card (automatic),79.2,5420.65,Low
5025-GOOKI,No,0,0.11051317072577277,Female,0,No,No,20,Month-to-month,No,Credit card (automatic),18.9,347.65,Low
1403-LKLIK,No,0,0.02207113932749019,Female,0,Yes,Yes,33,One year,No,Mailed check,20.1,579.4,Low
3255-GRXMG,No,0,0.2190719729153819,Male,0,No,Yes,18,Month-to-month,DSL,Credit card (automatic),45.65,747.2,Low
0303-WMMRN,No,0,0.21834487128162053,Male,0,No,No,5,Month-to-month,No,Mailed check,19.25,86.05,Low
9786-YWNHU,No,0,0.004898102097468758,Female,0,Yes,Yes,63,Two year,DSL,Mailed check,63.55,4014.2,Low
1230-QAJDW,No,0,0.4088122190922201,Male,0,No,No,3,Month-to-month,DSL,Mailed check,65.25,209.9,Medium
4854-SSLTN,No,0,0.04508174134360224,Male,0,Yes,Yes,2,Two year,DSL,Mailed check,59.5,130.5,Low
3061-BCKYI,No,0,0.11086899768506225,Male,0,No,No,14,Month-to-month,No,Mailed check,19.9,283.75,Low
5188-HGMLP,No,0,0.21972076824365858,Male,1,Yes,No,54,Month-to-month,Fiber optic,Bank transfer (automatic),74.0,3919.15,Low
4671-LXRDQ,Yes,0,0.42607318808654293,Male,0,No,No,2,Month-to-month,DSL,Mailed check,45.0,96.45,Medium
7537-RBWEA,No,1,0.5941567297778565,Female,0,No,No,1,Month-to-month,DSL,Mailed check,25.15,25.15,Medium
8606-OEGQZ,No,0,0.02930605520876699,Female,0,No,Yes,18,Two year,No,Credit card (automatic),25.3,454.65,Low
9058-CBREO,Yes,0,0.4887797498012086,Female,1,No,No,1,Month-to-month,DSL,Mailed check,50.55,50.55,Medium
4989-LIXVT,No,0,0.36393127516414775,Male,1,No,No,68,Month-to-month,Fiber optic,Electronic check,95.9,6503.2,Medium
4853-OITSN,No,1,0.6703842745561408,Male,0,Yes,No,5,Month-to-month,Fiber optic,Electronic check,89.15,413.25,High
4760-THGOT,No,0,0.3975142963659445,Female,0,Yes,No,43,Month-to-month,Fiber optic,Electronic check,94.1,4107.3,Medium
3452-GWUIN,No,1,0.7577423544330425,Female,1,Yes,No,19,Month-to-month,Fiber optic,Electronic check,94.95,1760.25,High
2867-UIMSS,Yes,1,0.6461838244410631,Male,0,No,No,1,Month-to-month,Fiber optic,Electronic check,80.5,80.5,High
8945-MUQUF,Yes,0,0.1981304497239656,Male,0,No,No,51,One year,Fiber optic,Electronic check,94.8,4837.6,Low
6778-JFCMK,No,0,0.22080787003646668,Male,0,No,No,24,One year,DSL,Mailed check,50.6,1288.75,Low
6078-VESFR,No,0,0.4755594589528078,Male,1,Yes,No,13,Month-to-month,Fiber optic,Bank transfer (automatic),70.45,849.1,Medium
3429-IFLEM,No,0,0.006190885183487169,Female,0,No,No,71,Two year,DSL,Credit card (automatic),77.35,5550.1,Low
4280-DLSHD,No,0,0.34486874033695436,Male,0,Yes,No,8,Month-to-month,DSL,Mailed check,54.75,445.85,Medium
5322-ZSMZY,No,0,0.015982362271986888,Male,0,Yes,Yes,31,Two year,No,Mailed check,25.75,755.6,Low
0536-ESJEP,No,0,0.029722010169546682,Male,0,Yes,No,54,Two year,DSL,Bank transfer (automatic),74.55,4191.45,Low
9091-WTUUY,No,0,0.006528771417475935,Male,0,Yes,Yes,64,Two year,DSL,Mailed check,69.25,4447.75,Low
0301-KOBTQ,No,0,0.01858288207024644,Male,0,No,No,32,Two year,No,Bank transfer (automatic),20.05,614.45,Low
1178-PZGAB,No,0,0.04885383486504778,Female,0,No,No,19,One year,No,Credit card (automatic),20.25,383.65,Low
1043-YCUTE,Yes,0,0.006999539714755925,Male,0,Yes,No,56,Two year,No,Credit card (automatic),25.15,1327.15,Low
7399-QHBJS,No,0,0.004366384180835298,Female,0,Yes,Yes,72,Two year,DSL,Credit card (automatic),66.75,4760.3,Low
7359-PTSXY,Yes,0,0.4267825291843728,Male,0,No,No,1,Month-to-month,DSL,Electronic check,45.75,45.75,Medium
6614-FHDBO,No,0,0.053889468991410075,Male,0,No,No,72,Two year,Fiber optic,Bank transfer (automatic),109.2,7878.3,Low
6333-YDVLT,No,0,0.12091055126645218,Male,0,No,No,65,One year,Fiber optic,Credit card (automatic),110.0,7138.65,Low
3458-IDMFK,No,0,0.026427120801200212,Male,0,No,No,25,Two year,No,Mailed check,20.75,499.4,Low
1241-EZFMJ,No,0,0.004346032667104255,Male,0,Yes,No,61,Two year,No,Bank transfer (automatic),25.45,1538.6,Low
0587-DMGBH,Yes,0,0.35961883754216684,Female,0,No,No,8,Month-to-month,DSL,Electronic check,49.85,365.55,Medium
2937-FTHUR,No,0,0.27590370954446086,Female,0,No,Yes,18,Month-to-month,DSL,Electronic check,64.8,1166.7,Low
1095-JUDTC,Yes,0,0.39525780317738674,Female,1,No,No,47,Month-to-month,Fiber optic,Electronic check,95.05,4504.55,Medium
0761-AETCS,Yes,0,0.2598849916412247,Female,0,No,No,1,Month-to-month,No,Electronic check,19.3,19.3,Low
6075-QMNRR,No,0,0.060218253726129566,Female,0,No,No,52,Month-to-month,DSL,Bank transfer (automatic),49.75,2535.55,Low
9507-EXLTT,Yes,1,0.6596611160672918,Female,0,Yes,No,1,Month-to-month,Fiber optic,Bank transfer (automatic),79.35,79.35,High
2040-XBAVJ,No,0,0.03453872533659357,Male,0,Yes,Yes,72,Two year,Fiber optic,Bank transfer (automatic),114.45,8100.55,Low
7663-YJHSN,No,0,0.041980381275301924,Female,0,Yes,No,72,Two year,Fiber optic,Bank transfer (automatic),103.95,7556.9,Low
2346-CZYIL,No,0,0.015621258069624187,Male,0,No,No,27,Two year,No,Credit card (automatic),20.35,531.6,Low
5115-SQAAU,No,0,0.0036241120253214846,Female,0,Yes,Yes,69,Two year,No,Bank transfer (automatic),25.6,1673.4,Low
3863-QSTYI,No,0,0.0788136187102615,Male,0,No,No,59,Month-to-month,DSL,Electronic check,64.65,3735.45,Low
8033-ATFAS,No,0,0.15593558804805308,Female,0,Yes,Yes,39,Month-to-month,DSL,Mailed check,59.85,2341.5,Low
5515-AKOAJ,Yes,0,0.39018853433267964,Female,0,No,No,54,Month-to-month,Fiber optic,Electronic check,100.1,5440.9,Medium
2586-CWXVV,No,0,0.08272958995311055,Male,0,Yes,No,54,Month-to-month,DSL,Electronic check,30.4,1621.35,Low
1342-JPNKI,Yes,1,0.6366317548283115,Male,0,No,No,10,Month-to-month,Fiber optic,Bank transfer (automatic),86.05,834.1,High
8654-DHAOW,No,0,0.38655666194104366,Female,0,No,No,2,Month-to-month,DSL,Mailed check,54.15,101.65,Medium
2239-CGBUZ,No,0,0.0249566972506048,Female,0,Yes,No,51,One year,DSL,Bank transfer (automatic),60.5,3145.15,Low
2480-SQIOB,No,0,0.3574836611676729,Male,0,Yes,Yes,4,Month-to-month,DSL,Electronic check,44.8,169.65,Medium
9239-ZBZZV,Yes,1,0.6971665200152704,Female,0,No,No,6,Month-to-month,DSL,Electronic check,47.95,305.1,High
7409-JURKQ,No,0,0.2180502594223536,Female,0,Yes,No,53,One year,Fiber optic,Bank transfer (automatic),111.8,5809.75,Low
3090-LETTY,No,0,0.2601761963824645,Male,0,No,Yes,2,Month-to-month,DSL,Bank transfer (automatic),60.95,134.6,Low
1452-VOQCH,No,1,0.7310824062503828,Male,0,No,No,1,Month-to-month,Fiber optic,Electronic check,75.1,75.1,High
6097-EQISJ,Yes,0,0.1667314864676588,Female,0,Yes,Yes,66,One year,Fiber optic,Credit card (automatic),102.45,6615.15,Low
5543-QDCRY,No,1,0.5200426747619485,Male,0,No,No,4,Month-to-month,DSL,Electronic check,56.4,234.85,Medium
0295-PPHDO,Yes,1,0.7943975362790766,Male,0,No,No,1,Month-to-month,Fiber optic,Electronic check,95.45,95.45,High
4334-HOWRP,No,0,0.015990885906987537,Male,1,Yes,No,72,Two year,DSL,Credit card (automatic),64.95,4546.0,Low
1987-AUELQ,No,0,0.002615768560805591,Female,0,Yes,No,71,Two year,No,Credit card (automatic),25.05,1873.7,Low
9530-EHPOH,Yes,0,0.3920205792173623,Male,0,No,No,11,Month-to-month,DSL,Electronic check,53.75,608.0,Medium
0058-EVZWM,No,0,0.25443193124266633,Female,0,Yes,No,55,Month-to-month,Fiber optic,Bank transfer (automatic),89.8,4959.6,Low
5122-CYFXA,No,0,0.4567157436012696,Female,0,No,No,3,Month-to-month,DSL,Electronic check,75.3,244.1,Medium
0625-AFOHS,No,0,0.013868346704906949,Female,0,Yes,Yes,29,Two year,No,Mailed check,20.2,558.8,Low
8779-QRDMV,Yes,1,0.7479697099311375,Male,1,No,No,1,Month-to-month,DSL,Electronic check,39.65,39.65,High
5146-CBVOE,No,0,0.3804796357752394,Female,0,No,No,16,Month-to-month,Fiber optic,Bank transfer (automatic),75.1,1212.85,Medium
2812-ENYMO,No,0,0.09693928831583687,Male,0,No,No,26,One year,DSL,Credit card (automatic),54.55,1362.85,Low
1395-OFUWC,No,0,0.0792037414391795,Male,0,Yes,Yes,43,Month-to-month,DSL,Credit card (automatic),29.3,1224.05,Low
5605-IYGFG,No,1,0.5733001438401338,Female,0,No,No,7,Month-to-month,Fiber optic,Bank transfer (automatic),69.85,515.45,Medium
3413-CSSTH,No,0,0.16629321591762317,Male,0,No,No,41,Month-to-month,DSL,Bank transfer (automatic),55.7,2237.55,Low
0447-BEMNG,Yes,0,0.13925833588046585,Female,0,Yes,No,48,Month-to-month,DSL,Bank transfer (automatic),45.3,2145.0,Low
4872-JCVCA,No,0,0.0077692293997206775,Female,0,Yes,No,71,Two year,DSL,Bank transfer (automatic),47.6,3377.8,Low
5386-THSLQ,No,0,0.042370538966663686,Female,1,Yes,No,66,One year,DSL,Bank transfer (automatic),45.55,3027.25,Low
2160-GPFXD,No,0,0.011306556641803576,Male,0,Yes,Yes,54,Two year,DSL,Credit card (automatic),65.65,3566.7,Low
1061-PNTHC,No,0,0.22495242194155293,Female,0,Yes,Yes,56,Month-to-month,Fiber optic,Mailed check,109.6,5953.0,Low
2581-VKIRT,No,0,0.014802367646807056,Female,0,Yes,Yes,59,One year,DSL,Mailed check,65.5,3801.3,Low
7005-CYUIL,No,0,0.05173710166018571,Female,1,Yes,No,71,Two year,Fiber optic,Electronic check,99.4,7168.25,Low
4472-VESGY,No,0,0.18709757116093897,Female,0,Yes,Yes,52,Month-to-month,Fiber optic,Bank transfer (automatic),98.15,4993.4,Low
5676-CFLYY,No,0,0.010983444657356555,Male,0,Yes,Yes,71,Two year,DSL,Credit card (automatic),73.35,5154.5,Low
4589-IUAJB,No,0,0.002729351751627954,Male,0,Yes,No,70,Two year,No,Bank transfer (automatic),24.25,1724.15,Low
4795-KTRTH,Yes,1,0.7405994193471055,Female,1,Yes,No,5,Month-to-month,Fiber optic,Electronic check,81.0,371.65,High
7975-TZMLR,No,0,0.3636668307985966,Male,0,No,No,47,One year,Fiber optic,Electronic check,103.1,4889.3,Medium
3050-GBUSH,No,1,0.5867347761492239,Female,0,No,No,3,Month-to-month,DSL,Credit card (automatic),34.8,113.95,Medium
4080-IIARD,No,0,0.3026409483824423,Female,0,Yes,No,13,Month-to-month,DSL,Electronic check,76.2,981.45,Medium
3621-CHYVB,No,0,0.06971304519911664,Female,0,Yes,No,57,Month-to-month,DSL,Bank transfer (automatic),49.9,2782.4,Low
8155-IBNHG,Yes,0,0.46871637952564343,Female,0,Yes,No,24,Month-to-month,Fiber optic,Credit card (automatic),75.4,1747.85,Medium
4369-HTUIF,Yes,1,0.5721331042212234,Male,1,No,No,6,Month-to-month,Fiber optic,Bank transfer (automatic),85.15,503.6,Medium
0114-RSRRW,No,0,0.19080577981943683,Female,0,Yes,No,10,Month-to-month,No,Bank transfer (automatic),19.95,187.75,Low
6474-FVJLC,Yes,1,0.7644585611524337,Male,0,No,No,2,Month-to-month,Fiber optic,Electronic check,86.0,165.45,High
7975-JMZNT,No,0,0.016021456644594728,Male,0,Yes,No,66,Two year,DSL,Bank transfer (automatic),91.7,6075.9,Low
1112-CUNAO,Yes,1,0.6532255201040053,Female,1,No,No,15,Month-to-month,Fiber optic,Electronic check,89.85,1424.95,High
8080-DDEMJ,Yes,0,0.4859780754911078,Male,1,No,No,1,Month-to-month,DSL,Electronic check,45.1,45.1,Medium
6289-CPNLD,Yes,0,0.09694170809377185,Male,0,Yes,Yes,33,One year,DSL,Mailed check,73.9,2405.05,Low
9788-HNGUT,No,0,0.06037781885913636,Male,0,Yes,No,72,Two year,Fiber optic,Credit card (automatic),116.95,8594.4,Low
9919-YLNNG,No,0,0.31580859502888825,Female,0,No,No,42,Month-to-month,Fiber optic,Bank transfer (automatic),103.8,4327.5,Medium
3099-OONVS,No,0,0.09276422787075408,Male,0,Yes,Yes,25,Month-to-month,DSL,Electronic check,54.3,1296.8,Low
5951-AOFIH,No,0,0.1848420550944279,Male,0,No,No,33,Month-to-month,DSL,Credit card (automatic),66.4,2245.4,Low
7596-ZYWBB,No,0,0.006563053959045141,Female,0,No,No,65,Two year,DSL,Mailed check,59.6,3739.8,Low
2988-QRAJY,No,0,0.07529468107927957,Male,0,No,No,69,Two year,Fiber optic,Credit card (automatic),110.05,7430.75,Low
0236-HFWSV,Yes,1,0.7218158998578698,Male,0,No,No,15,Month-to-month,Fiber optic,Electronic check,93.35,1444.65,High
8174-TBVCF,No,0,0.022260848671780176,Female,0,Yes,No,70,Two year,DSL,Credit card (automatic),94.8,6859.05,Low
0301-FIDRB,No,0,0.012886189638359677,Female,0,Yes,Yes,72,Two year,DSL,Bank transfer (automatic),63.8,4684.3,Low
4791-QRGMF,Yes,0,0.2557873973488535,Male,0,Yes,No,59,One year,Fiber optic,Bank transfer (automatic),99.5,5961.1,Low
0732-OCQOC,No,0,0.008501393646280858,Female,0,Yes,Yes,52,Two year,No,Bank transfer (automatic),25.05,1270.25,Low
1982-FEBTD,No,0,0.03212523713358387,Female,0,Yes,Yes,23,Two year,No,Credit card (automatic),25.6,514.75,Low
1363-TXLSL,Yes,1,0.7309981597628278,Male,1,Yes,No,1,Month-to-month,Fiber optic,Electronic check,70.3,70.3,High
2348-KCJLT,No,0,0.04998864790960933,Female,0,Yes,No,44,One year,DSL,Mailed check,61.5,2722.2,Low
1447-GIQMR,Yes,1,0.6803068312022647,Male,0,Yes,No,1,Month-to-month,Fiber optic,Electronic check,69.15,69.15,High
7503-QQRVF,Yes,0,0.4883695548377914,Male,1,Yes,No,16,Month-to-month,Fiber optic,Credit card (automatic),74.3,1178.25,Medium
8383-SGHJU,No,0,0.06426512479727049,Female,0,No,No,33,One year,DSL,Electronic check,59.4,1952.8,Low
5666-CYCYZ,No,1,0.5405958939620075,Female,0,No,No,24,Month-to-month,Fiber optic,Electronic check,89.55,2259.35,Medium
1548-FEHVL,No,0,0.338845402231869,Male,0,Yes,No,61,Month-to-month,Fiber optic,Electronic check,106.2,6375.2,Medium
9253-QXKBE,Yes,1,0.6852067505817276,Male,1,Yes,No,29,Month-to-month,Fiber optic,Electronic check,94.45,2653.65,High
3404-JNXAX,No,0,0.2352383587625339,Female,0,Yes,Yes,51,Month-to-month,Fiber optic,Electronic check,80.75,4116.9,Low
4795-UXVCJ,No,0,0.03193416267919792,Male,0,No,No,26,One year,No,Credit card (automatic),19.8,457.3,Low
7198-GLXTC,Yes,1,0.6212785079133586,Male,0,No,No,2,Month-to-month,Fiber optic,Electronic check,79.0,143.65,High
7989-VCQOH,No,0,0.1958494530481493,Male,0,Yes,Yes,18,Month-to-month,DSL,Electronic check,83.25,1611.15,Low
4560-WQAQW,No,0,0.026075978843422273,Female,0,No,No,59,One year,DSL,Bank transfer (automatic),68.7,4070.95,Low
5461-QKNTN,No,0,0.39893828055117614,Male,1,Yes,No,43,Month-to-month,Fiber optic,Electronic check,94.3,3953.15,Medium
9799-CAYJJ,No,1,0.735758475412996,Female,1,Yes,No,2,Month-to-month,Fiber optic,Electronic check,69.3,153.8,High
9347-AERRL,No,0,0.03862633150984246,Male,0,Yes,No,23,One year,No,Credit card (automatic),19.3,486.2,Low
6270-OMFIW,Yes,0,0.20828959085053492,Male,0,Yes,No,60,One year,Fiber optic,Electronic check,94.4,5610.25,Low
7396-VJUZB,No,0,0.2897099483846584,Male,0,Yes,Yes,4,Month-to-month,DSL,Mailed check,45.25,155.35,Low
5821-MMEIL,No,0,0.003940526127374832,Female,0,Yes,No,57,Two year,No,Bank transfer (automatic),19.9,1115.6,Low
1452-XRSJV,No,0,0.06113191730654316,Female,0,Yes,Yes,39,Month-to-month,DSL,Credit card (automatic),51.05,2066.0,Low
1000-AJSLD,Yes,0,0.2569556903140293,Male,0,No,No,1,Month-to-month,No,Mailed check,20.1,20.1,Low
6048-QBXKL,No,1,0.5146295899018825,Female,1,No,No,2,Month-to-month,DSL,Credit card (automatic),56.55,118.25,Medium
2761-XECQW,No,1,0.5891466242992986,Male,1,Yes,No,8,Month-to-month,DSL,Mailed check,43.35,371.4,Medium
0257-KXZGU,No,0,0.1520383644859382,Female,0,Yes,Yes,32,Month-to-month,DSL,Bank transfer (automatic),62.45,2045.55,Low
8065-YKXKD,Yes,1,0.6817646809606585,Female,0,No,No,10,Month-to-month,Fiber optic,Electronic check,74.75,799.65,High
3566-HJGPK,No,0,0.43678159806005873,Male,0,No,No,1,Month-to-month,DSL,Mailed check,45.55,45.55,Medium
3049-SOLAY,Yes,1,0.7976234052137241,Female,0,Yes,No,3,Month-to-month,Fiber optic,Electronic check,95.2,292.85,High
4702-IOQDC,Yes,1,0.6902565275868067,Female,0,No,No,1,Month-to-month,Fiber optic,Electronic check,70.1,70.1,High
3018-TFTSU,Yes,0,0.34034835821079257,Male,0,No,No,12,Month-to-month,Fiber optic,Bank transfer (automatic),81.7,858.6,Medium
4549-ZDQYY,No,0,0.01663436494211409,Female,0,No,No,52,One year,DSL,Credit card (automatic),57.95,3042.25,Low
7315-WYOAW,No,1,0.5600779516564122,Male,0,No,No,13,Month-to-month,Fiber optic,Electronic check,100.75,1313.25,Medium
1038-ZAGBI,Yes,0,0.06455242870415526,Female,0,Yes,Yes,12,One year,No,Bank transfer (automatic),19.8,229.6,Low
8089-UZWLX,No,0,0.11277323445142642,Female,1,No,No,71,Two year,Fiber optic,Bank transfer (automatic),104.05,7413.55,Low
5299-RULOA,Yes,1,0.6581299434539158,Female,0,Yes,Yes,10,Month-to-month,Fiber optic,Electronic check,100.25,1064.65,High
1298-PHBTI,No,0,0.0390313133973736,Male,0,Yes,Yes,71,Two year,Fiber optic,Electronic check,84.8,6152.4,Low
3374-PZLXD,No,0,0.042343087131499736,Male,0,No,No,34,Month-to-month,No,Mailed check,19.7,675.6,Low
0123-CRBRT,No,0,0.01582659147495649,Female,0,Yes,Yes,61,Two year,DSL,Mailed check,88.1,5526.75,Low
4819-HJPIW,No,0,0.29510018479953093,Male,0,No,No,18,Month-to-month,DSL,Mailed check,25.15,476.8,Low
5854-KSRBJ,No,0,0.002327839789638267,Male,0,Yes,Yes,70,Two year,No,Mailed check,25.4,1782.05,Low
1942-OQFRW,No,0,0.4254458368828121,Male,0,No,No,1,Month-to-month,DSL,Electronic check,44.0,44.0,Medium
9801-GDWGV,Yes,1,0.5729437855241846,Female,0,No,No,39,Month-to-month,Fiber optic,Electronic check,103.45,3994.45,Medium
5327-XOKKY,No,0,0.037253348816878466,Male,1,Yes,No,72,Two year,DSL,Credit card (automatic),73.45,5329.0,Low
6198-ZFIOJ,No,1,0.6415083370532855,Female,0,No,No,5,Month-to-month,Fiber optic,Electronic check,75.6,402.5,High
8566-YPRGL,No,0,0.26804570070000816,Female,0,No,No,1,Month-to-month,No,Mailed check,19.5,19.5,Low
4238-HFHSN,No,0,0.3008086538358573,Male,1,Yes,No,61,Month-to-month,Fiber optic,Electronic check,82.15,4904.85,Medium
4994-OBRSZ,No,0,0.03743471151363183,Male,0,No,Yes,14,Two year,DSL,Bank transfer (automatic),76.1,1054.8,Low
6413-XKKPU,Yes,0,0.47113370478589467,Male,0,Yes,Yes,17,Month-to-month,Fiber optic,Electronic check,89.4,1539.45,Medium
0731-EBJQB,No,0,0.016697926877555093,Female,0,Yes,Yes,52,One year,No,Electronic check,20.4,1090.65,Low
3727-OVPRY,No,0,0.007516926681331797,Male,0,Yes,Yes,66,One year,No,Credit card (automatic),25.7,1714.55,Low
4390-KYULV,Yes,0,0.22584721260590135,Male,0,Yes,No,3,Month-to-month,No,Credit card (automatic),20.55,51.15,Low
2876-GZYZC,No,1,0.7160700730437463,Female,0,No,No,13,Month-to-month,Fiber optic,Electronic check,85.95,1215.65,High
3392-EHMNK,No,0,0.030303126940349187,Female,0,Yes,Yes,67,Two year,Fiber optic,Credit card (automatic),94.1,6302.8,Low
8049-WJCLQ,No,0,0.27526563700789775,Male,0,Yes,Yes,10,Month-to-month,DSL,Mailed check,60.2,563.5,Low
6969-MVBAI,No,1,0.7714773371197415,Female,1,No,No,9,Month-to-month,Fiber optic,Electronic check,90.1,816.8,High
8741-LQOBK,No,0,0.06113429587567551,Female,0,Yes,Yes,46,Month-to-month,DSL,Bank transfer (automatic),35.05,1620.25,Low
1394-SUIUH,No,0,0.21904544731808742,Female,1,Yes,No,44,Month-to-month,Fiber optic,Electronic check,85.15,3670.5,Low
4450-YOOHP,No,0,0.2766239420083447,Female,0,No,No,39,Month-to-month,DSL,Credit card (automatic),50.65,1905.4,Low
4632-PAOYU,No,0,0.036995757388141606,Male,0,Yes,Yes,22,One year,No,Mailed check,19.95,433.5,Low
0259-GBZSH,Yes,1,0.7533343116172876,Male,0,No,No,2,Month-to-month,Fiber optic,Electronic check,85.65,181.5,High
8514-VZHEB,No,0,0.0027890525323972727,Male,0,Yes,Yes,59,Two year,No,Mailed check,19.5,1147.85,Low
6845-RGTYS,Yes,0,0.3609964859448291,Female,0,Yes,No,47,Month-to-month,Fiber optic,Electronic check,98.75,4533.7,Medium
5307-DZCVC,Yes,1,0.5166850478995225,Female,1,Yes,No,32,Month-to-month,Fiber optic,Credit card (automatic),85.95,2628.6,Medium
6352-TWCAU,Yes,1,0.537485952201523,Female,0,No,No,35,Month-to-month,Fiber optic,Electronic check,86.45,3029.1,Medium
4472-LVYGI,No,0,0.15621514268631534,Female,0,Yes,Yes,0,Two year,DSL,Bank transfer (automatic),52.55,0.0,Low
7181-OQCUT,No,0,0.45486448504213767,Male,0,No,No,21,Month-to-month,Fiber optic,Mailed check,103.85,2215.0,Medium
5324-KTGCG,No,0,0.00509972434971102,Male,0,Yes,No,71,One year,No,Electronic check,20.85,1539.75,Low
4776-XSKYQ,No,0,0.14373976987164652,Female,0,Yes,Yes,12,One year,DSL,Credit card (automatic),30.25,368.85,Low
0565-IYCGT,Yes,0,0.023566832799881574,Male,0,No,No,69,One year,DSL,Credit card (automatic),78.6,5356.45,Low
3793-MMFUH,Yes,1,0.7902103797443326,Female,1,No,No,13,Month-to-month,Fiber optic,Electronic check,95.05,1290.0,High
7926-IJOOU,No,0,0.18328704430619097,Male,0,No,No,1,Month-to-month,No,Credit card (automatic),19.3,19.3,Low
6143-JQKEA,No,0,0.3241877328709314,Male,0,No,No,10,Month-to-month,DSL,Credit card (automatic),45.8,436.2,Medium
7134-HBPBS,No,0,0.0951739628858343,Female,1,No,No,72,Two year,Fiber optic,Bank transfer (automatic),108.1,7774.05,Low
5266-PFRQK,No,0,0.010687482043900132,Male,0,Yes,Yes,52,One year,No,Credit card (automatic),20.85,1071.6,Low
2212-LYASK,No,0,0.17363561740581143,Male,0,Yes,Yes,27,One year,DSL,Credit card (automatic),45.85,1246.4,Low
6087-MVHJH,Yes,1,0.6938770186241106,Female,0,No,No,16,Month-to-month,Fiber optic,Electronic check,88.45,1422.1,High
6518-KZXCB,No,0,0.029146719627415583,Male,0,No,No,22,Two year,No,Mailed check,25.25,566.5,Low
9889-TMAHG,Yes,0,0.40018388815632744,Male,1,No,No,8,Month-to-month,Fiber optic,Credit card (automatic),100.3,832.35,Medium
5781-BKHOP,No,0,0.04329117059457792,Female,0,Yes,No,72,Two year,Fiber optic,Bank transfer (automatic),100.65,7334.05,Low
7594-LZNWR,No,0,0.2721744498109936,Male,1,No,No,34,Month-to-month,Fiber optic,Credit card (automatic),69.15,2275.1,Low
5995-WWKKG,No,0,0.03999114966172488,Female,0,No,No,37,One year,No,Electronic check,19.8,695.05,Low
2621-UDNLU,No,0,0.1926365773030407,Female,0,Yes,No,3,Month-to-month,No,Mailed check,20.85,72.0,Low
1525-LNLOJ,No,0,0.02230131335501027,Male,0,Yes,Yes,66,Two year,DSL,Bank transfer (automatic),63.3,4189.7,Low
4895-TMWIR,Yes,0,0.15808131125900307,Male,1,Yes,No,11,Month-to-month,No,Mailed check,19.95,214.75,Low
3043-SUDUA,No,0,0.049509375517484376,Female,0,No,No,32,Month-to-month,No,Bank transfer (automatic),19.9,601.55,Low
3301-VKTGC,No,0,0.06279871938926145,Male,0,Yes,Yes,68,One year,Fiber optic,Bank transfer (automatic),85.5,5696.6,Low
2951-QOQTK,Yes,0,0.39090805782034943,Male,0,No,Yes,4,Month-to-month,Fiber optic,Credit card (automatic),80.8,332.45,Medium
9070-BCKQP,No,0,0.058317805541233086,Female,0,Yes,No,72,Two year,Fiber optic,Credit card (automatic),110.15,7881.2,Low
7969-AULMZ,Yes,1,0.708011416913816,Female,0,No,No,21,Month-to-month,Fiber optic,Electronic check,97.35,2119.5,High
3196-NVXLZ,No,1,0.5311828145940909,Female,0,No,No,25,Month-to-month,Fiber optic,Mailed check,84.6,2088.05,Medium
3764-MNMOI,No,0,0.005883523746704749,Male,0,No,No,46,Two year,No,Credit card (automatic),19.2,908.15,Low
6901-GOGZG,No,0,0.028635013735328434,Male,0,No,Yes,60,Two year,DSL,Electronic check,84.95,4984.85,Low
9286-BHDQG,No,0,0.0034780821219462287,Male,0,Yes,Yes,72,Two year,DSL,Credit card (automatic),45.25,3139.8,Low
6981-TDRFT,No,0,0.11883550862285851,Male,0,Yes,Yes,44,One year,DSL,Electronic check,54.3,2317.1,Low
2320-TZRRH,No,0,0.050134648789876286,Female,0,No,No,20,One year,No,Mailed check,19.5,403.15,Low
1013-QCWAM,No,0,0.4551661680794271,Female,1,Yes,No,66,Month-to-month,Fiber optic,Electronic check,100.8,6690.75,Medium
8040-MNRTF,No,1,0.5370348081312027,Female,0,No,No,1,Month-to-month,Fiber optic,Mailed check,71.1,71.1,Medium
4298-OYIFC,No,1,0.6374036594792547,Male,0,Yes,No,15,Month-to-month,Fiber optic,Electronic check,103.45,1539.8,High
3824-RHKVR,No,0,0.094440889973266,Female,0,No,No,17,Month-to-month,No,Credit card (automatic),19.7,340.35,Low
3550-SAHFP,Yes,1,0.5592216695284333,Female,0,No,No,33,Month-to-month,Fiber optic,Electronic check,83.35,2757.85,Medium
4979-HPRFL,No,0,0.004678833218883064,Male,0,Yes,Yes,56,Two year,No,Bank transfer (automatic),24.15,1402.25,Low
9314-IJWSQ,No,1,0.6552300238262803,Female,0,Yes,Yes,14,Month-to-month,Fiber optic,Electronic check,84.8,1203.9,High
8098-LLAZX,Yes,1,0.827961184653758,Female,1,No,No,4,Month-to-month,Fiber optic,Electronic check,95.45,396.1,High
5804-JMYIO,No,0,0.008304976306159138,Female,0,Yes,Yes,39,Two year,No,Mailed check,19.75,757.95,Low
2995-YWTCD,No,0,0.04319066551862848,Female,0,Yes,Yes,19,Two year,No,Bank transfer (automatic),24.9,467.7,Low
6818-WOBHJ,Yes,0,0.2871633876616634,Female,1,Yes,No,68,Month-to-month,Fiber optic,Bank transfer (automatic),89.6,6127.6,Low
9964-WBQDJ,No,0,0.003530921845684855,Female,0,Yes,No,71,Two year,No,Credit card (automatic),24.4,1725.4,Low
7137-NAXML,No,0,0.04067904819133291,Male,0,No,No,23,One year,No,Bank transfer (automatic),20.15,405.6,Low
6980-CDGFC,No,0,0.006720412153202782,Female,0,Yes,No,67,One year,No,Bank transfer (automatic),20.85,1327.4,Low
0455-XFASS,No,1,0.6389792987799114,Female,0,Yes,Yes,3,Month-to-month,Fiber optic,Electronic check,69.55,200.2,High
2057-ZBLPD,Yes,1,0.6600050643858159,Female,0,Yes,No,21,Month-to-month,Fiber optic,Electronic check,86.5,1808.7,High
9373-WSLOY,No,0,0.2979514724526422,Male,1,Yes,No,33,Month-to-month,DSL,Electronic check,50.0,1750.85,Low
1845-CSBRZ,No,1,0.5029032853439434,Female,1,Yes,Yes,22,Month-to-month,Fiber optic,Bank transfer (automatic),85.35,1961.6,Medium
6479-VDGRK,No,0,0.008009933495061204,Female,0,Yes,Yes,72,Two year,DSL,Bank transfer (automatic),85.3,6129.2,Low
5385-SUIRI,Yes,0,0.49443242168782964,Male,1,Yes,No,52,Month-to-month,Fiber optic,Electronic check,104.2,5568.35,Medium
8676-OOQEJ,No,0,0.4235451828475676,Male,0,No,No,4,Month-to-month,DSL,Electronic check,30.5,118.4,Medium
6848-HJTXY,No,0,0.002466172717360092,Female,0,Yes,No,64,Two year,No,Credit card (automatic),19.45,1208.6,Low
4811-JBUVU,No,0,0.38048094355755985,Male,0,No,No,30,Month-to-month,Fiber optic,Credit card (automatic),89.9,2723.15,Medium
3908-MKIMJ,No,0,0.020177503938753144,Male,1,Yes,No,68,Two year,DSL,Electronic check,41.95,2965.75,Low
1985-MBRYP,No,0,0.01104841298718985,Female,0,No,No,43,Two year,No,Bank transfer (automatic),19.65,779.25,Low
5716-LIBJC,No,0,0.45020726065800504,Female,0,No,Yes,13,One year,Fiber optic,Credit card (automatic),104.15,1299.1,Medium
6907-NZZIJ,Yes,1,0.5847061828652957,Female,0,No,No,36,Month-to-month,Fiber optic,Electronic check,99.15,3615.6,Medium
5201-FRKKS,No,0,0.2512395313878157,Male,0,No,No,25,Month-to-month,Fiber optic,Bank transfer (automatic),74.3,1952.25,Low
4143-OOBWZ,Yes,1,0.6821529390460461,Male,0,Yes,No,5,Month-to-month,Fiber optic,Electronic check,81.3,416.3,High
5565-FILXA,Yes,1,0.7737779976746438,Female,1,No,No,16,Month-to-month,Fiber optic,Electronic check,96.15,1529.2,High
6878-GGDWG,No,0,0.050788836220012144,Female,0,Yes,No,32,Month-to-month,No,Bank transfer (automatic),19.4,641.15,Low
8173-RXAYP,No,0,0.01782619378875653,Female,0,Yes,Yes,24,Two year,No,Mailed check,19.7,452.55,Low
8734-DKSTZ,No,1,0.6191534429083083,Female,0,Yes,Yes,10,Month-to-month,Fiber optic,Electronic check,85.95,858.6,High
9558-IHEZX,No,0,0.06788370569906764,Female,0,No,No,71,Two year,Fiber optic,Credit card (automatic),106.75,7283.25,Low
8565-HBFNN,No,0,0.08259406976833555,Male,0,Yes,No,69,One year,Fiber optic,Credit card (automatic),107.2,7317.1,Low
2176-OSJUV,No,0,0.0054989225197326795,Male,0,Yes,No,71,Two year,DSL,Bank transfer (automatic),65.15,4681.75,Low
8356-WUAOJ,No,1,0.5315915516986996,Female,0,Yes,No,1,Month-to-month,DSL,Electronic check,45.0,45.0,Medium
6827-IEAUQ,No,0,0.039636601317948945,Female,0,Yes,Yes,27,One year,DSL,Mailed check,66.15,1874.45,Low
4086-ATNFV,No,0,0.06020087799848062,Female,0,Yes,Yes,34,One year,DSL,Mailed check,60.8,2042.05,Low
3009-JWMPU,Yes,0,0.28527524187414277,Male,0,No,No,62,One year,Fiber optic,Electronic check,96.75,6125.4,Low
3950-VPYJB,No,0,0.01108664654449923,Male,0,Yes,Yes,57,One year,DSL,Mailed check,59.6,3509.4,Low
4737-AQCPU,No,0,0.004504246128109046,Male,0,Yes,Yes,72,Two year,DSL,Credit card (automatic),72.1,5016.65,Low
3177-LASXD,Yes,1,0.6121875932142633,Female,0,No,No,1,Month-to-month,Fiber optic,Electronic check,71.35,71.35,High
3389-YGYAI,Yes,1,0.794803418275433,Female,1,No,No,8,Month-to-month,Fiber optic,Electronic check,105.5,829.55,High
4534-WGCIR,No,0,0.004181304347118671,Female,0,Yes,Yes,58,Two year,No,Credit card (automatic),25.15,1509.9,Low
5743-KHMNA,No,0,0.0026853042289995683,Male,0,No,No,71,Two year,No,Bank transfer (automatic),25.55,1898.1,Low
5380-WJKOV,Yes,1,0.597320554273569,Male,0,No,No,34,Month-to-month,Fiber optic,Electronic check,106.35,3549.25,Medium
6576-FBXOJ,No,0,0.25970213668955594,Male,0,Yes,No,17,One year,DSL,Electronic check,54.6,934.8,Low
0923-PNFUB,Yes,1,0.5981221803036922,Female,0,No,No,3,Month-to-month,Fiber optic,Electronic check,83.75,247.25,Medium
9504-DSHWM,No,0,0.1289661354605047,Male,0,No,No,20,Month-to-month,DSL,Bank transfer (automatic),59.2,1191.2,Low
6248-TKCQV,No,0,0.015000392157084467,Female,0,Yes,Yes,70,Two year,DSL,Bank transfer (automatic),80.6,5460.2,Low
9189-JWSHV,Yes,1,0.7316706963719859,Female,1,Yes,No,24,Month-to-month,Fiber optic,Electronic check,93.55,2264.05,High
1534-OULXE,No,0,0.01988640618212922,Female,0,Yes,Yes,61,One year,DSL,Bank transfer (automatic),49.7,2961.4,Low
3720-DBRWL,No,0,0.02175720492379397,Male,0,Yes,No,51,Two year,DSL,Credit card (automatic),83.85,4307.1,Low
2720-WGKHP,Yes,1,0.8259690522156921,Male,1,No,No,2,Month-to-month,Fiber optic,Electronic check,94.0,181.7,High
7558-IMLMT,No,0,0.0027098957771398715,Male,0,Yes,Yes,67,Two year,No,Mailed check,20.8,1411.9,Low
5429-LWCMV,No,1,0.6897300209371994,Female,0,No,No,12,Month-to-month,Fiber optic,Electronic check,89.15,1057.55,High
6127-IYJOZ,No,0,0.49690537160639037,Male,1,No,No,1,Month-to-month,DSL,Mailed check,45.85,45.85,Medium
8642-GVWRF,Yes,1,0.5057377253531015,Female,0,Yes,No,2,Month-to-month,Fiber optic,Bank transfer (automatic),79.7,165.0,Medium
7389-KBFIT,No,1,0.5130304527889721,Female,0,Yes,Yes,2,Month-to-month,DSL,Mailed check,30.25,63.75,Medium
0871-URUWO,Yes,1,0.6662201178373095,Male,0,Yes,No,13,Month-to-month,Fiber optic,Credit card (automatic),102.25,1359.0,High
9375-MHRRS,No,0,0.22035160840075035,Male,0,No,No,6,Month-to-month,DSL,Mailed check,50.05,288.35,Low
3956-CJUST,No,0,0.39651014708459464,Female,1,No,No,23,Month-to-month,Fiber optic,Bank transfer (automatic),75.4,1643.55,Medium
2830-LEWOA,No,0,0.07753570934133087,Male,0,Yes,Yes,61,One year,Fiber optic,Credit card (automatic),103.9,6449.15,Low
5269-NRGDP,No,0,0.07014973711836024,Male,0,Yes,Yes,42,One year,DSL,Electronic check,73.15,3088.25,Low
1492-KGETH,No,0,0.015299611526952256,Male,0,Yes,Yes,70,One year,DSL,Bank transfer (automatic),78.35,5445.95,Low
2799-ARNLO,No,1,0.7127400733349604,Female,1,Yes,No,5,Month-to-month,Fiber optic,Electronic check,69.35,341.6,High
2720-FVBQP,No,0,0.40213751304377243,Female,0,Yes,Yes,6,Month-to-month,DSL,Credit card (automatic),48.95,273.25,Medium
7426-GSWPO,No,0,0.2958751398982798,Male,1,No,No,64,Month-to-month,Fiber optic,Bank transfer (automatic),103.5,6548.65,Low
3354-OADJP,No,0,0.09530642122959972,Female,0,No,No,8,One year,DSL,Bank transfer (automatic),54.25,447.75,Low
5249-QYHEX,No,0,0.015481417438585016,Female,0,Yes,Yes,40,Two year,No,Mailed check,24.8,1024.7,Low
1389-CXMLU,Yes,1,0.7301209871672018,Male,1,No,No,3,Month-to-month,Fiber optic,Electronic check,91.05,289.1,High
3486-KHMLI,No,0,0.08756239588344235,Male,0,No,Yes,21,Month-to-month,No,Mailed check,24.7,467.15,Low
4693-VWVBO,No,0,0.24072830591811975,Female,0,No,No,3,Month-to-month,No,Electronic check,19.55,61.05,Low
5076-YVXCM,No,0,0.2541941966042442,Male,0,No,No,51,Month-to-month,Fiber optic,Bank transfer (automatic),83.4,4149.45,Low
7025-IWFHT,No,0,0.1849079468317643,Male,0,No,No,41,One year,Fiber optic,Electronic check,89.55,3729.75,Low
1855-CFULU,No,0,0.22060354844593927,Female,1,No,No,4,Month-to-month,No,Mailed check,20.05,91.45,Low
3638-DIMPH,No,0,0.20458449207660998,Female,0,Yes,No,13,One year,DSL,Electronic check,43.8,592.65,Low
0247-SLUJI,No,0,0.1729025610232056,Male,0,Yes,Yes,1,Month-to-month,No,Mailed check,19.7,19.7,Low
8146-QQKZH,No,0,0.01076262223269662,Female,0,Yes,No,71,Two year,DSL,Bank transfer (automatic),81.85,5924.4,Low
1374-DMZUI,Yes,1,0.8287503049607707,Female,1,No,No,4,Month-to-month,Fiber optic,Electronic check,94.3,424.45,High
5298-GSTLM,No,0,0.23850379435639987,Female,1,No,No,60,One year,Fiber optic,Bank transfer (automatic),101.4,6176.6,Low
7306-YDSOI,No,0,0.007430564512530027,Male,0,Yes,Yes,69,Two year,DSL,Bank transfer (automatic),59.75,4069.9,Low
2792-VPPET,No,0,0.2991078730662249,Male,0,No,No,3,Month-to-month,No,Electronic check,20.5,76.95,Low
6424-ELEYH,Yes,1,0.6497359067399002,Female,0,Yes,No,3,Month-to-month,Fiber optic,Credit card (automatic),74.75,229.5,High
9419-IPPBE,No,0,0.27035624382246715,Female,0,Yes,Yes,51,One year,Fiber optic,Electronic check,90.15,4554.85,Low
4255-DDUOU,Yes,0,0.2396091087393171,Female,0,Yes,Yes,1,Month-to-month,No,Mailed check,20.5,20.5,Low
1658-BYGOY,Yes,1,0.7543749743140452,Male,1,No,No,18,Month-to-month,Fiber optic,Electronic check,95.45,1752.55,High
8763-KIAFH,No,0,0.04340992928004327,Female,0,Yes,Yes,27,One year,No,Mailed check,20.55,583.3,Low
7641-TQFHN,No,0,0.09565555758641052,Male,0,No,Yes,39,Two year,Fiber optic,Mailed check,100.55,3895.35,Low
6614-VBEGU,No,0,0.3096267668100068,Female,0,Yes,No,24,Month-to-month,DSL,Bank transfer (automatic),69.45,1614.05,Medium
5156-UMKOW,No,0,0.40999412741335933,Female,0,No,Yes,3,Month-to-month,DSL,Mailed check,29.65,90.05,Medium
4565-EVZMJ,No,0,0.027423574011992614,Female,0,No,No,47,One year,DSL,Mailed check,58.9,2813.05,Low
2640-LYMOV,No,0,0.24690159451947535,Male,0,No,No,2,Month-to-month,No,Mailed check,19.65,38.8,Low
8679-LZBMD,No,0,0.25376408023338454,Male,0,Yes,No,44,One year,Fiber optic,Bank transfer (automatic),90.65,3974.15,Low
0679-TDGAK,No,0,0.04142305952489281,Male,0,Yes,Yes,50,One year,DSL,Electronic check,75.5,4025.6,Low
0739-UUAJR,No,0,0.01658042157198837,Female,0,Yes,Yes,72,Two year,DSL,Credit card (automatic),53.8,3952.45,Low
6586-MYGKD,No,0,0.01434473700195772,Male,0,Yes,No,70,Two year,DSL,Credit card (automatic),76.95,5289.8,Low
7740-KKCXF,No,0,0.09100405570988328,Male,0,Yes,No,51,Month-to-month,DSL,Credit card (automatic),30.05,1529.45,Low
8631-XVRZL,No,0,0.11029507941237937,Male,0,No,No,9,One year,No,Mailed check,20.15,163.7,Low
9610-WCESF,No,0,0.01011354161333412,Male,0,No,No,67,Two year,DSL,Electronic check,43.9,3097.2,Low
2632-UCGVD,Yes,0,0.29141090752847654,Male,1,Yes,No,66,Month-to-month,Fiber optic,Credit card (automatic),100.05,6871.9,Low
6286-SUUWT,No,0,0.19607215939544959,Male,0,No,No,1,Month-to-month,No,Mailed check,19.95,19.95,Low
1215-EXRMO,No,0,0.005427525107563704,Male,0,Yes,No,50,Two year,No,Mailed check,20.55,1067.65,Low
9052-DHNKM,No,0,0.10658646102129928,Male,0,No,No,26,One year,DSL,Electronic check,61.55,1581.95,Low
8812-ZRHFP,No,0,0.2682052399169043,Female,0,Yes,Yes,30,One year,Fiber optic,Electronic check,86.45,2538.05,Low
3798-EPWRR,No,0,0.48858710134562106,Female,1,No,No,2,Month-to-month,DSL,Electronic check,43.95,85.1,Medium
0254-FNMCI,No,0,0.053350929906046334,Female,0,No,No,72,Two year,Fiber optic,Electronic check,109.9,7624.2,Low
2267-FPIMA,No,0,0.26550259226948536,Male,0,Yes,No,50,Month-to-month,Fiber optic,Credit card (automatic),94.4,4914.9,Low
1697-NVVGY,No,0,0.22769191500334993,Male,1,Yes,No,19,Month-to-month,DSL,Bank transfer (automatic),66.4,1286.05,Low
8961-QDZZJ,No,0,0.2153085485017507,Female,0,Yes,Yes,57,One year,Fiber optic,Electronic check,95.0,5535.8,Low
2186-QZEYA,No,0,0.21324369080173228,Female,1,No,No,29,Month-to-month,DSL,Bank transfer (automatic),58.55,1718.95,Low
4274-OWWYO,Yes,1,0.6482473045832379,Male,0,No,No,1,Month-to-month,Fiber optic,Electronic check,74.35,74.35,High
6347-DCUIK,Yes,1,0.5980820396690663,Male,0,No,No,10,Month-to-month,Fiber optic,Mailed check,74.15,811.8,Medium
1226-JZNKR,No,0,0.10270115342433248,Female,0,Yes,Yes,8,One year,No,Electronic check,19.8,160.05,Low
1862-QRWPE,No,0,0.005502811827468351,Female,0,Yes,Yes,48,Two year,No,Bank transfer (automatic),20.65,1057.0,Low
7579-OOPEC,Yes,0,0.36923303418324954,Female,1,Yes,No,2,Month-to-month,DSL,Credit card (automatic),50.15,115.1,Medium
0487-RPVUM,No,0,0.12329518666916069,Male,0,Yes,No,61,Month-to-month,Fiber optic,Bank transfer (automatic),99.4,5943.65,Low
0422-OHQHQ,No,0,0.055417564421465344,Female,0,Yes,Yes,15,One year,No,Mailed check,20.55,295.95,Low
7459-RRWQZ,Yes,0,0.3491201709768946,Female,0,No,No,15,Month-to-month,DSL,Bank transfer (automatic),64.65,994.55,Medium
9185-TQCVP,Yes,1,0.6895583479380204,Male,0,Yes,No,14,Month-to-month,Fiber optic,Electronic check,85.15,1139.2,High
1098-TDVUQ,No,0,0.2701188861743587,Female,0,No,No,1,Month-to-month,No,Bank transfer (automatic),19.25,19.25,Low
6994-ORCWG,No,0,0.2302746772238243,Female,0,No,No,14,One year,DSL,Mailed check,54.25,773.2,Low
1096-ADRUX,No,0,0.09281521769763768,Female,0,Yes,Yes,66,One year,Fiber optic,Bank transfer (automatic),74.25,4859.25,Low
5858-EAFCZ,No,0,0.3528862653844451,Male,0,No,No,1,Month-to-month,DSL,Mailed check,44.45,44.45,Medium
7356-IWLFW,No,0,0.26127689186449327,Male,0,Yes,Yes,46,Month-to-month,Fiber optic,Bank transfer (automatic),80.0,3769.7,Low
7969-FFOWG,No,0,0.0020649645949294094,Male,0,Yes,Yes,65,Two year,No,Mailed check,19.9,1292.6,Low
7890-VYYWG,Yes,1,0.6519851412701215,Male,1,Yes,No,3,Month-to-month,DSL,Mailed check,36.45,93.7,High
2974-GGUXS,No,0,0.479117959837149,Female,1,Yes,No,36,Month-to-month,Fiber optic,Credit card (automatic),91.95,3301.05,Medium
7940-UQQUG,No,0,0.11218955254682106,Female,0,Yes,Yes,64,One year,Fiber optic,Bank transfer (automatic),104.4,6721.6,Low
1291-CUOCY,No,0,0.07153928935421157,Male,0,Yes,No,72,Two year,Fiber optic,Credit card (automatic),110.6,7962.2,Low
9173-IVZVP,No,0,0.0041960146768117304,Female,0,Yes,Yes,53,Two year,No,Mailed check,20.9,1146.05,Low
9714-EDSUC,No,0,0.4010069973689773,Male,0,No,No,4,Month-to-month,Fiber optic,Mailed check,94.9,360.55,Medium
7615-ESMYF,Yes,1,0.6599081924377656,Female,0,Yes,No,2,Month-to-month,DSL,Electronic check,44.6,97.1,High
0872-JCPIB,No,0,0.24837426681079677,Male,0,No,No,17,Month-to-month,DSL,Bank transfer (automatic),65.75,1111.2,Low
1919-RTPQD,No,0,0.32976046616375504,Male,0,Yes,Yes,7,Month-to-month,DSL,Electronic check,44.75,333.65,Medium
8823-RLPWL,No,0,0.0825564702226573,Female,0,Yes,No,72,Two year,Fiber optic,Credit card (automatic),110.65,8065.65,Low
6421-SZVEM,No,0,0.21349468358373686,Female,0,Yes,Yes,28,One year,Fiber optic,Bank transfer (automatic),82.85,2320.8,Low
5448-VWNAM,No,0,0.17458819720342833,Female,0,No,Yes,19,Month-to-month,DSL,Mailed check,75.9,1375.6,Low
7554-AKDQF,No,0,0.3250211736911553,Female,0,Yes,No,6,Month-to-month,DSL,Mailed check,45.65,323.45,Medium
3859-CVCET,Yes,0,0.33803750637672286,Female,0,No,No,4,Month-to-month,DSL,Mailed check,45.65,191.05,Medium
4307-KTUMW,Yes,0,0.2734035272618329,Male,0,Yes,No,53,Month-to-month,Fiber optic,Electronic check,93.9,5029.2,Low
0023-XUOPT,Yes,1,0.5992329264349706,Female,0,Yes,No,13,Month-to-month,Fiber optic,Electronic check,94.1,1215.6,Medium
6825-UYPFK,Yes,0,0.4168484884111055,Female,0,No,No,23,Month-to-month,Fiber optic,Bank transfer (automatic),75.6,1758.6,Medium
1682-VCOIO,No,0,0.0411862308420816,Male,0,No,No,23,One year,No,Mailed check,20.45,481.1,Low
6116-RFVHN,No,1,0.6353518864483068,Female,0,Yes,No,34,Month-to-month,Fiber optic,Electronic check,100.45,3414.65,High
1915-IOFGU,Yes,1,0.6115570766880039,Female,0,No,No,1,Month-to-month,Fiber optic,Electronic check,70.5,70.5,High
9578-FOMUK,No,0,0.2002915928180372,Male,0,No,Yes,15,Month-to-month,No,Electronic check,24.8,324.15,Low
7321-VGNKU,No,1,0.68474765870728,Female,0,Yes,No,2,Month-to-month,Fiber optic,Electronic check,70.35,120.25,High
6653-CBBOM,Yes,1,0.6903900743163728,Female,0,No,No,1,Month-to-month,Fiber optic,Electronic check,70.3,70.3,High
6199-IPCAO,No,0,0.018637231269169056,Female,0,Yes,Yes,29,Two year,No,Mailed check,26.1,692.55,Low
4439-YRNVD,No,0,0.34410250896847316,Female,0,No,No,10,Month-to-month,DSL,Electronic check,36.25,374.0,Medium
6088-BXMRG,No,1,0.563755205130344,Female,0,Yes,Yes,32,Month-to-month,Fiber optic,Electronic check,98.85,3089.6,Medium
2675-DHUTR,No,0,0.48418254716254244,Male,1,Yes,No,58,Month-to-month,Fiber optic,Electronic check,98.9,5780.7,Medium
7446-KQISO,No,0,0.11624370443325154,Male,0,Yes,Yes,45,Two year,Fiber optic,Bank transfer (automatic),109.75,4900.65,Low
1345-GKDZZ,No,0,0.13737334303354556,Male,0,No,Yes,6,Month-to-month,No,Mailed check,19.55,128.6,Low
9191-MYQKX,Yes,1,0.5784421433809915,Female,0,Yes,No,7,Month-to-month,Fiber optic,Bank transfer (automatic),75.15,496.9,Medium
2324-AALNO,No,0,0.017186695771711773,Female,0,No,No,48,One year,No,Bank transfer (automatic),24.55,1203.95,Low
5177-RVZNU,No,0,0.018482650206037128,Female,0,No,Yes,37,One year,No,Bank transfer (automatic),20.3,755.4,Low
6725-TPKJO,No,0,0.007034589814940047,Male,0,No,No,44,Two year,No,Mailed check,20.05,845.25,Low
3234-VKACU,No,0,0.39456582544852503,Male,0,No,No,2,Month-to-month,DSL,Electronic check,70.3,132.4,Medium
9524-EGPJC,Yes,1,0.5771794666330563,Female,0,No,No,18,Month-to-month,Fiber optic,Electronic check,90.1,1612.75,Medium
1482-OXZSY,No,0,0.4690301719300922,Male,0,No,No,30,Month-to-month,Fiber optic,Bank transfer (automatic),100.4,2936.25,Medium
8015-IHCGW,No,0,0.07425445228022255,Female,0,Yes,Yes,72,Two year,Fiber optic,Electronic check,115.5,8425.15,Low
0829-XXPLX,No,0,0.4329317565577549,Female,0,No,No,20,Month-to-month,Fiber optic,Bank transfer (automatic),89.4,1871.15,Medium
9674-EHPPG,No,0,0.013994710067858712,Male,0,Yes,No,46,Two year,DSL,Credit card (automatic),40.4,1842.7,Low
0734-OXWBT,No,0,0.2823717551258676,Male,0,No,Yes,3,Month-to-month,DSL,Mailed check,70.7,225.65,Low
6614-YWYSC,No,0,0.005454179889733454,Male,1,Yes,No,61,Two year,No,Bank transfer (automatic),25.0,1501.75,Low
8205-OTCHB,Yes,0,0.2428865801248969,Male,0,No,No,22,One year,DSL,Bank transfer (automatic),43.75,903.6,Low
4701-LKOZD,No,0,0.013206526974389714,Female,0,No,No,70,Two year,DSL,Credit card (automatic),89.75,6367.2,Low
1299-AURJA,No,0,0.002419521480678696,Female,0,Yes,Yes,70,Two year,No,Bank transfer (automatic),24.7,1685.9,Low
5498-IBWPI,No,0,0.014005687969728998,Female,0,Yes,Yes,66,One year,DSL,Credit card (automatic),49.4,3251.85,Low
2194-IIQOF,No,0,0.01273913993834885,Female,0,Yes,No,71,Two year,DSL,Credit card (automatic),89.3,6388.65,Low
8118-LSUEL,Yes,1,0.7194648247457596,Male,1,No,No,23,Month-to-month,Fiber optic,Electronic check,106.4,2483.5,High
7850-VWJUU,No,0,0.34972452589756947,Female,0,No,No,23,Month-to-month,Fiber optic,Bank transfer (automatic),75.0,1778.5,Medium
7516-GMHUV,No,0,0.1513512188070869,Male,1,Yes,No,50,Two year,Fiber optic,Credit card (automatic),105.05,5163.3,Low
1930-BZLHI,No,0,0.06288489521355835,Male,0,No,No,21,One year,No,Mailed check,20.35,422.7,Low
8651-ENBZX,Yes,0,0.30199699336397257,Female,1,No,No,60,One year,Fiber optic,Electronic check,106.0,6441.4,Medium
0621-CXBKL,No,0,0.004652379799525833,Female,0,No,No,53,Two year,No,Mailed check,18.7,1005.7,Low
8993-PHFWD,Yes,1,0.5584242467928892,Female,0,No,No,3,Month-to-month,DSL,Electronic check,25.25,58.9,Medium
8194-PEEBY,No,0,0.036089179059605805,Female,0,Yes,Yes,24,One year,No,Mailed check,19.9,533.5,Low
9822-BIIGN,No,0,0.0660771031040631,Male,0,Yes,Yes,53,Month-to-month,DSL,Electronic check,71.85,3827.9,Low
9142-KZXOP,No,0,0.16906261687930774,Male,0,No,No,44,Month-to-month,Fiber optic,Credit card (automatic),68.85,2958.95,Low
1208-NBVFH,No,0,0.285843792539342,Male,0,Yes,Yes,20,Month-to-month,DSL,Electronic check,49.6,939.8,Low
1735-XMJVH,No,0,0.17058762145167813,Male,0,Yes,Yes,8,Month-to-month,No,Mailed check,19.35,152.6,Low
9361-YNQWJ,No,0,0.010975863458419631,Female,0,No,No,64,One year,No,Bank transfer (automatic),24.4,1601.2,Low
0680-DFNNY,Yes,1,0.7321562379205898,Male,0,Yes,No,15,Month-to-month,Fiber optic,Electronic check,101.1,1504.05,High
8944-AILEF,No,0,0.13707212974655902,Male,0,Yes,No,15,Month-to-month,No,Credit card (automatic),19.45,340.85,Low
3801-HMYNL,Yes,1,0.5695935589091919,Male,0,Yes,Yes,1,Month-to-month,Fiber optic,Mailed check,89.15,89.15,Medium
3509-GWQGF,No,0,0.36111742823689374,Male,1,No,No,24,Month-to-month,Fiber optic,Credit card (automatic),70.0,1732.6,Medium
0292-WEGCH,No,0,0.15660350659441355,Female,0,Yes,Yes,54,Month-to-month,DSL,Electronic check,86.2,4524.05,Low
3470-OBUET,No,0,0.006864187206901081,Female,0,Yes,Yes,67,Two year,DSL,Credit card (automatic),74.0,4868.4,Low
3045-XETSH,Yes,1,0.7097754377853979,Female,0,No,No,10,Month-to-month,Fiber optic,Electronic check,94.85,953.45,High
3387-VATUS,Yes,1,0.718343217758192,Male,0,No,No,5,Month-to-month,Fiber optic,Bank transfer (automatic),94.85,462.8,High
1599-EAHXY,No,0,0.007006469540376936,Male,0,Yes,Yes,60,One year,No,Credit card (automatic),23.95,1506.4,Low
3212-KXOCR,No,0,0.0048798578807163,Male,0,No,No,52,Two year,No,Bank transfer (automatic),21.0,1107.2,Low
7025-WCBNE,No,0,0.02185474043871689,Male,1,No,No,47,Two year,DSL,Bank transfer (automatic),59.6,2754.0,Low
1335-NTIUC,No,1,0.5540067748046096,Male,0,No,No,9,Month-to-month,DSL,Electronic check,24.95,190.25,Medium
8882-TLVRW,No,0,0.004551028759540566,Male,0,Yes,Yes,69,Two year,DSL,Mailed check,39.1,2779.5,Low
6732-VAILE,No,0,0.01930546151869349,Male,0,Yes,Yes,70,Two year,DSL,Credit card (automatic),85.95,5931.75,Low
1862-SKORY,Yes,0,0.30894057485512366,Female,1,Yes,No,40,Month-to-month,DSL,Electronic check,39.3,1637.4,Medium
4709-LKHYG,No,0,0.03679923885139935,Female,0,Yes,Yes,29,One year,No,Electronic check,20.0,540.05,Low
3943-KDREE,Yes,0,0.46534687893787097,Female,0,No,No,26,Month-to-month,Fiber optic,Bank transfer (automatic),74.95,1834.95,Medium
6047-YHPVI,Yes,1,0.6424420782239184,Male,0,No,No,5,Month-to-month,Fiber optic,Electronic check,69.7,316.9,High
4981-FLTMF,No,0,0.02932609433047587,Female,0,Yes,Yes,57,Month-to-month,DSL,Bank transfer (automatic),65.2,3687.85,Low
3345-JHUEO,No,0,0.2855976632743666,Male,0,No,No,4,Month-to-month,No,Electronic check,20.2,55.7,Low
0743-HNPFG,No,0,0.026714171795303464,Female,0,Yes,Yes,51,One year,DSL,Credit card (automatic),69.75,3562.5,Low
6172-FECYY,Yes,0,0.3000582467999427,Male,0,Yes,Yes,49,Month-to-month,Fiber optic,Electronic check,84.5,4254.85,Medium
7162-WPHPM,No,0,0.007899925226820861,Male,0,Yes,Yes,58,Two year,DSL,Credit card (automatic),71.6,4230.25,Low
2379-GYFLQ,No,0,0.22546945939849933,Male,0,No,No,46,One year,Fiber optic,Credit card (automatic),94.9,4422.95,Low
4484-CGXFK,Yes,1,0.5614303475641972,Female,0,No,No,3,Month-to-month,DSL,Electronic check,55.3,196.15,Medium
6885-PKOAM,No,0,0.011993425846312692,Female,0,Yes,No,71,Two year,DSL,Credit card (automatic),85.75,6223.8,Low
4135-FRWKJ,No,0,0.046220778853767186,Female,1,Yes,Yes,55,One year,DSL,Electronic check,76.25,4154.55,Low
6994-FGRHH,No,0,0.12611273008114435,Male,0,Yes,Yes,70,One year,Fiber optic,Electronic check,106.15,7475.1,Low
3957-HHLMR,No,0,0.021567522351674435,Female,0,Yes,Yes,70,One year,DSL,Bank transfer (automatic),65.2,4543.15,Low
2501-XWWTZ,No,1,0.5071780816880873,Male,0,No,No,11,Month-to-month,Fiber optic,Electronic check,70.2,760.05,Medium
8149-AIQCG,No,0,0.3163918460419433,Male,0,No,No,39,Month-to-month,Fiber optic,Credit card (automatic),73.15,2730.85,Medium
7601-DHFWZ,No,0,0.007804252944049042,Female,0,No,No,48,Two year,No,Credit card (automatic),24.0,1183.05,Low
0733-VUNUW,Yes,0,0.21773763306899846,Male,0,No,No,24,Month-to-month,DSL,Bank transfer (automatic),55.65,1400.55,Low
4760-XOHVN,Yes,0,0.18141208468406164,Female,0,Yes,Yes,1,Month-to-month,No,Mailed check,19.45,19.45,Low
1264-BYWMS,Yes,0,0.4595078214949399,Male,0,No,No,55,Month-to-month,Fiber optic,Electronic check,96.8,5283.95,Medium
6583-SZVGP,No,0,0.17616666083073132,Male,0,No,No,48,Two year,Fiber optic,Bank transfer (automatic),108.1,5067.45,Low
0668-OGMHD,No,0,0.26883076334453915,Female,0,Yes,No,21,Month-to-month,DSL,Electronic check,28.5,629.35,Low
3453-RTHJQ,No,1,0.6371481138946495,Male,0,No,No,6,Month-to-month,Fiber optic,Electronic check,69.1,435.0,High
0899-WZRSD,No,0,0.23151073602837322,Male,0,No,No,56,Month-to-month,Fiber optic,Mailed check,105.35,5794.45,Low
6693-FRIRW,No,0,0.4459425063805303,Male,0,No,No,18,Month-to-month,Fiber optic,Credit card (automatic),101.3,1794.65,Medium
8474-UMLNT,No,0,0.14934001429631663,Female,0,No,No,13,Month-to-month,DSL,Bank transfer (automatic),67.8,842.25,Low
6229-LSCKB,No,1,0.7240678141929295,Male,1,No,No,6,Month-to-month,Fiber optic,Electronic check,79.7,497.6,High
6872-HXFNF,No,0,0.02176507038862446,Female,0,Yes,No,64,One year,DSL,Bank transfer (automatic),58.35,3756.45,Low
5028-HTLJB,Yes,0,0.23689186889033878,Male,1,No,No,1,Month-to-month,No,Mailed check,20.05,20.05,Low
5777-KJIRB,No,0,0.080330686133503,Female,0,No,No,40,One year,DSL,Mailed check,50.25,2023.55,Low
0580-PIQHM,No,0,0.1961253713132197,Female,0,Yes,Yes,41,One year,Fiber optic,Bank transfer (automatic),101.6,3930.55,Low
0220-EBGCE,Yes,1,0.7172730891115403,Male,0,No,No,2,Month-to-month,Fiber optic,Electronic check,85.85,167.3,High
7576-ASEJU,No,0,0.054001567858558246,Female,0,Yes,Yes,41,One year,DSL,Credit card (automatic),74.7,3187.65,Low
0147-ESWWR,No,1,0.5546757643607595,Female,1,Yes,No,39,Month-to-month,Fiber optic,Electronic check,101.25,3949.15,Medium
9746-MDMBK,No,0,0.15427085168844154,Male,0,Yes,Yes,47,One year,Fiber optic,Bank transfer (automatic),113.45,5317.8,Low
2320-SLKMB,No,0,0.2524849730943131,Female,0,No,No,26,Month-to-month,DSL,Credit card (automatic),44.45,1183.8,Low
2263-SFSQZ,No,0,0.00827055664905758,Male,0,Yes,Yes,51,Two year,No,Mailed check,24.95,1222.25,Low
3865-QBWSJ,No,0,0.30985148308948374,Male,1,No,Yes,38,Month-to-month,Fiber optic,Mailed check,80.45,3162.65,Medium
1591-MQJTP,No,0,0.22529154415257666,Male,1,Yes,No,51,One year,Fiber optic,Bank transfer (automatic),93.65,4839.15,Low
3948-XHGNA,Yes,0,0.16835365243603032,Male,0,No,No,24,Month-to-month,DSL,Bank transfer (automatic),49.55,1210.4,Low
6061-PQHMK,No,0,0.03652538314144287,Female,0,No,No,25,One year,No,Credit card (automatic),19.9,527.5,Low
4664-NJCMS,No,0,0.049491158434823955,Female,0,Yes,No,33,Two year,DSL,Bank transfer (automatic),59.55,2016.3,Low
2397-BRLOM,Yes,1,0.5831675211862869,Male,1,Yes,Yes,8,Month-to-month,Fiber optic,Credit card (automatic),80.45,583.45,Medium
2952-QAYZF,Yes,1,0.680760241523599,Male,0,No,No,5,Month-to-month,Fiber optic,Electronic check,85.3,424.15,High
9824-BEMCV,Yes,0,0.49852418602152454,Male,0,Yes,Yes,17,Month-to-month,Fiber optic,Electronic check,69.0,1149.65,Medium
5013-SBUIH,Yes,0,0.11927674346857067,Female,0,No,No,50,Two year,Fiber optic,Electronic check,109.65,5551.15,Low
1921-KYSAY,No,0,0.12867415138733762,Female,0,No,No,41,One year,DSL,Electronic check,68.6,2877.05,Low
0780-XNZFN,No,0,0.0036752750076432653,Male,0,No,No,57,Two year,No,Bank transfer (automatic),20.65,1125.6,Low
0310-MVLET,Yes,0,0.3737186050119845,Female,0,Yes,Yes,61,Month-to-month,Fiber optic,Electronic check,99.15,6010.05,Medium
0917-EZOLA,Yes,0,0.13317028137943723,Male,1,Yes,No,72,Two year,Fiber optic,Bank transfer (automatic),104.15,7689.95,Low
0207-MDKNV,Yes,0,0.4106733588705256,Female,0,No,No,15,Month-to-month,Fiber optic,Electronic check,105.1,1582.75,Medium
7801-CEDNV,No,0,0.06062261888244946,Male,0,Yes,No,27,One year,DSL,Credit card (automatic),48.7,1421.75,Low
5902-WBLSE,No,0,0.002224850698253384,Female,0,Yes,Yes,70,Two year,No,Credit card (automatic),20.15,1411.2,Low
5599-HVLTW,No,1,0.6380752771424466,Female,1,No,No,14,Month-to-month,Fiber optic,Bank transfer (automatic),80.35,1058.1,High
5214-NLTIT,No,0,0.06030263403356983,Male,0,Yes,Yes,72,Two year,Fiber optic,Credit card (automatic),90.8,6511.8,Low
1746-TGTWV,No,1,0.508307423872489,Male,0,Yes,No,1,Month-to-month,Fiber optic,Credit card (automatic),75.35,75.35,Medium
2778-OCLGR,Yes,0,0.27362808160530633,Male,1,Yes,No,24,Month-to-month,DSL,Bank transfer (automatic),39.1,971.3,Low
9402-ORRAH,No,1,0.7295363236825321,Female,1,No,No,15,Month-to-month,Fiber optic,Electronic check,91.5,1400.3,High
6469-MRVET,No,0,0.18019044215083158,Male,0,Yes,Yes,1,One year,No,Electronic check,20.2,20.2,Low
3546-GHEAE,No,0,0.04650505003427226,Male,0,No,No,7,Two year,No,Mailed check,19.45,165.35,Low
7493-GVFIO,No,0,0.0034850184222981234,Male,0,No,No,57,Two year,No,Credit card (automatic),20.55,1252.85,Low
4927-WWOOZ,No,1,0.7579676102665034,Male,0,Yes,No,2,Month-to-month,Fiber optic,Electronic check,91.45,171.45,High
2905-KFQUV,No,1,0.5982124450174379,Female,0,Yes,No,2,Month-to-month,Fiber optic,Credit card (automatic),70.4,154.8,Medium
1139-WUOAH,No,0,0.021851653032381166,Male,0,No,No,57,Two year,DSL,Credit card (automatic),53.35,3090.05,Low
9574-RKJIF,Yes,0,0.41362653609961336,Male,0,Yes,Yes,30,Month-to-month,Fiber optic,Electronic check,94.4,2838.7,Medium
5054-IEXZT,Yes,1,0.6094698990939869,Male,0,No,Yes,1,Month-to-month,Fiber optic,Electronic check,75.35,75.35,High
3594-BDSOA,No,0,0.03874994698847277,Female,0,Yes,No,24,One year,No,Credit card (automatic),20.4,482.8,Low
0373-AIVNJ,No,0,0.18355376074057575,Male,0,No,No,9,One year,DSL,Mailed check,39.55,373.0,Low
8224-KDLKN,No,0,0.002067334213071537,Male,0,Yes,Yes,72,Two year,No,Bank transfer (automatic),25.0,1738.9,Low
9348-YVOMK,No,0,0.3844548028563726,Male,0,No,No,4,Month-to-month,DSL,Credit card (automatic),44.8,176.2,Medium
0164-APGRB,No,0,0.08712701766830487,Female,0,No,No,72,Two year,Fiber optic,Electronic check,114.9,8496.7,Low
2302-OUZXB,No,0,0.02348376998043746,Male,0,Yes,No,72,Two year,DSL,Bank transfer (automatic),82.15,5784.3,Low
3507-GASNP,No,0,0.0026281533671038927,Male,0,No,Yes,60,Two year,No,Mailed check,19.95,1189.9,Low
6727-IOTLZ,No,0,0.07514593443119698,Male,0,Yes,No,14,Two year,DSL,Mailed check,81.95,1181.75,Low
6582-OIVSP,No,0,0.36712843844033405,Female,0,No,No,1,Month-to-month,DSL,Mailed check,45.3,45.3,Medium
8313-AFGBW,No,0,0.04964691883985587,Male,0,Yes,No,47,Two year,DSL,Electronic check,73.6,3522.65,Low
3791-LGQCY,Yes,0,0.48296326313579546,Female,1,Yes,No,56,Month-to-month,Fiber optic,Bank transfer (automatic),100.65,5688.05,Medium
0020-JDNXP,No,0,0.07601799062265667,Female,0,Yes,Yes,34,One year,DSL,Mailed check,61.25,1993.2,Low
6959-GQEGV,No,0,0.17956407351223763,Male,0,No,No,45,Month-to-month,DSL,Electronic check,75.95,3273.8,Low
3707-LRWZD,Yes,0,0.32834859365545604,Female,0,No,No,32,One year,Fiber optic,Electronic check,84.05,2781.85,Medium
4289-DTDKW,Yes,1,0.556667199056511,Male,0,Yes,No,40,Month-to-month,Fiber optic,Electronic check,101.3,4113.1,Medium
3863-IUBJR,Yes,0,0.1569861891161349,Male,0,Yes,Yes,12,One year,DSL,Credit card (automatic),53.65,696.35,Low
3970-XGJDU,No,0,0.003754000912719308,Female,0,No,No,62,Two year,No,Credit card (automatic),19.2,1123.65,Low
3785-NRHYR,No,0,0.19592449603058348,Male,0,No,No,1,Month-to-month,No,Mailed check,19.65,19.65,Low
3162-ZJZFU,No,0,0.19937175463888285,Male,0,Yes,Yes,53,Month-to-month,Fiber optic,Electronic check,92.55,4779.45,Low
9912-GVSEQ,Yes,1,0.6603458706268585,Female,1,Yes,No,26,Month-to-month,Fiber optic,Electronic check,93.85,2381.55,High
5088-QZLRL,No,0,0.24945609910013847,Male,0,No,No,1,Month-to-month,No,Electronic check,20.65,20.65,Low
9659-ZTWSM,No,0,0.18613037591140244,Male,1,Yes,No,66,One year,Fiber optic,Bank transfer (automatic),107.35,7051.95,Low
8562-GHPPI,No,0,0.19255285129606237,Female,0,No,No,1,Month-to-month,No,Credit card (automatic),19.8,19.8,Low
4800-CZMPC,Yes,0,0.19077537835924163,Female,0,Yes,Yes,48,One year,Fiber optic,Credit card (automatic),103.25,5037.55,Low
2050-ONYDQ,No,0,0.0029271002181880117,Female,0,Yes,Yes,65,Two year,No,Credit card (automatic),26.0,1654.85,Low
7322-OCWHC,No,0,0.034129960516124234,Male,1,Yes,No,72,Two year,Fiber optic,Bank transfer (automatic),93.05,6735.05,Low
3850-OKINF,No,0,0.03547578728159853,Male,0,Yes,Yes,71,One year,DSL,Electronic check,66.2,4692.55,Low
0434-CSFON,No,1,0.5506850820037734,Female,0,Yes,No,47,Month-to-month,Fiber optic,Electronic check,100.5,4707.1,Medium
6917-YACBP,No,0,0.2933598190926497,Female,1,No,No,59,Month-to-month,Fiber optic,Electronic check,89.75,5496.9,Low
1060-ENTOF,No,0,0.11065541483136127,Female,1,Yes,No,67,One year,Fiber optic,Credit card (automatic),105.4,7035.6,Low
9229-RQABD,No,0,0.06760448738949511,Male,0,No,No,18,One year,No,Mailed check,23.75,424.5,Low
2001-MCUUW,No,0,0.1204689677619731,Male,0,No,No,46,Two year,Fiber optic,Electronic check,108.65,4903.2,Low
7508-DQAKK,No,0,0.01957225707356191,Female,0,No,No,64,Two year,DSL,Credit card (automatic),86.4,5442.05,Low
1397-XKKWR,No,0,0.21787515296399879,Male,0,No,No,7,One year,DSL,Mailed check,35.3,264.8,Low
8361-LBRDI,No,0,0.004732899170137885,Female,0,No,No,58,Two year,No,Credit card (automatic),24.35,1423.85,Low
7572-KPVKK,No,0,0.11098056497188753,Male,0,No,Yes,62,Two year,Fiber optic,Electronic check,104.05,6590.5,Low
1587-FKLZB,Yes,0,0.34982055996381245,Male,1,Yes,Yes,66,Month-to-month,Fiber optic,Credit card (automatic),99.5,6822.15,Medium
4983-CLMLV,No,0,0.2821408820005918,Female,0,Yes,No,52,Month-to-month,Fiber optic,Credit card (automatic),102.7,5138.1,Low
6175-IRFIT,No,1,0.5413316563284009,Male,0,No,No,5,Month-to-month,Fiber optic,Mailed check,78.75,426.35,Medium
9917-KWRBE,No,0,0.07808122230995496,Female,0,Yes,Yes,41,One year,DSL,Credit card (automatic),78.35,3211.2,Low
0266-CLZKZ,No,0,0.07262576287879728,Female,0,Yes,Yes,67,Two year,Fiber optic,Bank transfer (automatic),105.65,6717.9,Low
8148-BPLZQ,No,0,0.1875724326256943,Male,0,No,No,34,Month-to-month,DSL,Electronic check,49.8,1734.2,Low
4598-ZADCK,No,0,0.05439804525998988,Female,0,No,No,53,One year,DSL,Electronic check,53.6,2879.2,Low
8922-LIEGH,Yes,1,0.6545346366175205,Female,1,No,No,25,Month-to-month,Fiber optic,Electronic check,89.7,2187.55,High
5970-GHJAW,No,0,0.004990813872511697,Male,0,Yes,Yes,46,Two year,No,Credit card (automatic),19.95,862.4,Low
9553-DLCLU,No,0,0.0573660722670182,Female,0,No,Yes,13,Two year,DSL,Credit card (automatic),88.95,1161.75,Low
4088-YLDSU,Yes,0,0.25843787680749736,Male,0,Yes,No,55,One year,Fiber optic,Electronic check,104.15,5743.05,Low
3244-CQPHU,No,0,0.06622737767522621,Female,1,No,No,72,Two year,Fiber optic,Bank transfer (automatic),110.1,7746.7,Low
0788-DXBFY,No,0,0.011219017041458001,Male,0,Yes,Yes,58,One year,No,Electronic check,19.55,1108.8,Low
7746-AWNQW,No,0,0.20999226265546928,Female,0,No,No,28,Month-to-month,DSL,Mailed check,35.75,961.4,Low
3237-AJGEH,Yes,0,0.42335320203419907,Female,0,Yes,Yes,3,Month-to-month,DSL,Mailed check,31.0,95.05,Medium
9350-VLHMB,No,0,0.22359383686613465,Male,0,Yes,Yes,67,Month-to-month,Fiber optic,Bank transfer (automatic),89.55,6373.1,Low
7176-WRTNX,No,0,0.055624315497803264,Male,0,No,No,70,Two year,Fiber optic,Bank transfer (automatic),114.95,7711.25,Low
7321-KKSDU,No,0,0.011324682741744406,Male,0,No,Yes,32,Two year,No,Mailed check,20.5,696.8,Low
2988-GBIVW,No,0,0.29513317652390003,Female,1,Yes,No,70,Month-to-month,Fiber optic,Electronic check,90.85,6470.1,Low
4458-KVRBJ,No,0,0.004699152781582742,Male,0,No,No,59,Two year,No,Mailed check,25.0,1510.5,Low
8374-UULRV,No,0,0.010848510405853594,Male,0,No,No,72,Two year,DSL,Credit card (automatic),86.05,6309.65,Low
5914-GXMDA,No,0,0.02760206941885064,Female,0,Yes,No,32,One year,No,Mailed check,19.3,593.2,Low
0564-MUUQK,No,0,0.4628624825374739,Female,0,Yes,Yes,20,Month-to-month,Fiber optic,Bank transfer (automatic),95.5,1916.2,Medium
3646-ITDGM,No,0,0.004026154365474136,Female,0,No,No,56,Two year,No,Bank transfer (automatic),19.7,1051.9,Low
5485-ITNPC,No,0,0.015118876831066063,Male,0,Yes,No,66,Two year,DSL,Bank transfer (automatic),85.9,5595.3,Low
4626-OZDTJ,No,0,0.07368478662934844,Female,0,Yes,No,51,One year,DSL,Credit card (automatic),78.65,3950.85,Low
8046-DNVTL,No,0,0.007989438303214835,Male,0,Yes,No,62,Two year,DSL,Credit card (automatic),38.6,2345.55,Low
1219-NNDDO,No,1,0.6864355680234884,Female,0,No,No,9,Month-to-month,Fiber optic,Electronic check,76.85,663.55,High
5702-KVQRD,No,0,0.01867395089725018,Male,0,Yes,No,71,Two year,DSL,Electronic check,82.55,5832.65,Low
9688-YGXVR,No,0,0.2989287027458908,Female,0,No,No,44,Month-to-month,Fiber optic,Credit card (automatic),88.15,3973.2,Low
9885-CSMWE,Yes,1,0.6966069943185567,Female,1,No,No,1,Month-to-month,Fiber optic,Electronic check,78.45,78.45,High
4291-HPAXL,No,0,0.17069325155171533,Male,0,No,Yes,1,Month-to-month,No,Mailed check,19.85,19.85,Low
3115-CZMZD,No,0,0.055526565939708596,Male,0,No,Yes,0,Two year,No,Mailed check,20.25,0.0,Low
9239-GZHZE,No,0,0.055164508234340555,Female,0,Yes,No,72,Two year,Fiber optic,Credit card (automatic),113.65,8124.2,Low
8237-ULIXL,No,0,0.002466225345479598,Female,0,Yes,No,72,Two year,No,Credit card (automatic),24.85,1871.85,Low
1042-HFUCW,No,0,0.0665261134229983,Female,0,No,Yes,25,One year,DSL,Credit card (automatic),54.75,1266.35,Low
9912-OMZDS,No,0,0.2857498812897923,Female,0,Yes,Yes,59,One year,Fiber optic,Electronic check,106.15,6256.2,Low
8399-YNDCH,Yes,0,0.3447006377593935,Male,1,No,No,21,Month-to-month,DSL,Bank transfer (automatic),60.05,1236.15,Medium
6652-YFFJO,No,1,0.520894925286634,Female,0,No,No,11,Month-to-month,DSL,Electronic check,64.9,716.1,Medium
9867-JCZSP,No,0,0.05150738353078525,Female,0,Yes,Yes,17,One year,No,Mailed check,20.75,418.25,Low
5286-YHCVC,No,0,0.10152120863279926,Male,0,Yes,No,72,Two year,Fiber optic,Bank transfer (automatic),104.8,7470.1,Low
8868-GAGIO,No,0,0.25289019603243096,Male,0,Yes,No,45,Month-to-month,Fiber optic,Mailed check,84.55,3713.95,Low
3181-MIZBN,No,0,0.11558129851132376,Male,0,Yes,Yes,16,Month-to-month,No,Electronic check,19.75,313.4,Low
5337-IIWKZ,No,0,0.21565159921817512,Male,0,Yes,Yes,34,Month-to-month,DSL,Electronic check,44.85,1442.6,Low
2786-GCDPI,No,0,0.491936011334126,Female,1,No,No,50,Month-to-month,Fiber optic,Electronic check,104.95,5222.35,Medium
2137-DQMEV,No,0,0.015962234657121134,Male,0,Yes,Yes,68,One year,DSL,Mailed check,44.8,2983.65,Low
5382-SOYZL,No,1,0.6847576042773609,Male,0,No,No,22,Month-to-month,Fiber optic,Electronic check,95.1,2162.6,High
8242-JSVBO,No,0,0.3759168506673362,Male,0,No,No,7,Month-to-month,DSL,Bank transfer (automatic),44.65,322.5,Medium
4998-IKFSE,No,1,0.5802025216173532,Female,0,No,No,30,Month-to-month,Fiber optic,Electronic check,100.45,3096.9,Medium
5327-CNLUQ,No,0,0.08998065821912911,Male,0,Yes,No,48,Two year,Fiber optic,Bank transfer (automatic),96.9,4473.45,Low
2716-GFZOR,No,0,0.18527062594488566,Male,0,Yes,No,43,Month-to-month,Fiber optic,Credit card (automatic),86.1,3551.65,Low
8903-WMRNW,No,1,0.5328051242678375,Female,0,Yes,No,15,Month-to-month,Fiber optic,Electronic check,101.75,1669.4,Medium
5515-IDEJJ,Yes,0,0.17299191606049086,Male,0,Yes,Yes,1,Month-to-month,No,Mailed check,19.9,19.9,Low
3086-RUCRN,No,0,0.15108024552884522,Female,0,No,No,66,Month-to-month,Fiber optic,Bank transfer (automatic),103.1,6595.0,Low
4872-VXRIL,No,0,0.02622116565352238,Male,0,No,No,56,One year,DSL,Bank transfer (automatic),64.65,3665.55,Low
5736-YEJAX,No,0,0.009863321019536415,Male,0,No,Yes,69,Two year,DSL,Credit card (automatic),79.45,5502.55,Low
1877-HKBQX,No,0,0.11577477709205668,Female,0,No,No,11,One year,DSL,Mailed check,54.6,617.85,Low
2921-XWDJH,No,0,0.4228018514035697,Female,1,Yes,No,38,Month-to-month,Fiber optic,Electronic check,83.45,3147.15,Medium
3460-TJBWI,No,0,0.02264847746164972,Male,0,Yes,Yes,24,Two year,No,Mailed check,24.2,609.05,Low
0114-IGABW,No,0,0.014102851863034931,Female,0,Yes,No,71,Two year,DSL,Bank transfer (automatic),58.25,4145.9,Low
8152-VETUR,No,0,0.08198302415367904,Female,0,Yes,No,72,Two year,Fiber optic,Credit card (automatic),97.7,6869.7,Low
8345-MVDYC,No,0,0.023044948907025565,Female,0,No,No,45,Two year,DSL,Bank transfer (automatic),81.65,3618.7,Low
0613-WUXUM,No,0,0.0023988336706517077,Female,0,Yes,Yes,70,Two year,No,Mailed check,19.2,1401.4,Low
6635-MYYYZ,Yes,0,0.0659124177671941,Female,0,No,No,30,One year,DSL,Bank transfer (automatic),85.35,2530.4,Low
4558-CGYCZ,No,0,0.17262221476533646,Male,0,No,No,4,Month-to-month,No,Mailed check,19.75,78.3,Low
5857-TYBCJ,No,1,0.5359377433330038,Male,1,Yes,No,44,Month-to-month,Fiber optic,Electronic check,89.2,4040.2,Medium
4378-MYPGO,No,0,0.054849230841543355,Male,0,Yes,Yes,68,Two year,Fiber optic,Bank transfer (automatic),105.25,7173.15,Low
5394-SVGJV,Yes,0,0.3145128166444964,Male,0,No,No,37,Month-to-month,Fiber optic,Bank transfer (automatic),98.8,3475.55,Medium
9019-QVLZD,Yes,1,0.6442158880428843,Female,0,No,No,1,Month-to-month,Fiber optic,Electronic check,79.55,79.55,High
5542-TBBWB,No,1,0.6773300339838131,Male,0,No,No,1,Month-to-month,Fiber optic,Electronic check,69.9,69.9,High
3174-RKMOW,No,0,0.4517153737650775,Male,0,Yes,Yes,35,Month-to-month,Fiber optic,Electronic check,109.95,3782.4,Medium
2775-SEFEE,No,0,0.08434767619546632,Male,0,No,Yes,0,Two year,DSL,Bank transfer (automatic),61.9,0.0,Low
9496-IVVRP,No,0,0.18564755370745722,Female,0,Yes,Yes,11,Month-to-month,DSL,Bank transfer (automatic),51.0,581.7,Low
9055-MOJJJ,No,0,0.012240831917934736,Female,0,Yes,Yes,64,One year,DSL,Mailed check,65.8,4068.0,Low
1399-OUPJN,No,0,0.003491891925694749,Female,0,Yes,Yes,57,Two year,No,Bank transfer (automatic),19.75,1272.05,Low
3976-NLDEZ,No,0,0.19639238531426953,Male,0,No,No,1,Month-to-month,No,Mailed check,20.6,20.6,Low
9101-BWFSS,Yes,0,0.16545284720530737,Female,0,Yes,No,50,One year,Fiber optic,Electronic check,108.55,5610.7,Low
5572-ZDXHY,Yes,0,0.47602780935321254,Female,0,No,No,22,Month-to-month,Fiber optic,Mailed check,84.3,1855.65,Medium
2055-BFOCC,No,0,0.041041385749972584,Male,1,Yes,No,63,One year,DSL,Bank transfer (automatic),84.0,5329.55,Low
9337-SRRNI,No,0,0.003643184984084578,Male,0,No,Yes,66,Two year,No,Credit card (automatic),25.3,1673.8,Low
4121-AGSIN,No,0,0.011758636073299704,Female,0,Yes,Yes,58,One year,No,Credit card (automatic),24.5,1497.9,Low
1535-VTJOQ,No,0,0.025380257371889623,Female,0,No,No,24,Two year,No,Credit card (automatic),25.15,553.0,Low
7714-YXSMB,No,1,0.6115839913409669,Female,0,No,No,26,Month-to-month,Fiber optic,Bank transfer (automatic),100.5,2599.95,High
9221-OTIVJ,Yes,1,0.7725038055134187,Female,1,No,No,14,Month-to-month,Fiber optic,Electronic check,104.85,1531.4,High
0014-BMAQU,No,0,0.030727712007465005,Male,0,Yes,No,63,Two year,Fiber optic,Credit card (automatic),84.65,5377.8,Low
5297-MDOIR,No,0,0.07320863109355855,Female,0,Yes,No,63,One year,Fiber optic,Credit card (automatic),81.15,5224.5,Low
4625-XMOYM,No,0,0.0033654409762820916,Female,0,Yes,Yes,72,Two year,No,Bank transfer (automatic),26.25,1988.05,Low
8495-LJDFO,No,0,0.2814373652325295,Female,1,No,No,64,Month-to-month,Fiber optic,Bank transfer (automatic),108.95,7111.3,Low
6521-YYTYI,Yes,1,0.7641451273002553,Male,0,No,Yes,1,Month-to-month,Fiber optic,Electronic check,93.3,93.3,High
8571-ZCMCX,No,0,0.04191720079043646,Female,0,Yes,Yes,47,Two year,DSL,Credit card (automatic),60.0,2768.65,Low
2284-VFLKH,No,0,0.16710838261765595,Male,0,Yes,No,49,One year,Fiber optic,Credit card (automatic),99.25,4920.8,Low
4636-JGAAI,No,0,0.3606441968098576,Male,0,Yes,No,34,Month-to-month,Fiber optic,Mailed check,88.85,3000.25,Medium
7925-PNRGI,No,0,0.06244766184397442,Female,0,Yes,Yes,45,Month-to-month,DSL,Mailed check,81.3,3541.1,Low
4770-UEZOX,No,1,0.6402429655159028,Male,0,No,No,2,Month-to-month,Fiber optic,Electronic check,74.75,144.8,High
7103-ZGVNT,No,0,0.012281449722126612,Female,0,Yes,Yes,69,One year,DSL,Credit card (automatic),73.7,4885.85,Low
4191-XOVOM,No,0,0.24782916899441268,Male,0,No,No,63,Month-to-month,Fiber optic,Electronic check,105.4,6713.2,Low
1098-KFQEC,No,0,0.0033678128882234605,Female,0,Yes,Yes,55,Two year,No,Credit card (automatic),19.4,1083.0,Low
9518-XXBXE,No,0,0.4875596941828201,Male,1,Yes,No,10,Month-to-month,Fiber optic,Electronic check,75.3,720.45,Medium
8267-KFGYD,No,0,0.2264847816541364,Male,0,No,Yes,1,Month-to-month,No,Mailed check,21.05,21.05,Low
2911-WDXMV,No,0,0.4705592352276596,Male,0,No,Yes,18,Month-to-month,Fiber optic,Credit card (automatic),80.55,1406.65,Medium
9097-ZUBYC,No,0,0.169898973582856,Male,0,Yes,No,14,Month-to-month,DSL,Bank transfer (automatic),48.8,664.4,Low
5115-GZDEL,No,0,0.007772698383753583,Male,0,No,Yes,72,Two year,DSL,Credit card (automatic),67.2,4671.7,Low
7853-GVUDZ,Yes,0,0.22494219478196922,Female,0,Yes,Yes,1,Month-to-month,No,Credit card (automatic),20.15,20.15,Low
3774-VBNXY,No,0,0.0023120996419581205,Female,0,Yes,Yes,64,Two year,No,Mailed check,20.2,1277.75,Low
3131-NWVFJ,No,0,0.05834714443662367,Female,0,Yes,Yes,14,One year,No,Mailed check,19.55,294.5,Low
8979-CAMGB,No,0,0.19596121748539524,Male,1,No,No,64,One year,Fiber optic,Electronic check,102.1,6688.1,Low
1024-VRZHF,Yes,1,0.6613859820350814,Male,0,Yes,No,11,Month-to-month,Fiber optic,Electronic check,74.95,825.7,High
8999-EXMNO,No,0,0.02323661853041645,Female,0,Yes,Yes,19,Two year,No,Mailed check,20.15,387.7,Low
4086-WITJG,No,0,0.0013490842997406118,Male,0,Yes,Yes,71,Two year,No,Credit card (automatic),19.7,1301.1,Low
9220-ZNKJI,No,0,0.05010661803095375,Female,1,Yes,No,55,Two year,Fiber optic,Credit card (automatic),88.8,4805.3,Low
2481-SBOYW,No,0,0.004879201408165403,Female,0,No,Yes,61,Two year,No,Credit card (automatic),25.0,1498.35,Low
6195-MELTI,No,0,0.02358080377983982,Male,0,No,No,57,One year,DSL,Mailed check,54.65,3134.7,Low
1104-TNLZA,No,1,0.5917209178014494,Male,1,Yes,No,28,Month-to-month,Fiber optic,Electronic check,105.8,2998.0,Medium
3705-RHRFR,No,0,0.06044301812729521,Female,0,Yes,No,69,Two year,Fiber optic,Bank transfer (automatic),99.15,6875.35,Low
5345-BMKWB,No,0,0.14723205224390112,Male,0,Yes,No,8,Month-to-month,No,Mailed check,20.25,158.35,Low
2712-SYWAY,No,0,0.39280912164085563,Female,0,No,No,1,Month-to-month,No,Electronic check,25.7,25.7,Medium
6960-HVYXR,Yes,1,0.6711501606366115,Female,0,No,No,1,Month-to-month,Fiber optic,Electronic check,76.0,76.0,High
0256-LTHVJ,Yes,0,0.49018393648371295,Female,0,Yes,Yes,28,Month-to-month,Fiber optic,Electronic check,81.05,2227.1,Medium
8234-GSZYK,No,0,0.01057917703055985,Male,0,No,No,43,Two year,No,Bank transfer (automatic),26.45,1110.05,Low
4654-ULTTN,No,0,0.012823086688323099,Male,0,Yes,No,70,Two year,DSL,Credit card (automatic),74.8,5315.8,Low
2878-DHMIN,No,0,0.025768455830147984,Male,0,Yes,Yes,35,One year,No,Electronic check,19.9,666.0,Low
0137-UDEUO,Yes,0,0.1893352964357393,Female,0,No,No,3,Month-to-month,No,Mailed check,19.85,63.75,Low
7905-NJMXS,No,0,0.2775391896696221,Male,1,Yes,No,7,Month-to-month,DSL,Electronic check,64.2,475.0,Low
3672-YITQD,Yes,1,0.5856352443835978,Male,1,Yes,No,36,Month-to-month,Fiber optic,Electronic check,84.1,3021.6,Medium
6986-IJDHX,Yes,0,0.28605436680413415,Male,0,Yes,Yes,39,Month-to-month,Fiber optic,Mailed check,86.3,3266.0,Low
8739-QOTTN,No,0,0.2000733837951022,Female,0,Yes,No,2,Month-to-month,No,Mailed check,20.35,41.85,Low
8590-YFFQO,No,0,0.003956448317309344,Male,0,Yes,No,70,Two year,DSL,Credit card (automatic),64.95,4523.25,Low
9143-CANJF,No,0,0.10398058472473597,Female,0,Yes,Yes,24,Month-to-month,DSL,Electronic check,55.15,1319.85,Low
9411-TPQQV,No,0,0.0935496039516425,Female,0,No,No,40,One year,DSL,Bank transfer (automatic),54.55,2236.2,Low
3551-GAEGL,No,0,0.058203020846288006,Male,0,Yes,Yes,34,One year,DSL,Bank transfer (automatic),30.4,938.65,Low
5498-TXHLF,Yes,0,0.41500895428475854,Female,0,Yes,Yes,34,Month-to-month,Fiber optic,Electronic check,87.45,2874.15,Medium
1699-HPSBG,Yes,0,0.21633672544239374,Male,0,No,No,12,One year,DSL,Electronic check,59.8,727.8,Low
5982-PSMKW,No,0,0.06380001997238771,Female,0,Yes,Yes,23,Two year,DSL,Credit card (automatic),91.1,2198.3,Low
6082-GLJIX,No,0,0.09108113995102098,Male,0,No,No,18,Month-to-month,No,Mailed check,19.25,331.35,Low
7164-BPTUT,No,0,0.015842750999001762,Male,0,No,Yes,57,Two year,DSL,Mailed check,89.55,5012.35,Low
4184-TJFAN,Yes,0,0.45937214521431785,Female,1,Yes,Yes,3,Month-to-month,Fiber optic,Mailed check,88.3,273.75,Medium
3647-GMGDH,Yes,1,0.5197077706672614,Male,0,Yes,No,22,Month-to-month,Fiber optic,Credit card (automatic),94.7,1914.9,Medium
8164-OCKUJ,No,0,0.0030971005353066633,Female,0,Yes,Yes,59,Two year,No,Mailed check,20.6,1286.0,Low
1626-ERCMM,Yes,1,0.7437150073694773,Male,1,Yes,No,20,Month-to-month,Fiber optic,Electronic check,94.55,1899.65,High
1428-GTBJJ,Yes,1,0.566018780170368,Male,0,No,No,11,Month-to-month,Fiber optic,Electronic check,74.55,824.75,Medium
6633-MPWBS,Yes,0,0.36025946417154037,Male,0,No,No,5,Month-to-month,DSL,Electronic check,49.2,216.9,Medium
7517-SAWMO,Yes,0,0.4535483616721245,Female,0,Yes,No,19,Month-to-month,Fiber optic,Electronic check,73.2,1441.1,Medium
1221-GHZEP,No,0,0.011239838523316783,Female,0,No,No,62,Two year,DSL,Mailed check,65.1,3846.75,Low
1028-FFNJK,No,1,0.5896220687060086,Male,1,Yes,No,30,Month-to-month,Fiber optic,Electronic check,101.5,2917.65,Medium
3657-COGMW,No,0,0.31746333449473113,Female,1,No,No,52,Month-to-month,Fiber optic,Credit card (automatic),108.1,5839.3,Medium
7452-FOLON,No,0,0.021301773679499574,Male,0,No,Yes,39,One year,No,Bank transfer (automatic),25.45,958.45,Low
4647-MUZON,No,1,0.5794678969395971,Female,0,Yes,No,18,Month-to-month,Fiber optic,Credit card (automatic),95.95,1745.5,Medium
5482-PLVPE,Yes,1,0.6284924545147776,Female,1,No,No,2,Month-to-month,DSL,Electronic check,24.35,41.85,High
5917-RYRMG,No,0,0.029956560335584307,Male,1,No,No,32,One year,No,Credit card (automatic),19.8,587.7,Low
3703-VAVCL,Yes,0,0.40129759480544436,Male,0,Yes,Yes,2,Month-to-month,Fiber optic,Credit card (automatic),90.0,190.05,Medium
4189-NAKJS,No,0,0.14888383307671557,Male,0,No,No,26,One year,DSL,Credit card (automatic),51.55,1295.4,Low
9249-FXSCK,Yes,0,0.1561164436558075,Female,0,No,No,52,One year,Fiber optic,Credit card (automatic),111.25,5916.45,Low
4598-XLKNJ,Yes,1,0.6561611421178083,Female,1,Yes,No,25,Month-to-month,Fiber optic,Electronic check,98.5,2514.5,High
5092-STPKP,No,0,0.0857643663482581,Female,0,No,No,24,Month-to-month,DSL,Credit card (automatic),56.35,1381.2,Low
3506-LCJDC,Yes,0,0.17464021563775675,Male,0,Yes,Yes,1,Month-to-month,No,Bank transfer (automatic),19.95,19.95,Low
9115-YQHGA,No,0,0.11780062106892175,Male,0,No,No,40,Month-to-month,DSL,Electronic check,51.1,2092.9,Low
0093-EXYQL,No,1,0.5621357106975633,Female,1,No,No,40,Month-to-month,Fiber optic,Electronic check,91.55,3673.6,Medium
0442-TDYUO,No,0,0.008513328088225082,Male,0,Yes,No,48,Two year,No,Mailed check,20.05,1036.0,Low
9073-ZZIAY,No,0,0.01359525533320453,Male,0,Yes,Yes,62,Two year,DSL,Electronic check,86.1,5215.25,Low
3162-KKZXO,No,0,0.395227148138906,Female,1,No,No,55,One year,Fiber optic,Electronic check,100.15,5409.75,Medium
6685-XSHHU,No,0,0.003930655690254563,Male,0,Yes,Yes,60,Two year,No,Bank transfer (automatic),20.95,1270.55,Low
5220-AGAAX,No,0,0.003593174270026289,Male,0,Yes,Yes,68,Two year,No,Bank transfer (automatic),24.0,1664.3,Low
6726-NNFWD,No,0,0.04826893474994592,Female,1,Yes,No,71,Two year,Fiber optic,Credit card (automatic),89.45,6435.25,Low
9432-VOFYX,No,1,0.5424775442710923,Male,0,No,No,17,Month-to-month,Fiber optic,Electronic check,70.8,1207.0,Medium
5131-PONJI,No,0,0.23389564718763356,Male,0,Yes,Yes,49,Month-to-month,Fiber optic,Credit card (automatic),90.4,4494.65,Low
8755-OGKNA,No,0,0.0033786786155248463,Female,0,Yes,Yes,57,Two year,No,Bank transfer (automatic),19.5,1167.6,Low
7016-NVRIC,No,0,0.2246008322828386,Male,1,Yes,No,29,One year,Fiber optic,Bank transfer (automatic),90.1,2656.7,Low
1970-KKFWL,No,0,0.015955797791894436,Female,0,No,No,35,Two year,No,Bank transfer (automatic),23.3,797.1,Low
4378-BZYFP,No,0,0.07676186616806761,Male,0,No,No,17,One year,No,Mailed check,20.5,365.8,Low
3413-BMNZE,No,0,0.4129855070857079,Male,1,No,No,1,Month-to-month,DSL,Bank transfer (automatic),45.25,45.25,Medium
8760-ZRHKE,No,0,0.032383263711358176,Female,1,Yes,Yes,71,One year,DSL,Electronic check,69.2,4982.5,Low
9763-PDTKK,Yes,0,0.4541407867845097,Female,0,No,No,4,Month-to-month,Fiber optic,Bank transfer (automatic),94.4,387.2,Medium
7054-LGEQW,Yes,0,0.3676002908680065,Female,0,No,No,1,Month-to-month,DSL,Mailed check,45.95,45.95,Medium
5120-ZBLAI,No,0,0.10321233297981215,Female,0,Yes,No,50,One year,DSL,Bank transfer (automatic),75.7,3876.2,Low
3259-QMXUN,No,0,0.050505544860610554,Male,0,Yes,No,58,Two year,DSL,Electronic check,86.1,4890.5,Low
9938-EKRGF,No,0,0.17158107787714974,Female,0,No,No,15,Month-to-month,DSL,Mailed check,84.45,1287.85,Low
6008-NAIXK,No,0,0.15864819919065493,Male,1,No,No,54,One year,DSL,Electronic check,55.45,2966.95,Low
3892-NXAZG,No,0,0.04666462764016245,Male,0,Yes,Yes,72,Two year,Fiber optic,Credit card (automatic),114.05,8289.2,Low
4816-OKWNX,No,0,0.1448434924668973,Male,0,Yes,Yes,50,One year,Fiber optic,Bank transfer (automatic),103.4,5236.4,Low
3487-EARAT,No,0,0.010756170893053595,Female,0,Yes,Yes,70,One year,DSL,Credit card (automatic),74.1,5222.3,Low
4667-OHGKG,Yes,0,0.25647888482934317,Male,0,No,No,1,Month-to-month,No,Mailed check,19.3,19.3,Low
4559-UWIHT,No,1,0.6179010790377367,Male,0,Yes,No,14,Month-to-month,Fiber optic,Electronic check,82.65,1185.0,High
8200-KLNYW,No,0,0.09562871612929975,Female,0,Yes,No,21,One year,DSL,Mailed check,80.9,1714.95,Low
0082-OQIQY,No,0,0.4512545808646511,Male,0,No,No,29,Month-to-month,Fiber optic,Electronic check,94.2,2607.6,Medium
9689-PTNPG,Yes,1,0.7000383553241293,Male,0,No,No,2,Month-to-month,Fiber optic,Electronic check,80.25,144.55,High
5275-PMFUT,No,0,0.011245319389052785,Male,0,Yes,Yes,72,Two year,DSL,Credit card (automatic),64.8,4719.75,Low
5268-DSMNQ,No,0,0.20319029584459927,Female,1,Yes,No,62,One year,Fiber optic,Credit card (automatic),97.95,5936.55,Low
5364-XYIRR,Yes,0,0.48328860243146143,Male,0,Yes,No,51,Month-to-month,Fiber optic,Electronic check,94.65,4812.75,Medium
9242-TKFSV,No,0,0.011374483083879746,Male,0,Yes,Yes,72,Two year,DSL,Credit card (automatic),65.1,4754.3,Low
4381-MHQDC,No,0,0.0209020959229418,Female,0,No,No,47,Two year,DSL,Mailed check,65.0,2879.9,Low
7787-BNTZM,No,0,0.16052893830198706,Male,0,No,No,6,Month-to-month,No,Bank transfer (automatic),20.15,130.5,Low
6215-NQCPY,No,1,0.6488143231079857,Male,0,No,No,15,Month-to-month,Fiber optic,Electronic check,99.7,1566.75,High
3594-IVHJZ,No,0,0.2587149243521719,Female,0,No,No,2,Month-to-month,No,Mailed check,20.45,42.45,Low
5792-JALQC,No,0,0.023689037082474933,Female,1,No,No,52,Two year,DSL,Bank transfer (automatic),59.85,3103.25,Low
5552-ZNFSJ,Yes,0,0.42643870532872713,Male,0,No,No,1,Month-to-month,DSL,Electronic check,45.3,45.3,Medium
0842-IWYCP,No,0,0.07721163345220126,Female,0,No,No,46,Month-to-month,DSL,Bank transfer (automatic),44.95,2168.9,Low
2660-EMUBI,Yes,1,0.7892064702591624,Male,1,No,No,10,Month-to-month,Fiber optic,Electronic check,95.35,898.35,High
7008-LZVOZ,No,0,0.0037000565031739246,Male,0,Yes,Yes,66,Two year,No,Credit card (automatic),25.3,1672.35,Low
8645-KOMJQ,No,0,0.02001370870272192,Male,0,Yes,Yes,69,Two year,DSL,Bank transfer (automatic),81.95,5601.4,Low
5939-SXWHM,No,0,0.0071064584160966905,Male,0,Yes,Yes,48,Two year,No,Bank transfer (automatic),26.3,1245.05,Low
9670-BPNXF,No,0,0.02850292860648755,Female,0,No,No,45,One year,DSL,Credit card (automatic),62.55,2796.45,Low
5060-TQUQN,No,0,0.2820896147262381,Male,0,Yes,Yes,30,Month-to-month,Fiber optic,Bank transfer (automatic),83.55,2570.2,Low
4717-GHADL,No,0,0.04388127407781105,Female,0,No,No,50,Two year,DSL,Mailed check,79.6,4024.2,Low
3219-JQRSL,No,0,0.015082594176651903,Female,1,Yes,No,72,Two year,DSL,Credit card (automatic),89.1,6352.4,Low
7622-NXQZR,No,0,0.17890842191498646,Male,0,No,No,28,Month-to-month,DSL,Credit card (automatic),30.1,810.85,Low
1228-ZLNBX,No,0,0.41349878592515027,Male,0,No,No,21,Month-to-month,Fiber optic,Mailed check,75.3,1570.7,Medium
3604-WLABM,No,0,0.26315443118970505,Female,0,No,No,10,Month-to-month,DSL,Electronic check,54.25,583.0,Low
7296-PIXQY,No,0,0.46247450286187425,Female,0,Yes,Yes,14,Month-to-month,Fiber optic,Electronic check,70.2,1046.5,Medium
6502-MJQAE,Yes,1,0.6771252035541695,Male,0,No,No,1,Month-to-month,Fiber optic,Electronic check,69.6,69.6,High
3679-XASPY,No,0,0.23156692700457449,Female,0,Yes,Yes,1,Month-to-month,No,Electronic check,19.45,19.45,Low
2079-FBMZK,Yes,1,0.576915900379506,Female,0,No,No,6,Month-to-month,Fiber optic,Mailed check,69.25,418.4,Medium
8584-KMVXD,No,1,0.5157611033796465,Female,0,No,No,8,Month-to-month,Fiber optic,Electronic check,75.6,535.55,Medium
6217-KDYWC,No,0,0.0043924405610272325,Male,0,No,Yes,57,Two year,No,Mailed check,19.6,1170.55,Low
2480-EJWYP,No,0,0.2668942833880859,Female,1,Yes,No,58,One year,Fiber optic,Bank transfer (automatic),97.8,5458.8,Low
0968-GSIKN,Yes,1,0.6215612463659977,Female,0,No,No,1,Month-to-month,Fiber optic,Mailed check,70.8,70.8,High
1518-OMDIK,No,0,0.14990568180578226,Male,0,Yes,No,33,Month-to-month,DSL,Credit card (automatic),44.55,1462.6,Low
1872-EBWSC,No,0,0.03249032704709826,Female,0,No,No,29,One year,No,Mailed check,20.35,617.35,Low
8773-HHUOZ,Yes,0,0.3488477557718655,Female,0,No,Yes,17,Month-to-month,DSL,Mailed check,64.7,1093.1,Medium
1580-BMCMR,No,1,0.5637172391363905,Male,1,No,No,19,Month-to-month,Fiber optic,Electronic check,87.3,1637.3,Medium
5228-EXCET,Yes,1,0.6329866732580672,Male,0,No,No,13,Month-to-month,Fiber optic,Electronic check,80.85,1008.7,High
5443-SCMKX,No,0,0.2623125748124779,Female,0,Yes,No,58,One year,Fiber optic,Electronic check,94.3,5610.15,Low
9637-CDTKZ,No,0,0.051646507733840635,Male,0,Yes,No,72,Two year,Fiber optic,Credit card (automatic),114.1,8086.4,Low
8456-QDAVC,No,0,0.4954105149408563,Male,0,No,No,19,Month-to-month,Fiber optic,Bank transfer (automatic),78.7,1495.1,Medium
8976-OQHGT,Yes,0,0.20028527058959628,Female,0,Yes,Yes,4,Month-to-month,DSL,Mailed check,56.5,235.1,Low
0975-UYDTX,No,0,0.12354229696848594,Female,0,Yes,No,26,One year,DSL,Credit card (automatic),90.1,2312.55,Low
5281-BUZGT,Yes,0,0.48499326727271463,Male,1,No,No,36,Month-to-month,Fiber optic,Electronic check,90.85,3186.7,Medium
7654-YWJUF,No,0,0.08946967136066124,Male,0,Yes,No,43,One year,Fiber optic,Bank transfer (automatic),84.25,3539.25,Low
6974-DAFLI,No,0,0.011946898969786459,Female,0,Yes,No,55,One year,No,Electronic check,19.7,1140.05,Low
0440-MOGPM,No,0,0.20873605358203912,Female,0,No,No,41,One year,DSL,Electronic check,80.55,3263.9,Low
8966-SNIZF,No,0,0.0019694920192183216,Female,0,Yes,No,70,Two year,No,Bank transfer (automatic),19.45,1303.5,Low
4254-QPEDE,No,0,0.020521131162950266,Female,0,Yes,No,52,Two year,DSL,Credit card (automatic),66.25,3330.1,Low
2474-LCNUE,No,0,0.2914188491347228,Female,0,Yes,No,23,Month-to-month,DSL,Credit card (automatic),73.65,1642.75,Low
1226-UDFZR,Yes,0,0.40994052440352624,Female,0,No,No,2,Month-to-month,DSL,Mailed check,49.6,114.7,Medium
4023-RTIQM,No,0,0.16780180587860755,Female,1,Yes,No,31,One year,DSL,Credit card (automatic),50.4,1580.1,Low
1371-WEPDS,No,0,0.11868937358885653,Male,1,Yes,No,40,One year,DSL,Electronic check,55.8,2283.3,Low
1333-PBMXB,No,0,0.015445503408827183,Female,0,Yes,Yes,54,One year,No,Bank transfer (automatic),24.75,1342.15,Low
2674-MIAHT,No,1,0.6285626021579893,Female,0,No,No,4,Month-to-month,Fiber optic,Mailed check,80.3,324.2,High
7727-SHVZV,No,0,0.14623279400536462,Female,0,No,No,9,Month-to-month,No,Bank transfer (automatic),19.5,150.35,Low
9591-YVTEB,No,0,0.13384268561839457,Male,1,No,No,55,Month-to-month,DSL,Electronic check,44.85,2479.05,Low
0661-WCQNQ,No,0,0.07040394717404304,Male,0,Yes,No,22,One year,DSL,Credit card (automatic),56.25,1292.2,Low
0191-ZHSKZ,No,0,0.28623234733513275,Male,1,No,No,30,Month-to-month,DSL,Electronic check,74.75,2111.3,Low
2347-WKKAE,No,0,0.42433035463935614,Male,0,Yes,No,42,Month-to-month,Fiber optic,Electronic check,94.4,4014.6,Medium
4603-JANFB,Yes,1,0.6772959003038157,Male,0,No,No,1,Month-to-month,Fiber optic,Electronic check,69.85,69.85,High
4090-KPJIP,No,1,0.7282274688931593,Female,0,No,No,3,Month-to-month,Fiber optic,Electronic check,74.95,212.4,High
2851-MMUTZ,No,0,0.13687210129828734,Female,0,No,No,27,Month-to-month,DSL,Mailed check,56.15,1439.35,Low
3811-VBYBZ,Yes,1,0.7410737734972692,Male,0,No,No,7,Month-to-month,Fiber optic,Electronic check,99.8,673.25,High
1840-BIUOG,No,0,0.19567243202978327,Male,0,No,No,20,One year,DSL,Electronic check,68.7,1416.2,Low
7610-TVOPG,No,0,0.23257021960245794,Male,0,No,No,15,Month-to-month,No,Electronic check,26.35,378.6,Low
8628-MFKAX,No,0,0.07285208314423165,Female,1,Yes,No,72,Two year,Fiber optic,Credit card (automatic),116.75,8277.05,Low
5049-MUBWG,No,0,0.07225331157954813,Male,0,No,No,26,One year,DSL,Bank transfer (automatic),75.0,1908.35,Low
7140-ADSMJ,No,0,0.18195500566393724,Male,0,No,No,8,Month-to-month,No,Credit card (automatic),20.45,162.3,Low
1167-OYZJF,No,0,0.004170327443207453,Female,1,Yes,No,67,Two year,No,Bank transfer (automatic),20.05,1263.05,Low
2018-QKYGT,No,1,0.689834138763772,Male,0,Yes,Yes,1,Month-to-month,Fiber optic,Electronic check,81.05,81.05,High
6371-NZYEG,No,0,0.054037530777652144,Male,0,Yes,Yes,16,Two year,DSL,Mailed check,64.25,1024.0,Low
9258-CNWAC,No,0,0.035995733441499776,Female,0,Yes,Yes,71,Two year,Fiber optic,Credit card (automatic),113.65,8166.8,Low
6599-SFQVE,No,1,0.5292612960594214,Female,0,No,No,6,Month-to-month,DSL,Electronic check,55.0,340.4,Medium
6035-RIIOM,No,0,0.1372858328174644,Female,0,No,No,54,Two year,Fiber optic,Bank transfer (automatic),97.2,5129.45,Low
6518-LGAOV,Yes,1,0.5167262304376757,Female,0,Yes,No,38,Month-to-month,Fiber optic,Electronic check,105.0,4026.4,Medium
6481-ESCNL,No,1,0.5045401568873508,Female,0,No,No,29,Month-to-month,Fiber optic,Bank transfer (automatic),100.55,2878.75,Medium
7426-WEIJX,No,0,0.22727179191399338,Male,1,Yes,Yes,60,Month-to-month,Fiber optic,Electronic check,80.95,4859.1,Low
6388-TABGU,No,0,0.012841593440398471,Male,0,No,Yes,62,One year,DSL,Bank transfer (automatic),56.15,3487.95,Low
7695-PKLCZ,No,0,0.0020658177910172094,Female,0,No,No,68,Two year,No,Credit card (automatic),20.5,1424.9,Low
3572-UUHRS,No,0,0.013459540845408754,Male,0,No,No,45,One year,No,Bank transfer (automatic),18.85,867.3,Low
9381-NDKME,Yes,0,0.4311696031128927,Female,1,Yes,No,24,Month-to-month,DSL,Credit card (automatic),40.65,933.3,Medium
8592-PLTMQ,No,0,0.007788192299726119,Female,0,No,No,64,One year,No,Mailed check,24.7,1642.75,Low
0727-BNRLG,No,0,0.047602338825454525,Male,0,No,No,69,Two year,Fiber optic,Credit card (automatic),97.65,6743.55,Low
6372-RFVNS,Yes,1,0.6473391202853152,Female,0,Yes,No,1,Month-to-month,Fiber optic,Electronic check,78.8,78.8,High
6180-YBIQI,No,0,0.44093669902639104,Male,0,No,No,5,Month-to-month,DSL,Mailed check,24.3,100.2,Medium
1047-NNCBF,No,0,0.3424403209302231,Male,0,No,No,20,Month-to-month,Fiber optic,Credit card (automatic),70.55,1493.55,Medium
0909-SDHNU,No,0,0.307528690194753,Female,0,No,Yes,7,Month-to-month,DSL,Mailed check,29.8,201.95,Medium
2111-DWYHN,No,0,0.19663898174307923,Male,0,No,No,1,Month-to-month,No,Mailed check,21.1,21.1,Low
1270-XKUCC,No,0,0.013243254862351379,Female,0,Yes,Yes,30,Two year,No,Mailed check,19.7,599.25,Low
7929-DMBCV,No,0,0.3723057261772498,Female,0,Yes,No,20,Month-to-month,Fiber optic,Mailed check,81.0,1683.7,Medium
7481-ATQQS,Yes,0,0.43194817738033014,Female,1,No,No,49,Month-to-month,Fiber optic,Credit card (automatic),90.85,4515.85,Medium
2207-NHRJK,Yes,0,0.3957270711845417,Male,0,No,No,1,Month-to-month,DSL,Electronic check,50.8,50.8,Medium
1403-GYAFU,No,0,0.001457199278120282,Male,0,Yes,Yes,70,Two year,No,Credit card (automatic),20.05,1360.25,Low
5356-RHIPP,Yes,0,0.257015331754517,Male,0,No,No,1,Month-to-month,No,Mailed check,20.2,20.2,Low
2880-FPNAE,No,1,0.7251807106421683,Male,1,Yes,No,2,Month-to-month,Fiber optic,Electronic check,74.2,140.1,High
0177-PXBAT,No,0,0.4397261691955083,Male,1,Yes,No,33,Month-to-month,Fiber optic,Bank transfer (automatic),109.9,3694.7,Medium
4445-ZJNMU,No,1,0.6506647731827339,Male,0,No,No,9,Month-to-month,Fiber optic,Credit card (automatic),99.3,918.75,High
3810-PJUHR,No,0,0.002279863817977491,Male,0,Yes,Yes,70,Two year,No,Mailed check,25.35,1715.15,Low
7248-VZQLC,Yes,0,0.3609233053508136,Female,1,No,No,47,Month-to-month,Fiber optic,Bank transfer (automatic),85.2,3969.35,Medium
0895-UADGO,No,0,0.11072240940051528,Male,0,No,Yes,8,Two year,DSL,Mailed check,44.55,343.45,Low
9442-JTWDL,No,0,0.07232153901848846,Female,0,No,No,11,One year,No,Credit card (automatic),20.05,237.7,Low
0187-QSXOE,No,1,0.7611159513342552,Male,1,Yes,No,7,Month-to-month,Fiber optic,Electronic check,89.0,605.45,High
0480-BIXDE,No,1,0.6576503834315585,Female,0,Yes,No,19,Month-to-month,Fiber optic,Electronic check,96.8,1743.05,High
0812-WUPTB,Yes,1,0.585496630312541,Male,1,Yes,No,1,Month-to-month,Fiber optic,Mailed check,70.85,70.85,Medium
9780-FKVVF,No,0,0.349140223181281,Male,0,No,No,6,Month-to-month,DSL,Bank transfer (automatic),59.15,336.7,Medium
2235-DWLJU,No,1,0.741896049241164,Female,1,No,No,6,Month-to-month,DSL,Electronic check,44.4,263.05,High
2478-EEWWM,No,0,0.1748820229881722,Male,0,Yes,No,59,Month-to-month,DSL,Electronic check,44.3,2666.75,Low
1478-VPOAD,No,0,0.43981426377034916,Female,0,No,No,1,Month-to-month,DSL,Electronic check,43.8,43.8,Medium
5311-IHLEI,No,0,0.28132580309576005,Male,0,No,No,12,Month-to-month,DSL,Bank transfer (automatic),50.95,605.75,Low
8290-YWKHZ,Yes,1,0.6782530402753328,Female,1,Yes,No,32,Month-to-month,Fiber optic,Electronic check,93.2,2931.0,High
7129-AZJDE,No,0,0.22707320791428603,Male,0,Yes,Yes,34,One year,Fiber optic,Bank transfer (automatic),78.95,2647.2,Low
8454-AATJP,No,0,0.04251577160533415,Female,0,No,No,72,Two year,Fiber optic,Credit card (automatic),115.05,8405.0,Low
0378-XSZPU,Yes,0,0.01822347468556073,Male,0,Yes,No,58,One year,DSL,Credit card (automatic),60.3,3563.8,Low
2928-HLDBA,No,0,0.1665320461745595,Female,0,No,No,6,Month-to-month,No,Mailed check,20.7,112.75,Low
0817-HSUSE,No,0,0.49283050846130927,Male,0,No,No,1,Month-to-month,DSL,Electronic check,75.5,75.5,Medium
8404-VIOMB,No,0,0.017786013832825045,Female,0,No,No,66,Two year,DSL,Bank transfer (automatic),62.5,4136.4,Low
1373-ORVIZ,Yes,0,0.4045789889039388,Female,0,Yes,Yes,11,Month-to-month,DSL,Electronic check,66.35,740.8,Medium
3551-HUAZH,Yes,1,0.7753643343162528,Male,1,No,No,1,Month-to-month,Fiber optic,Electronic check,74.4,74.4,High
6484-LATFU,No,0,0.0029226080825378907,Male,0,No,No,68,Two year,No,Mailed check,24.55,1657.4,Low
5884-GCYMI,Yes,1,0.5209715757966797,Male,0,No,No,1,Month-to-month,Fiber optic,Mailed check,69.4,69.4,Medium
7247-XOZPB,No,0,0.034414011955895524,Male,0,Yes,No,53,One year,DSL,Bank transfer (automatic),77.4,4155.95,Low
6828-HMKWP,No,0,0.031750418204865065,Male,0,Yes,Yes,12,Two year,No,Bank transfer (automatic),21.05,262.05,Low
2636-ALXXZ,Yes,1,0.7389803365558528,Female,1,No,No,1,Month-to-month,Fiber optic,Electronic check,69.6,69.6,High
5787-KXGIY,No,0,0.0015080055469522092,Male,0,Yes,No,72,Two year,No,Credit card (automatic),19.3,1304.8,Low
8819-WFGGJ,No,0,0.024205565706487242,Male,0,Yes,No,68,Two year,DSL,Bank transfer (automatic),54.1,3794.5,Low
6791-YBNAK,No,0,0.24843941697632244,Male,0,Yes,Yes,18,Month-to-month,DSL,Credit card (automatic),25.55,467.85,Low
0567-GGCAC,No,0,0.27671711730323684,Female,0,No,No,7,Month-to-month,DSL,Electronic check,61.4,438.9,Low
1543-LLLFT,No,0,0.153881788388349,Male,1,Yes,No,61,One year,Fiber optic,Mailed check,98.3,6066.55,Low
2995-UPRYS,Yes,0,0.23300346062541613,Female,1,Yes,No,40,One year,Fiber optic,Credit card (automatic),99.2,4062.2,Low
4273-MBHYA,No,1,0.72711186836444,Female,0,No,Yes,1,Month-to-month,Fiber optic,Electronic check,89.35,89.35,High
1899-VXWXM,Yes,0,0.28141313975353344,Male,0,No,No,48,One year,Fiber optic,Credit card (automatic),106.1,5082.8,Low
5949-XIKAE,Yes,1,0.6075710856941038,Female,0,Yes,Yes,8,Month-to-month,Fiber optic,Electronic check,83.55,680.05,High
5202-IVJNU,Yes,0,0.11254261438736576,Female,0,No,Yes,39,Month-to-month,DSL,Credit card (automatic),30.1,1131.3,Low
5055-MGMGF,No,0,0.36893248148494723,Female,0,Yes,No,65,Month-to-month,Fiber optic,Electronic check,105.05,6914.95,Medium
5240-IJOQT,Yes,1,0.7755275026625221,Male,1,No,No,1,Month-to-month,Fiber optic,Electronic check,74.7,74.7,High
1206-EHBDD,No,0,0.03521034640036005,Female,0,Yes,No,56,Two year,Fiber optic,Bank transfer (automatic),80.3,4513.65,Low
7941-RCJOW,No,0,0.0030682915427360973,Male,0,No,No,65,Two year,No,Credit card (automatic),19.55,1218.65,Low
1027-LKKQQ,No,0,0.011950133923648175,Female,0,Yes,Yes,72,Two year,DSL,Bank transfer (automatic),80.45,5886.85,Low
0302-JOIVN,Yes,1,0.6294937421710605,Female,0,Yes,No,8,Month-to-month,Fiber optic,Electronic check,101.15,842.9,High
1965-DDBWU,Yes,0,0.48137840187890857,Male,0,No,No,16,Month-to-month,Fiber optic,Credit card (automatic),89.05,1448.6,Medium
9819-FBNSV,No,0,0.3547408050064681,Male,1,Yes,No,37,Month-to-month,Fiber optic,Bank transfer (automatic),72.25,2575.45,Medium
0187-WZNAB,No,0,0.21302093479143464,Female,0,Yes,Yes,27,Month-to-month,Fiber optic,Mailed check,74.4,1972.35,Low
2038-LLMLM,No,0,0.4387758219698483,Female,0,No,No,48,Month-to-month,Fiber optic,Electronic check,103.85,4946.05,Medium
9837-BMCLM,Yes,1,0.6931503467135952,Male,0,No,No,3,Month-to-month,Fiber optic,Electronic check,78.5,242.05,High
4316-XCSLJ,No,0,0.18490931991825682,Male,0,No,Yes,17,Month-to-month,DSL,Mailed check,50.3,846.8,Low
3530-VWVGU,No,0,0.06894162067748452,Female,0,Yes,Yes,22,Month-to-month,No,Mailed check,19.9,400.3,Low
3500-NSDOA,No,0,0.009536326864435918,Male,0,Yes,Yes,68,Two year,DSL,Credit card (automatic),70.8,4859.95,Low
4633-MKHYU,No,1,0.6440617425275161,Female,0,No,No,9,Month-to-month,Fiber optic,Mailed check,88.4,788.6,High
1357-MVDOZ,No,0,0.347428854004841,Male,0,Yes,Yes,11,Month-to-month,DSL,Bank transfer (automatic),59.65,683.25,Medium
1790-NESIO,No,0,0.05080633081254117,Female,0,No,No,13,Two year,No,Mailed check,20.4,261.3,Low
5136-RGMZO,No,0,0.23091009191647396,Male,0,No,No,31,Month-to-month,DSL,Electronic check,71.05,2168.15,Low
8627-EHGIP,Yes,0,0.13880197132648664,Male,0,No,No,44,One year,DSL,Mailed check,53.95,2375.4,Low
8165-CBKXO,No,0,0.026320470943472157,Male,0,Yes,Yes,66,Two year,DSL,Credit card (automatic),56.75,3708.4,Low
4098-NAUKP,No,0,0.23617756773560303,Male,1,Yes,Yes,68,Month-to-month,Fiber optic,Electronic check,84.65,5683.6,Low
2604-XVDAM,No,0,0.2649173136602277,Female,0,No,No,12,Month-to-month,DSL,Bank transfer (automatic),43.8,540.95,Low
6953-PBDIN,No,0,0.01172653453695407,Male,0,Yes,No,70,Two year,DSL,Bank transfer (automatic),72.95,5265.55,Low
0637-UBJRP,Yes,0,0.42151395985187645,Male,0,Yes,Yes,13,Month-to-month,Fiber optic,Electronic check,84.05,1095.3,Medium
5130-YPIRV,No,0,0.015657777033906577,Female,0,Yes,No,62,Two year,DSL,Credit card (automatic),72.0,4284.2,Low
8468-EHYJA,No,0,0.371863501854825,Female,0,Yes,No,57,Month-to-month,Fiber optic,Electronic check,99.65,5497.05,Medium
3890-RTCMS,No,0,0.20797419202502374,Male,0,No,No,16,Month-to-month,DSL,Mailed check,49.45,799.0,Low
6486-LHTMA,No,0,0.49476776875657547,Female,1,Yes,No,31,One year,Fiber optic,Electronic check,90.7,2835.5,Medium
3340-QBBFM,No,0,0.05233606841023571,Male,1,Yes,No,36,One year,DSL,Credit card (automatic),54.1,1992.85,Low
7964-YESJC,No,0,0.16345417707561755,Female,0,Yes,No,24,Month-to-month,DSL,Mailed check,66.3,1559.45,Low
3923-CSIHK,Yes,0,0.3252992103724083,Female,1,Yes,No,50,Month-to-month,Fiber optic,Electronic check,71.05,3444.85,Medium
3230-WYKIR,Yes,0,0.20921549716708446,Male,0,No,No,18,One year,DSL,Credit card (automatic),82.0,1425.45,Low
8715-KKTFG,No,0,0.1977582641087051,Female,0,Yes,No,61,One year,Fiber optic,Bank transfer (automatic),103.3,6518.35,Low
5135-GRQJV,No,0,0.07509150532401333,Male,1,Yes,No,72,Two year,Fiber optic,Mailed check,114.5,8331.95,Low
4881-GQJTW,No,0,0.10351577465264102,Male,0,No,No,14,Month-to-month,No,Credit card (automatic),19.6,300.4,Low
2351-BKRZW,No,0,0.03057540445241347,Female,0,Yes,Yes,43,Two year,DSL,Bank transfer (automatic),75.2,3254.35,Low
6618-RYATB,Yes,1,0.6817345369971741,Female,0,No,No,1,Month-to-month,Fiber optic,Mailed check,79.55,79.55,High
6173-ITPWD,Yes,0,0.3034315861112598,Male,0,Yes,No,47,Month-to-month,Fiber optic,Bank transfer (automatic),83.35,4065.0,Medium
5364-EVNIB,Yes,1,0.551468776423623,Male,0,No,No,13,Month-to-month,Fiber optic,Electronic check,79.8,973.45,Medium
8859-DZTGQ,No,0,0.012611078464433509,Male,0,No,No,33,Two year,No,Mailed check,20.35,689.75,Low
1265-XTECC,Yes,0,0.1365583083433294,Female,1,Yes,No,68,One year,Fiber optic,Credit card (automatic),96.55,6581.9,Low
4056-QHXHZ,No,0,0.03487006466332858,Female,0,Yes,Yes,72,Two year,Fiber optic,Mailed check,107.45,7576.7,Low
2668-TZSPS,No,0,0.19631845196665734,Male,0,No,No,1,Month-to-month,No,Mailed check,20.45,20.45,Low
7785-RDVIG,No,0,0.1663008941221501,Female,0,Yes,Yes,3,Month-to-month,No,Mailed check,19.3,54.7,Low
4432-ADRLB,Yes,0,0.34203017635677063,Male,0,No,No,2,Month-to-month,DSL,Mailed check,44.65,74.9,Medium
8565-WUXZU,No,0,0.0202190419410646,Male,1,Yes,No,72,Two year,Fiber optic,Credit card (automatic),84.8,6141.65,Low
5313-FPXWG,No,0,0.019629479673519752,Male,0,No,No,51,One year,No,Bank transfer (automatic),24.6,1266.4,Low
0133-BMFZO,Yes,0,0.45631956884405217,Female,0,No,No,2,Month-to-month,Fiber optic,Electronic check,86.25,181.65,Medium
7318-EIVKO,No,1,0.5403056402043512,Male,0,No,No,8,Month-to-month,DSL,Electronic check,59.25,436.6,Medium
0463-WZZKO,No,0,0.22401831263304028,Male,0,No,No,3,Month-to-month,No,Credit card (automatic),20.75,67.1,Low
9926-PJHDQ,No,0,0.030529879516872013,Female,0,Yes,Yes,72,Two year,DSL,Bank transfer (automatic),76.8,5468.45,Low
3113-IWHLC,No,0,0.3131380668453732,Male,0,No,No,5,Month-to-month,DSL,Mailed check,55.8,274.35,Medium
0730-BGQGF,No,0,0.009879169874485795,Male,0,Yes,Yes,71,Two year,DSL,Credit card (automatic),90.3,6287.3,Low
9269-CQOOL,Yes,0,0.39058850926395067,Male,0,No,Yes,3,Month-to-month,DSL,Credit card (automatic),54.7,169.45,Medium
7395-IGJOS,Yes,1,0.5067187316708781,Male,1,Yes,No,17,Month-to-month,Fiber optic,Bank transfer (automatic),81.5,1329.2,Medium
6537-OTKMY,No,0,0.3598919051770522,Male,0,No,No,15,One year,DSL,Electronic check,50.75,688.2,Medium
8295-KMENE,No,0,0.017244696095569792,Female,0,Yes,Yes,59,Two year,DSL,Mailed check,76.45,4519.5,Low
9696-RMYBA,No,1,0.6094019701462516,Male,0,No,No,5,Month-to-month,Fiber optic,Mailed check,80.1,398.55,High
3387-PLKUI,No,0,0.10608214800293053,Female,0,Yes,Yes,13,Month-to-month,No,Mailed check,18.8,251.25,Low
5469-NUJUR,No,0,0.03555229202465851,Male,0,No,No,19,Two year,No,Mailed check,19.95,373.5,Low
7605-SNLQG,No,0,0.10682011724387591,Female,0,Yes,No,45,Month-to-month,DSL,Credit card (automatic),50.25,2221.55,Low
7743-EXURX,Yes,0,0.4062232544709172,Male,0,Yes,Yes,8,Month-to-month,DSL,Electronic check,51.05,415.05,Medium
1116-FRYVH,No,0,0.010982067497109636,Female,0,Yes,Yes,48,Two year,DSL,Mailed check,39.4,1978.65,Low
6701-DHKWQ,No,0,0.012064008932988047,Female,0,Yes,Yes,61,Two year,DSL,Credit card (automatic),51.35,3244.4,Low
9588-OZDMQ,No,1,0.5206182488616107,Female,0,Yes,No,2,Month-to-month,DSL,Electronic check,45.0,89.75,Medium
7359-SSBJK,Yes,0,0.011762726180696561,Female,1,No,No,64,Two year,DSL,Credit card (automatic),70.2,4481.0,Low
1401-FTHFQ,No,0,0.04539866573475933,Male,0,Yes,Yes,23,One year,No,Credit card (automatic),20.0,445.3,Low
8204-TIFGJ,No,0,0.1067269497367444,Female,0,No,No,23,Month-to-month,No,Bank transfer (automatic),20.3,470.6,Low
2777-PHDEI,Yes,1,0.6431412945723444,Female,0,No,No,1,Month-to-month,Fiber optic,Electronic check,78.05,78.05,High
7966-YOTQW,No,0,0.305293103747486,Male,0,No,No,10,Month-to-month,DSL,Credit card (automatic),54.5,568.2,Medium
4612-SSVHJ,No,1,0.6563511431174722,Female,1,No,No,20,Month-to-month,Fiber optic,Electronic check,81.45,1671.6,High
6064-ZATLR,No,0,0.03192557360393818,Female,0,No,No,27,Two year,DSL,Bank transfer (automatic),52.85,1498.65,Low
8875-AKBYH,No,1,0.6892110790255943,Male,1,No,No,20,Month-to-month,Fiber optic,Electronic check,84.35,1745.2,High
6578-KRMAW,No,0,0.3013707990519995,Male,0,No,No,32,Month-to-month,Fiber optic,Credit card (automatic),93.4,2979.3,Medium
0795-XCCTE,No,0,0.003134448312829866,Male,1,No,No,72,Two year,No,Bank transfer (automatic),25.4,1809.35,Low
5119-NZPTV,No,1,0.64900129653873,Male,1,Yes,No,2,Month-to-month,Fiber optic,Electronic check,70.1,141.65,High
3606-TWKGI,Yes,1,0.7640844320091713,Male,1,No,No,13,Month-to-month,Fiber optic,Electronic check,106.9,1364.3,High
1328-EUZHC,No,0,0.028840220873933498,Female,0,Yes,No,18,Two year,No,Mailed check,20.1,370.5,Low
9776-OJUZI,No,0,0.3155426589679926,Female,1,No,No,65,Month-to-month,Fiber optic,Bank transfer (automatic),95.45,6223.3,Medium
0295-QVKPB,No,0,0.3138018972935381,Male,0,No,No,5,Month-to-month,DSL,Credit card (automatic),63.95,318.1,Medium
6723-CEGQI,No,0,0.009184529386380291,Female,0,No,Yes,65,Two year,DSL,Mailed check,45.25,2933.95,Low
0886-QGENL,Yes,1,0.589352402449619,Female,1,Yes,No,27,Month-to-month,Fiber optic,Electronic check,101.25,2754.45,Medium
7268-IGMFD,No,0,0.45777149450458676,Male,1,No,No,18,Month-to-month,Fiber optic,Bank transfer (automatic),93.9,1743.9,Medium
5151-HQRDG,No,0,0.13787019115434487,Male,0,Yes,No,37,Month-to-month,DSL,Mailed check,55.05,2030.75,Low
7502-BNYGS,No,0,0.156143786047875,Female,0,Yes,No,46,Month-to-month,DSL,Credit card (automatic),69.1,3168.0,Low
6719-OXYBR,No,1,0.5223933672352831,Male,0,No,No,15,Month-to-month,Fiber optic,Electronic check,85.3,1219.85,Medium
5077-DXTCG,Yes,1,0.5278400716658166,Female,0,No,No,1,Month-to-month,DSL,Electronic check,45.3,45.3,Medium
6467-CHFZW,Yes,0,0.4612550185102914,Male,0,Yes,Yes,47,Month-to-month,Fiber optic,Electronic check,99.35,4749.15,Medium
7794-JASDG,No,0,0.34675069119560314,Male,0,No,No,1,Month-to-month,DSL,Mailed check,50.75,50.75,Medium
1934-SJVJK,Yes,0,0.19617064837816958,Male,0,No,No,1,Month-to-month,No,Mailed check,20.15,20.15,Low
1485-YDHMM,No,0,0.20342584086108562,Male,0,Yes,Yes,52,Month-to-month,Fiber optic,Bank transfer (automatic),93.25,4631.7,Low
4919-IKATY,Yes,1,0.5889258740987607,Male,0,Yes,Yes,5,Month-to-month,Fiber optic,Electronic check,84.5,453.75,Medium
2455-USLMV,No,0,0.3426738886457565,Female,0,No,No,31,Month-to-month,Fiber optic,Credit card (automatic),84.75,2613.4,Medium
0907-HQNTS,No,0,0.07390695077298899,Female,1,Yes,No,70,Two year,Fiber optic,Credit card (automatic),113.0,7987.6,Low
1960-UYCNN,No,1,0.7021083381820209,Male,0,No,No,10,Month-to-month,Fiber optic,Electronic check,95.25,1021.55,High
3727-JEZTU,No,0,0.20579588845131805,Female,0,No,No,1,Month-to-month,No,Mailed check,20.4,20.4,Low
1431-AIDJQ,No,0,0.03168721579153572,Male,0,Yes,Yes,33,Two year,DSL,Credit card (automatic),82.1,2603.1,Low
2533-QVMSK,Yes,0,0.07749082097789399,Male,0,Yes,No,61,Two year,Fiber optic,Electronic check,94.1,5638.3,Low
7798-JVXYM,No,0,0.3840953071021147,Female,0,No,No,14,Month-to-month,DSL,Electronic check,69.65,921.4,Medium
3097-PYWXL,No,0,0.2682818157507484,Female,0,Yes,Yes,4,Month-to-month,No,Electronic check,19.95,82.9,Low
7943-RQCHR,Yes,1,0.7670935977569273,Female,0,No,No,9,Month-to-month,Fiber optic,Electronic check,94.75,889.9,High
4636-OLWOE,No,0,0.03382535091385891,Male,0,No,Yes,54,One year,DSL,Electronic check,61.0,3283.05,Low
3606-SBKRY,No,0,0.28979167981181936,Male,0,No,No,31,One year,DSL,Electronic check,50.05,1523.4,Low
6051-PTVNS,No,0,0.0065697513139112195,Female,0,Yes,Yes,55,One year,No,Credit card (automatic),19.15,998.1,Low
5294-DMSFH,No,0,0.4420663090047779,Female,0,Yes,Yes,29,Month-to-month,Fiber optic,Credit card (automatic),87.8,2621.75,Medium
2516-XSJKX,No,0,0.02473776367520555,Female,0,Yes,Yes,41,Two year,DSL,Electronic check,78.45,3126.45,Low
0906-QVPMS,No,0,0.04385428266619338,Male,0,Yes,No,72,Two year,Fiber optic,Bank transfer (automatic),115.15,8349.45,Low
5846-ABOBJ,No,0,0.0025828798716100304,Male,0,Yes,No,71,Two year,No,Bank transfer (automatic),24.45,1730.65,Low
6598-KELSS,No,0,0.04830107579746275,Male,0,No,Yes,50,One year,DSL,Bank transfer (automatic),43.05,2208.05,Low
3251-YMVWZ,No,0,0.01254366640636018,Male,0,No,No,53,One year,No,Bank transfer (automatic),24.05,1301.9,Low
2690-DVRVK,No,0,0.11207173623874188,Male,0,Yes,Yes,5,One year,No,Electronic check,20.55,99.45,Low
8414-MYSHR,Yes,1,0.7715489804344623,Male,1,No,No,5,Month-to-month,Fiber optic,Electronic check,91.4,449.75,High
6551-VLJMV,No,0,0.011121097873640533,Male,0,Yes,No,34,Two year,No,Credit card (automatic),20.05,679.0,Low
0017-DINOC,No,0,0.011969184851936203,Male,0,No,No,54,Two year,DSL,Credit card (automatic),45.2,2460.55,Low
5331-RGMTT,No,0,0.4427118100547266,Male,1,Yes,No,54,Month-to-month,Fiber optic,Credit card (automatic),99.05,5295.7,Medium
1976-CFOCS,Yes,1,0.5054674108221646,Female,1,Yes,No,1,Month-to-month,DSL,Electronic check,46.0,46.0,Medium
0356-ERHVT,No,0,0.3413822929679821,Male,0,Yes,No,11,Month-to-month,DSL,Bank transfer (automatic),45.9,521.9,Medium
5339-PXDVH,No,1,0.5813921986080977,Male,0,No,No,4,Month-to-month,Fiber optic,Electronic check,90.65,367.95,Medium
7445-WMRBW,No,0,0.06980126441824575,Female,0,No,No,48,One year,DSL,Bank transfer (automatic),73.85,3581.4,Low
8067-NIOYM,No,0,0.02352641140191159,Female,0,Yes,Yes,24,Two year,No,Credit card (automatic),21.1,490.65,Low
7912-SYRQT,Yes,1,0.6373941060449426,Female,0,No,No,7,Month-to-month,Fiber optic,Bank transfer (automatic),75.1,552.95,High
3043-TYBNO,No,0,0.28656812082507216,Male,0,No,No,3,Month-to-month,DSL,Mailed check,60.65,196.9,Low
4537-CIBHB,No,0,0.07393925977021212,Female,0,Yes,Yes,9,One year,No,Mailed check,20.25,172.35,Low
9585-KKMFD,No,0,0.01024851272446393,Male,0,Yes,Yes,41,Two year,No,Mailed check,20.0,879.8,Low
6733-LRIZX,No,0,0.1787250097718587,Male,0,No,No,35,Two year,Fiber optic,Electronic check,108.95,4025.5,Low
8775-CEBBJ,Yes,0,0.3682511330345197,Female,0,No,No,9,Month-to-month,DSL,Bank transfer (automatic),44.2,403.35,Medium
9206-GVPEQ,Yes,0,0.4201541882755088,Male,0,Yes,No,13,Month-to-month,DSL,Electronic check,54.45,706.85,Medium
3058-WQDRE,No,0,0.43383593567866285,Male,0,No,No,13,Month-to-month,DSL,Bank transfer (automatic),25.15,331.85,Medium
4013-TLDHQ,Yes,1,0.5038302820139784,Male,0,No,No,19,Month-to-month,Fiber optic,Electronic check,78.25,1490.95,Medium
0377-JBKKT,No,0,0.099134971741672,Male,0,Yes,Yes,22,Month-to-month,DSL,Mailed check,57.95,1271.8,Low
3282-ZISZV,No,0,0.08142812039805009,Male,0,No,Yes,32,One year,DSL,Credit card (automatic),83.7,2633.3,Low
0020-INWCK,No,0,0.06570189698767416,Female,0,Yes,Yes,71,Two year,Fiber optic,Credit card (automatic),95.75,6849.4,Low
6904-JLBGY,No,0,0.07525374150001135,Female,1,No,No,72,Two year,Fiber optic,Credit card (automatic),117.35,8436.25,Low
8148-WOCMK,No,0,0.03471999045394115,Male,0,Yes,Yes,8,Two year,No,Credit card (automatic),19.6,125.0,Low
2796-UUZZO,No,0,0.11791584878957574,Male,0,Yes,Yes,63,Month-to-month,Fiber optic,Credit card (automatic),80.3,4896.35,Low
0076-LVEPS,No,0,0.11529858136880339,Male,0,No,Yes,29,Month-to-month,DSL,Mailed check,45.0,1242.45,Low
5236-PERKL,Yes,0,0.12423400797259815,Female,0,No,No,57,Two year,Fiber optic,Bank transfer (automatic),112.95,6465.0,Low
9462-MJUAW,Yes,0,0.38445444535238266,Male,0,No,No,4,Month-to-month,DSL,Mailed check,50.4,206.6,Medium
2878-RMWXY,No,0,0.07445746401382819,Male,1,Yes,No,72,Two year,Fiber optic,Credit card (automatic),102.65,7550.3,Low
5872-OEQNH,No,0,0.06592711470558824,Female,0,No,No,60,One year,DSL,Electronic check,44.45,2773.9,Low
5879-SESNB,No,1,0.594907909593934,Female,0,No,No,11,Month-to-month,Fiber optic,Electronic check,75.25,888.65,Medium
0380-NEAVX,No,0,0.42635597160394656,Male,1,No,No,34,One year,Fiber optic,Electronic check,99.85,3343.15,Medium
2359-QWQUL,Yes,0,0.16912258698555785,Female,0,Yes,No,39,One year,Fiber optic,Credit card (automatic),104.7,4134.85,Low
6728-WYQBC,No,0,0.19835917192963295,Male,0,No,No,1,Month-to-month,No,Bank transfer (automatic),20.95,20.95,Low
4957-TIALW,No,0,0.054188366854496496,Female,0,No,Yes,15,One year,DSL,Credit card (automatic),65.6,1010.0,Low
3945-GFWQL,Yes,0,0.3631238748569738,Female,0,No,Yes,12,Month-to-month,DSL,Electronic check,44.55,480.6,Medium
7470-DYNOE,No,0,0.08933650582566953,Male,0,No,No,53,One year,DSL,Electronic check,61.1,3357.9,Low
3778-FOAQW,No,0,0.041539906894187614,Female,0,Yes,No,24,One year,No,Mailed check,20.15,456.85,Low
3278-FSIXX,No,0,0.4390749623354893,Female,0,No,No,2,Month-to-month,DSL,Mailed check,45.25,74.2,Medium
6447-EGDIV,No,0,0.02967176530459763,Female,0,No,No,31,One year,No,Mailed check,20.95,683.25,Low
4324-BZCKL,No,0,0.3030691414865659,Female,0,Yes,Yes,10,Month-to-month,DSL,Mailed check,55.55,551.3,Medium
1022-RKXDR,No,0,0.03299725360251704,Female,0,No,No,41,One year,No,Mailed check,24.85,962.25,Low
0197-PNKNK,No,0,0.05384693893465688,Female,0,Yes,Yes,69,One year,Fiber optic,Bank transfer (automatic),84.45,5848.6,Low
3567-PQTSO,No,0,0.30127839002782064,Male,0,Yes,Yes,53,One year,Fiber optic,Electronic check,105.25,5576.3,Medium
9848-JQJTX,No,0,0.09878224112670145,Male,0,No,No,72,Two year,Fiber optic,Bank transfer (automatic),100.9,7459.05,Low
1384-RCUXW,No,1,0.5148861521081158,Male,0,No,No,16,Month-to-month,Fiber optic,Mailed check,80.55,1248.9,Medium
0864-FVJNJ,No,0,0.11017315143282945,Female,0,Yes,Yes,64,One year,Fiber optic,Electronic check,113.35,7222.75,Low
1891-QRQSA,No,0,0.07928133222939818,Male,1,Yes,Yes,64,Two year,Fiber optic,Bank transfer (automatic),111.6,7099.0,Low
2969-WGHQO,No,0,0.17142015687465428,Female,0,Yes,Yes,7,One year,DSL,Electronic check,69.45,477.05,Low
7279-NMVJC,No,0,0.058397871504571014,Female,0,No,No,17,One year,No,Bank transfer (automatic),19.9,323.15,Low
6815-ABQFQ,No,0,0.23988807672802054,Male,0,Yes,No,56,One year,Fiber optic,Electronic check,107.25,6033.3,Low
8647-SDTWQ,No,0,0.235961549607541,Male,0,Yes,Yes,57,Month-to-month,Fiber optic,Electronic check,74.3,4018.35,Low
2674-MLXMN,No,0,0.31082408295405756,Female,1,No,No,71,Month-to-month,Fiber optic,Credit card (automatic),99.65,6951.15,Medium
2576-HXMPA,No,0,0.19243147273113798,Female,0,No,No,1,Month-to-month,No,Credit card (automatic),19.55,19.55,Low
1406-PUQVY,No,0,0.4386139821396977,Male,0,No,Yes,1,Month-to-month,DSL,Electronic check,49.9,49.9,Medium
0953-LGOVU,No,0,0.2201544069597308,Male,0,Yes,Yes,12,Month-to-month,DSL,Mailed check,35.5,432.25,Low
6728-DKUCO,No,0,0.14917869823732482,Female,0,Yes,Yes,72,One year,Fiber optic,Electronic check,104.15,7303.05,Low
5510-BOIUJ,Yes,0,0.17042812273431357,Male,0,No,Yes,1,Month-to-month,No,Mailed check,19.25,19.25,Low
7005-CCBKV,Yes,1,0.6628347923836737,Male,0,No,No,6,Month-to-month,Fiber optic,Electronic check,84.4,556.35,High
0771-CHWSK,No,0,0.018453271238775888,Male,0,No,No,66,Two year,DSL,Credit card (automatic),74.6,4798.4,Low
7872-BAAZR,No,0,0.008112045412654638,Female,0,Yes,Yes,53,One year,No,Bank transfer (automatic),19.55,1007.9,Low
1140-UKVZG,No,0,0.13228601185808508,Female,0,No,No,17,Month-to-month,No,Mailed check,24.8,475.25,Low
2208-NQBCT,No,0,0.26227698986120307,Female,0,Yes,Yes,26,Month-to-month,Fiber optic,Electronic check,81.95,2070.05,Low
6778-YSNIH,No,1,0.5202317721821867,Female,0,No,No,2,Month-to-month,DSL,Electronic check,59.0,114.15,Medium
6743-HHQPF,No,0,0.1437726896534967,Male,0,Yes,No,42,Month-to-month,DSL,Credit card (automatic),25.1,1097.15,Low
3898-GUYTS,No,0,0.32382148034376684,Female,1,No,No,45,Month-to-month,Fiber optic,Electronic check,97.05,4385.05,Medium
2460-FPSYH,Yes,0,0.2999834723528638,Female,1,No,No,40,Month-to-month,DSL,Electronic check,55.8,2109.35,Low
6537-QLGEX,No,0,0.4435580760694414,Female,0,No,No,16,Month-to-month,DSL,Electronic check,38.9,664.4,Medium
9359-JANWS,No,0,0.005172350923549737,Female,0,Yes,No,65,Two year,DSL,Credit card (automatic),58.9,3857.1,Low
5849-ASHZJ,No,0,0.02637628158007432,Male,0,No,Yes,27,One year,No,Credit card (automatic),20.05,552.9,Low
9644-KVCNC,No,0,0.16835110152622312,Female,0,No,No,66,One year,Fiber optic,Bank transfer (automatic),92.15,6056.9,Low
7609-YBPXG,No,0,0.02358175382406747,Male,0,No,No,54,Two year,DSL,Bank transfer (automatic),87.1,4735.2,Low
5539-TMZLF,Yes,1,0.7275006294113647,Male,1,No,No,1,Month-to-month,Fiber optic,Electronic check,69.75,69.75,High
9677-AVKED,No,0,0.09306124030367065,Female,0,No,Yes,53,One year,DSL,Electronic check,84.6,4449.75,Low
5879-HMFFH,No,0,0.013677886315511896,Female,0,Yes,No,72,Two year,DSL,Bank transfer (automatic),88.05,6520.8,Low
4742-TXUEX,No,0,0.005516433919979694,Female,0,Yes,Yes,47,Two year,No,Bank transfer (automatic),19.3,890.5,Low
5299-SJCZT,Yes,1,0.7341547596547718,Male,0,No,No,3,Month-to-month,Fiber optic,Bank transfer (automatic),101.55,298.35,High
4299-OPXEJ,No,0,0.005744527772590454,Female,0,No,No,56,Two year,No,Bank transfer (automatic),19.55,1080.55,Low
3649-JPUGY,No,0,0.023973003823096323,Male,0,No,No,72,Two year,DSL,Bank transfer (automatic),88.6,6201.95,Low
9866-QEVEE,Yes,1,0.5795438065877598,Male,0,No,No,19,Month-to-month,Fiber optic,Bank transfer (automatic),86.0,1532.45,Medium
5954-BDFSG,No,0,0.0817822660998871,Female,0,No,No,72,Two year,Fiber optic,Credit card (automatic),107.5,7853.7,Low
4878-BUNFV,No,0,0.006754757541386341,Male,0,Yes,Yes,42,Two year,No,Mailed check,20.7,828.85,Low
7853-OETYL,No,1,0.5445886491471775,Female,0,Yes,No,4,Month-to-month,DSL,Electronic check,29.05,129.6,Medium
8265-HKSOW,No,0,0.025776247340656856,Female,0,Yes,Yes,72,Two year,Fiber optic,Credit card (automatic),107.45,7658.3,Low
3146-JTQHR,No,0,0.07866907672345792,Male,0,Yes,No,10,One year,No,Bank transfer (automatic),19.6,189.45,Low
0813-TAXXS,No,0,0.06111905129941934,Male,0,No,No,55,Two year,DSL,Bank transfer (automatic),77.8,4323.35,Low
7037-MTYVW,No,0,0.045111710266400804,Male,0,Yes,Yes,38,Two year,DSL,Bank transfer (automatic),85.4,3297.0,Low
3192-LNKRK,No,0,0.35390843887418233,Male,0,Yes,Yes,34,Month-to-month,Fiber optic,Mailed check,84.05,2909.95,Medium
8317-BVKSO,No,0,0.1945639436259537,Male,0,No,No,14,Month-to-month,No,Electronic check,20.05,299.3,Low
1024-GUALD,Yes,1,0.6689420954966118,Female,0,Yes,No,1,Month-to-month,DSL,Electronic check,24.8,24.8,High
9755-JHNMN,No,0,0.010484658492125756,Female,0,No,No,49,Two year,DSL,Bank transfer (automatic),67.4,3306.85,Low
1379-FRVEB,No,1,0.6112354368217304,Male,0,No,Yes,15,Month-to-month,Fiber optic,Electronic check,91.0,1430.05,High
8879-XUAHX,No,0,0.09032864087733808,Male,0,Yes,No,71,Two year,Fiber optic,Electronic check,116.25,8564.75,Low
9184-GALIL,No,0,0.03199720220266458,Female,0,Yes,Yes,38,Month-to-month,No,Mailed check,20.45,781.25,Low
9626-VFRGG,No,0,0.3520839762331948,Female,0,No,Yes,41,Month-to-month,Fiber optic,Bank transfer (automatic),88.5,3645.05,Medium
4057-FKCZK,No,0,0.05743971737391498,Male,0,Yes,Yes,58,Two year,Fiber optic,Bank transfer (automatic),82.5,4828.05,Low
0440-QEXBZ,No,0,0.1443088883664605,Female,0,No,No,44,Month-to-month,DSL,Mailed check,50.15,2139.1,Low
7277-KAMWT,No,0,0.0318129930579098,Male,0,No,No,13,Two year,No,Credit card (automatic),20.0,268.45,Low
5663-QBGIS,No,0,0.07800061449895813,Male,1,Yes,No,72,Two year,Fiber optic,Bank transfer (automatic),98.35,6929.4,Low
3522-CDKHF,No,0,0.27797537803283623,Female,0,Yes,No,32,Month-to-month,Fiber optic,Bank transfer (automatic),75.5,2324.7,Low
8904-OPDCK,No,0,0.11274798581206578,Male,1,Yes,No,54,Month-to-month,DSL,Bank transfer (automatic),24.95,1364.75,Low
7233-DRTRF,No,0,0.40556970309066076,Male,0,Yes,No,63,Month-to-month,Fiber optic,Electronic check,102.4,6444.05,Medium
6038-GCYEC,Yes,0,0.3933166664367407,Female,0,No,No,24,Month-to-month,DSL,Credit card (automatic),54.15,1240.25,Medium
0263-FJTQO,No,0,0.018075329939998677,Male,0,Yes,Yes,50,Two year,DSL,Credit card (automatic),70.5,3486.65,Low
3967-VQOGC,No,0,0.004022112322564188,Female,0,Yes,Yes,67,Two year,No,Mailed check,24.9,1680.25,Low
9661-ACXBS,Yes,0,0.49994574535742486,Female,0,No,No,42,Month-to-month,Fiber optic,Electronic check,105.2,4400.75,Medium
3800-LYTRK,No,0,0.0760420554979413,Female,0,No,No,14,One year,DSL,Mailed check,55.7,795.15,Low
2829-HYVZP,No,0,0.04229860790067704,Male,0,No,No,29,One year,No,Mailed check,19.8,572.2,Low
6752-APNJL,No,0,0.04998368577599615,Male,0,Yes,Yes,42,Month-to-month,DSL,Mailed check,54.5,2301.15,Low
6599-RCLCJ,Yes,0,0.4245439269832496,Male,0,Yes,No,47,Month-to-month,Fiber optic,Electronic check,109.55,5124.55,Medium
8436-BJUMM,Yes,1,0.5384200779222746,Male,0,Yes,Yes,26,Month-to-month,Fiber optic,Electronic check,83.75,2070.6,Medium
1875-QIVME,Yes,1,0.7264110252668478,Female,0,Yes,No,2,Month-to-month,Fiber optic,Electronic check,104.4,242.8,High
1480-BKXGA,No,0,0.07779452559754405,Male,1,Yes,No,72,Two year,Fiber optic,Bank transfer (automatic),116.05,8404.9,Low
3884-HCSWG,Yes,1,0.5517803232035482,Female,0,No,No,17,Month-to-month,Fiber optic,Electronic check,70.0,1144.5,Medium
7994-UYIVZ,No,1,0.668649264019169,Male,0,Yes,No,8,Month-to-month,Fiber optic,Bank transfer (automatic),85.65,659.45,High
1926-QUZNN,No,0,0.003796905016050336,Female,0,Yes,No,72,Two year,No,Bank transfer (automatic),25.25,1841.2,Low
4933-IKULF,No,0,0.07267626179236132,Female,1,No,No,17,One year,No,Mailed check,20.65,330.6,Low
3192-NQECA,Yes,0,0.08710457210647254,Male,0,Yes,No,68,Two year,Fiber optic,Bank transfer (automatic),110.0,7611.85,Low
2004-OCQXK,Yes,1,0.7339403751245825,Female,0,No,No,1,Month-to-month,Fiber optic,Electronic check,81.95,81.95,High
8473-VUVJN,Yes,1,0.7749560449735812,Male,1,No,No,1,Month-to-month,Fiber optic,Electronic check,73.65,73.65,High
4951-UKAAQ,Yes,1,0.7395632873293195,Female,0,No,No,4,Month-to-month,Fiber optic,Electronic check,88.95,355.2,High
8319-QBEHW,No,0,0.17193446333477422,Male,0,No,Yes,26,One year,DSL,Bank transfer (automatic),39.95,1023.75,Low
5203-XEHAX,No,0,0.08001856739420747,Female,0,No,No,34,One year,DSL,Electronic check,64.35,2053.05,Low
5062-CJJKH,No,0,0.07781309973140885,Male,0,Yes,Yes,25,One year,DSL,Mailed check,53.65,1355.45,Low
9862-KJTYK,No,0,0.30954639614116314,Male,0,No,Yes,19,Month-to-month,DSL,Credit card (automatic),25.35,566.1,Medium
4578-PHJYZ,No,0,0.04630614827042385,Male,0,Yes,Yes,52,One year,DSL,Electronic check,68.75,3482.85,Low
7976-CICYS,No,0,0.21496298732651625,Male,0,No,No,4,Month-to-month,No,Credit card (automatic),20.7,83.75,Low
2612-PHGOX,No,0,0.020478547566793296,Male,0,Yes,No,64,Two year,DSL,Bank transfer (automatic),76.1,4818.8,Low
8022-BECSI,No,0,0.04268595349389088,Male,0,No,No,22,One year,No,Mailed check,19.6,422.5,Low
4138-NAXED,No,0,0.1941417396136704,Male,0,No,No,51,Month-to-month,Fiber optic,Bank transfer (automatic),81.0,4085.75,Low
0330-BGYZE,No,0,0.17518489440913623,Male,0,Yes,No,60,One year,Fiber optic,Bank transfer (automatic),102.5,6157.6,Low
6243-OZGFH,No,1,0.5149628579467311,Female,0,No,No,23,Month-to-month,DSL,Electronic check,44.95,996.85,Medium
6457-USBER,Yes,1,0.72150712733914,Male,0,No,No,1,Month-to-month,Fiber optic,Electronic check,80.8,80.8,High
3082-VQXNH,No,0,0.42136239523443386,Male,0,Yes,No,3,Month-to-month,DSL,Credit card (automatic),29.8,94.4,Medium
2300-RQGOI,No,0,0.010195663496509322,Female,0,No,No,38,Two year,No,Mailed check,20.05,741.5,Low
7929-SKFGK,No,0,0.04336585370335231,Male,0,Yes,No,70,Two year,Fiber optic,Credit card (automatic),114.3,8244.3,Low
2506-CLAKW,Yes,0,0.4067556968410191,Female,0,No,No,6,Month-to-month,Fiber optic,Bank transfer (automatic),98.15,567.45,Medium
8434-VGEQQ,No,0,0.002413516579940362,Male,0,Yes,Yes,61,Two year,No,Credit card (automatic),20.55,1305.95,Low
7041-TXQJH,No,0,0.24625719006293995,Female,0,No,No,37,Month-to-month,DSL,Credit card (automatic),40.2,1478.85,Low
4614-NUVZD,Yes,1,0.7334216103769372,Female,0,No,No,1,Month-to-month,Fiber optic,Electronic check,81.1,81.1,High
3638-WEABW,No,0,0.01608119732567433,Female,0,Yes,No,58,Two year,DSL,Credit card (automatic),59.9,3505.1,Low
2885-HIJDH,No,0,0.013473067199708607,Male,0,Yes,Yes,69,Two year,DSL,Bank transfer (automatic),86.9,6194.1,Low
0853-TWRVK,No,0,0.030517070678632494,Male,0,Yes,No,72,Two year,Fiber optic,Bank transfer (automatic),105.6,7581.5,Low
7892-QVYKW,No,1,0.5113556498907825,Female,0,Yes,Yes,23,Month-to-month,Fiber optic,Electronic check,85.6,1868.4,Medium
1100-DDVRV,No,0,0.4691631291120445,Male,0,Yes,No,17,Month-to-month,DSL,Mailed check,49.8,836.35,Medium
1209-VFFOC,No,0,0.010581334021952977,Male,0,Yes,Yes,68,Two year,DSL,Mailed check,56.4,3948.45,Low
7665-TOALD,Yes,1,0.6899225218943847,Female,0,No,No,1,Month-to-month,Fiber optic,Electronic check,69.6,69.6,High
8751-EDEKA,No,0,0.3392985034619893,Female,0,Yes,No,28,Month-to-month,Fiber optic,Credit card (automatic),89.9,2433.5,Medium
9609-BENEA,No,0,0.1248626651589892,Male,0,Yes,No,35,One year,DSL,Electronic check,69.0,2441.7,Low
0568-ONFPC,Yes,0,0.24210523741645124,Male,0,Yes,Yes,5,Month-to-month,No,Bank transfer (automatic),25.9,135.0,Low
7779-ORAEL,No,0,0.027327949940266986,Male,1,Yes,No,45,Two year,DSL,Credit card (automatic),75.15,3480.35,Low
6507-ZJSUR,No,1,0.669354511611334,Male,1,Yes,No,23,Month-to-month,Fiber optic,Electronic check,90.45,2117.25,High
8942-DBMHZ,No,0,0.12202599704170064,Male,0,No,No,12,Month-to-month,No,Mailed check,20.45,255.35,Low
9651-GTSAQ,Yes,0,0.1848177420739169,Female,0,Yes,No,53,One year,Fiber optic,Bank transfer (automatic),106.1,5769.75,Low
9134-WYRVP,No,0,0.086837456580689,Male,0,No,No,51,One year,Fiber optic,Mailed check,86.35,4267.15,Low
7225-CBZPL,No,1,0.7568839482979156,Male,1,Yes,No,17,Month-to-month,Fiber optic,Electronic check,94.8,1563.9,High
3612-YVGSJ,No,0,0.003483972260849055,Female,0,Yes,No,71,Two year,No,Credit card (automatic),24.45,1681.6,Low
0831-JNISG,No,0,0.0015071394385446503,Male,0,Yes,Yes,71,Two year,No,Mailed check,19.8,1396.25,Low
4450-MDZFX,No,0,0.1348925138835301,Male,0,Yes,Yes,60,Month-to-month,Fiber optic,Bank transfer (automatic),74.35,4453.3,Low
8257-RZAHR,Yes,0,0.34744727211102455,Female,0,Yes,No,14,Month-to-month,DSL,Bank transfer (automatic),64.7,941.0,Medium
5468-BPMMO,No,0,0.031194486966589354,Male,0,Yes,No,46,Month-to-month,No,Electronic check,19.6,851.2,Low
3733-ZEECP,No,0,0.1991793625183122,Male,0,Yes,Yes,22,Month-to-month,DSL,Electronic check,51.1,1232.9,Low
1173-NOEYG,No,0,0.4670399666313781,Female,0,Yes,No,27,Month-to-month,Fiber optic,Bank transfer (automatic),90.15,2423.4,Medium
3590-TCXTB,No,0,0.196269174754896,Male,0,No,No,1,Month-to-month,No,Mailed check,20.35,20.35,Low
0129-QMPDR,No,0,0.017337936053379143,Male,0,Yes,Yes,44,One year,No,Bank transfer (automatic),20.5,865.05,Low
6907-FLBER,No,0,0.457597444051546,Male,0,No,No,1,Month-to-month,DSL,Electronic check,54.3,54.3,Medium
4929-ROART,No,0,0.1941266902614645,Male,0,No,No,18,Month-to-month,DSL,Mailed check,56.25,969.85,Low
2801-NISEI,No,0,0.11392908436862786,Male,0,No,No,24,Month-to-month,DSL,Electronic check,54.95,1348.5,Low
1704-NRWYE,Yes,1,0.7175239095487125,Female,1,No,No,9,Month-to-month,Fiber optic,Electronic check,80.85,751.65,High
1699-TLDLZ,No,0,0.026783254669227194,Female,0,Yes,Yes,16,Two year,No,Mailed check,19.7,301.55,Low
4129-LYCOI,No,0,0.09012367349746635,Female,0,No,Yes,67,Two year,Fiber optic,Electronic check,104.0,7039.05,Low
8725-JEDFD,No,0,0.36840182496770074,Male,0,No,No,27,Month-to-month,Fiber optic,Mailed check,69.05,1793.25,Medium
5440-FLBQG,Yes,0,0.09432101763199845,Male,1,Yes,No,69,Two year,Fiber optic,Bank transfer (automatic),108.4,7318.2,Low
1936-CZAKF,No,0,0.03826058424376832,Male,0,Yes,No,49,Two year,DSL,Credit card (automatic),49.65,2409.9,Low
4465-VDKIQ,No,0,0.43570352336962337,Female,0,No,No,18,Month-to-month,Fiber optic,Electronic check,77.8,1358.6,Medium
4083-EUGRJ,Yes,0,0.1389411580179641,Male,0,No,No,9,Month-to-month,No,Mailed check,20.25,178.5,Low
6338-AVWCY,Yes,1,0.5959570410812276,Male,0,No,No,3,Month-to-month,DSL,Mailed check,40.15,130.75,Medium
9150-HEPMB,No,0,0.020803268168573127,Male,0,No,No,56,One year,DSL,Mailed check,52.7,3019.7,Low
0621-HJWXJ,No,0,0.19778902939337248,Female,0,Yes,No,63,Month-to-month,Fiber optic,Bank transfer (automatic),81.55,5029.05,Low
7056-IMHCC,Yes,1,0.5406314566917293,Male,1,Yes,No,53,Month-to-month,Fiber optic,Electronic check,101.9,5549.4,Medium
5084-OOVCJ,No,0,0.12880469551508522,Female,0,Yes,Yes,17,Month-to-month,DSL,Credit card (automatic),55.35,920.5,Low
7340-KEFQE,No,0,0.01000847163495406,Female,0,Yes,Yes,51,Two year,DSL,Bank transfer (automatic),34.2,1782.0,Low
3878-AVSOQ,No,1,0.7399732164715501,Female,1,No,No,1,Month-to-month,Fiber optic,Electronic check,71.25,71.25,High
3284-SVCRO,No,0,0.010056561961391403,Female,0,Yes,No,45,Two year,No,Mailed check,25.5,1121.05,Low
8417-GSODA,No,0,0.29742150144750834,Male,0,Yes,Yes,28,One year,Fiber optic,Bank transfer (automatic),92.2,2568.15,Low
8327-LZKAS,Yes,0,0.39542278715282714,Female,1,Yes,No,43,One year,Fiber optic,Electronic check,107.55,4533.9,Medium
7826-VVKWT,No,0,0.32951699205208984,Female,1,Yes,Yes,24,Two year,Fiber optic,Electronic check,96.55,2263.45,Medium
9355-NPPFS,No,1,0.597722184593537,Female,1,No,No,26,Month-to-month,Fiber optic,Electronic check,78.8,2006.1,Medium
2848-YXSMW,No,0,0.0012969450028590332,Male,0,Yes,Yes,72,Two year,No,Credit card (automatic),19.4,1363.25,Low
1320-HTRDR,Yes,1,0.729035911805417,Female,0,No,No,3,Month-to-month,Fiber optic,Electronic check,75.5,220.6,High
2082-OJVTK,Yes,1,0.5623974291087486,Male,0,Yes,Yes,29,Month-to-month,Fiber optic,Electronic check,89.2,2698.35,Medium
5419-CONWX,Yes,1,0.6940090702046122,Female,1,No,No,4,Month-to-month,Fiber optic,Credit card (automatic),99.8,442.85,High
4877-TSOFF,No,0,0.03704720718207238,Female,0,Yes,Yes,55,One year,DSL,Bank transfer (automatic),75.75,4264.25,Low
7663-ZTEGJ,No,0,0.16244551339246682,Male,0,No,Yes,29,One year,Fiber optic,Credit card (automatic),100.55,2830.45,Low
7668-XCFYV,No,1,0.7692797848158569,Female,1,Yes,No,17,Month-to-month,Fiber optic,Electronic check,92.55,1614.7,High
7722-CVFXN,No,0,0.2082958436192054,Male,0,Yes,Yes,54,One year,Fiber optic,Electronic check,105.2,5637.85,Low
3808-HFKDE,No,0,0.3279020829975933,Female,0,No,No,20,Month-to-month,DSL,Electronic check,44.35,927.15,Medium
2180-DXNEG,Yes,1,0.6960901249020033,Female,0,No,No,12,Month-to-month,Fiber optic,Electronic check,96.0,1062.1,High
8111-BKVDS,No,0,0.3003752994379449,Female,0,No,No,10,Month-to-month,DSL,Bank transfer (automatic),40.7,449.3,Medium
9067-YGSCA,No,0,0.0054547729128919045,Female,0,No,No,70,One year,No,Credit card (automatic),26.05,1856.4,Low
7520-HQWJU,No,0,0.04945392769263375,Female,0,Yes,Yes,66,Month-to-month,DSL,Bank transfer (automatic),67.45,4508.65,Low
0196-JTUQI,No,1,0.5941525356627939,Female,0,No,No,9,Month-to-month,Fiber optic,Credit card (automatic),75.2,633.85,Medium
9644-UMGQA,No,0,0.33238081507025835,Male,0,Yes,Yes,6,Month-to-month,DSL,Electronic check,49.15,295.65,Medium
5614-DNZCE,No,0,0.009306806464883894,Female,0,No,No,58,Two year,DSL,Credit card (automatic),64.9,3795.45,Low
3977-QCRSL,No,0,0.17473119043865393,Female,0,No,No,5,Month-to-month,No,Mailed check,20.15,117.95,Low
7739-LAXOG,Yes,0,0.48125810246089423,Female,0,Yes,Yes,32,Month-to-month,Fiber optic,Bank transfer (automatic),91.05,2954.5,Medium
1265-BCFEO,No,0,0.026093796573334344,Female,0,Yes,No,71,Two year,DSL,Bank transfer (automatic),80.45,5662.25,Low
4293-ETKAP,No,0,0.02258591101170193,Female,0,Yes,Yes,65,Two year,DSL,Bank transfer (automatic),79.4,5071.9,Low
5655-JSMZM,Yes,1,0.5619040756802784,Male,1,No,No,49,Month-to-month,Fiber optic,Electronic check,96.2,4718.25,Medium
1245-HARPS,No,0,0.035279138026617314,Female,0,Yes,No,14,Two year,No,Mailed check,20.4,292.4,Low
5153-LXKDT,No,0,0.09945847881714615,Male,0,Yes,Yes,68,Two year,Fiber optic,Electronic check,110.2,7467.5,Low
8910-ICHIU,No,0,0.14985431900887128,Female,0,No,No,46,One year,Fiber optic,Credit card (automatic),95.65,4664.2,Low
4553-DVPZG,No,0,0.4475182620023864,Female,0,Yes,No,62,Month-to-month,Fiber optic,Electronic check,101.35,6164.7,Medium
2245-ADZFJ,No,0,0.04969554620084622,Female,0,Yes,Yes,31,Two year,DSL,Bank transfer (automatic),80.55,2471.6,Low
4883-KCPZJ,No,0,0.024490581494118185,Female,0,Yes,Yes,22,Two year,No,Credit card (automatic),25.25,555.4,Low
4568-KNYWR,No,0,0.018896541611131946,Male,0,No,No,52,Two year,DSL,Credit card (automatic),63.25,3342.45,Low
5871-DGTXZ,No,0,0.025802673600134034,Male,0,No,No,32,One year,No,Mailed check,19.8,607.7,Low
0203-HHYIJ,Yes,0,0.05042476010268754,Male,0,No,No,25,One year,No,Bank transfer (automatic),25.3,676.35,Low
0002-ORFBO,No,0,0.15650216068489398,Female,0,Yes,Yes,9,One year,DSL,Mailed check,65.6,593.3,Low
7587-AOVVU,No,0,0.2730219256552061,Male,0,Yes,Yes,27,Month-to-month,Fiber optic,Electronic check,100.75,2793.55,Low
5727-MYATE,No,0,0.013640381113382132,Male,0,Yes,Yes,72,Two year,DSL,Credit card (automatic),90.8,6397.6,Low
5091-HFAZW,No,1,0.5999582884766997,Female,0,No,No,2,Month-to-month,Fiber optic,Electronic check,91.15,168.5,Medium
7971-HLVXI,No,0,0.05325903697120878,Male,0,Yes,Yes,72,Two year,Fiber optic,Credit card (automatic),84.5,6130.85,Low
1236-WFCDV,Yes,1,0.5521193202186052,Male,1,No,No,14,Month-to-month,Fiber optic,Credit card (automatic),90.45,1266.1,Medium
4513-CXYIX,No,0,0.044197030030226875,Female,1,Yes,No,71,Two year,Fiber optic,Credit card (automatic),80.7,5676.0,Low
6685-GBWJZ,No,0,0.013180557392239925,Male,0,Yes,No,63,One year,DSL,Credit card (automatic),70.8,4448.8,Low
2582-FFFZR,No,1,0.5382338386580833,Female,0,No,No,22,Month-to-month,DSL,Electronic check,50.6,1073.3,Medium
4075-WKNIU,No,0,0.10578798074430726,Female,0,Yes,Yes,0,Two year,DSL,Mailed check,73.35,0.0,Low
1217-VASWC,No,0,0.31046407117542385,Male,1,Yes,No,43,One year,Fiber optic,Bank transfer (automatic),100.55,4304.0,Medium
2832-KJCRD,No,1,0.5088465851741748,Female,0,No,No,38,Month-to-month,Fiber optic,Electronic check,103.65,3988.5,Medium
0458-HEUZG,No,0,0.09358071774672909,Female,0,No,No,13,Two year,DSL,Mailed check,35.4,450.4,Low
5504-WSIUR,No,0,0.07965116189628951,Female,0,No,No,70,One year,Fiber optic,Bank transfer (automatic),90.25,6385.95,Low
8932-CZHRQ,No,0,0.026620147612256048,Male,0,No,No,68,One year,DSL,Credit card (automatic),76.75,5233.25,Low
3694-DELSO,No,0,0.3451548479657191,Male,0,Yes,Yes,4,Month-to-month,DSL,Credit card (automatic),38.55,156.1,Medium
4587-VVTOX,Yes,1,0.7606574027215071,Female,0,Yes,No,6,Month-to-month,Fiber optic,Electronic check,105.3,545.2,High
8405-IGQFX,No,0,0.0912903120565798,Female,0,No,No,63,One year,Fiber optic,Credit card (automatic),90.05,5817.0,Low
3838-OZURD,Yes,0,0.32660891706267847,Male,0,Yes,No,66,Month-to-month,Fiber optic,Credit card (automatic),105.0,7133.25,Medium
9060-HJJRW,No,0,0.11163287239075514,Female,0,No,No,51,One year,DSL,Credit card (automatic),56.4,2928.5,Low
0376-YMCJC,Yes,1,0.5004108379213499,Male,0,No,No,23,Month-to-month,Fiber optic,Electronic check,90.6,1943.2,Medium
3915-ODIYG,No,0,0.08061737359623725,Male,1,No,No,60,One year,DSL,Electronic check,71.75,4374.55,Low
4248-QPAVC,Yes,1,0.5383477382519263,Female,1,Yes,No,17,Month-to-month,Fiber optic,Bank transfer (automatic),85.35,1463.45,Medium
2900-PHPLN,No,0,0.0033969774973888257,Female,1,Yes,No,70,Two year,No,Credit card (automatic),19.55,1462.05,Low
1561-BWHIN,No,0,0.04254938869790299,Male,0,Yes,Yes,19,One year,No,Mailed check,19.8,344.5,Low
8681-ICONS,No,0,0.0667507318553089,Male,0,Yes,Yes,29,Month-to-month,No,Mailed check,20.65,654.85,Low
5524-KHNJP,No,0,0.07040995097488773,Male,0,Yes,Yes,33,One year,DSL,Credit card (automatic),74.75,2453.3,Low
2718-YSKCS,No,0,0.002151802675483492,Male,0,Yes,Yes,71,Two year,No,Bank transfer (automatic),19.6,1387.45,Low
0266-GMEAO,No,0,0.04361515661978893,Male,0,Yes,Yes,72,Two year,Fiber optic,Credit card (automatic),114.3,8058.55,Low
9248-OJYKK,Yes,1,0.7764776390046852,Male,1,No,No,1,Month-to-month,Fiber optic,Electronic check,76.45,76.45,High
0799-DDIHE,No,0,0.26619022024462563,Female,0,Yes,Yes,15,Month-to-month,DSL,Electronic check,46.3,639.45,Low
3317-VLGQT,No,1,0.6433257470051167,Female,0,Yes,No,14,Month-to-month,Fiber optic,Electronic check,78.1,1122.4,High
9081-WWXKP,No,0,0.0050183779420469666,Female,0,Yes,Yes,47,Two year,No,Credit card (automatic),20.25,873.4,Low
8402-OOOHJ,No,0,0.008849691786682046,Female,0,No,No,41,Two year,No,Mailed check,20.65,835.15,Low
4803-AXVYP,Yes,1,0.5473791711854217,Female,1,No,No,38,Month-to-month,Fiber optic,Electronic check,99.55,3734.25,Medium
7107-UBYKY,No,0,0.09185018442491186,Female,0,Yes,Yes,35,Month-to-month,No,Electronic check,25.75,882.55,Low
7760-OYPDY,Yes,1,0.7125185329583303,Female,0,No,No,2,Month-to-month,Fiber optic,Electronic check,80.65,144.15,High
3665-JATSN,No,0,0.4830280467128533,Female,0,No,No,19,Month-to-month,DSL,Electronic check,39.7,710.05,Medium
6131-IUNXN,No,0,0.08060331826892209,Female,0,Yes,Yes,19,Month-to-month,No,Mailed check,20.2,382.2,Low
2654-VBVPB,No,0,0.20739572016791843,Female,0,No,No,1,Month-to-month,No,Bank transfer (automatic),19.9,19.9,Low
9795-VOWON,No,0,0.33688253862962003,Male,0,No,No,7,One year,DSL,Credit card (automatic),24.35,150.85,Medium
2533-TIBIX,No,0,0.29446047968441796,Male,0,Yes,Yes,15,Month-to-month,DSL,Bank transfer (automatic),30.2,469.65,Low
4671-VJLCL,No,0,0.014333401379525205,Female,0,No,No,63,Two year,DSL,Credit card (automatic),79.85,4861.45,Low
3384-CTMSF,No,1,0.5356821150317097,Male,0,Yes,No,47,Month-to-month,Fiber optic,Electronic check,104.1,5135.15,Medium
8120-JDCAM,No,1,0.5430957272084701,Male,0,Yes,Yes,4,Month-to-month,Fiber optic,Mailed check,69.55,284.9,Medium
9223-UCPVT,Yes,1,0.6926126222962602,Female,0,No,No,1,Month-to-month,Fiber optic,Electronic check,94.4,94.4,High
2955-PSXOE,Yes,0,0.2707043080073991,Female,0,No,No,1,Month-to-month,No,Bank transfer (automatic),20.2,20.2,Low
2925-MXLSX,No,0,0.15801748145695568,Female,0,No,No,30,One year,DSL,Credit card (automatic),68.95,2038.7,Low
1950-KSVVJ,No,0,0.14110803562819926,Female,0,Yes,No,45,One year,Fiber optic,Mailed check,113.3,5032.25,Low
1075-BGWOH,Yes,1,0.7699254477550285,Male,1,Yes,No,16,Month-to-month,Fiber optic,Electronic check,98.75,1587.55,High
0280-XJGEX,Yes,0,0.4215159934260633,Male,0,No,No,49,Month-to-month,Fiber optic,Bank transfer (automatic),103.7,5036.3,Medium
3785-KTYSH,No,0,0.006173896702382835,Male,0,No,No,53,Two year,No,Mailed check,24.6,1279.0,Low
6082-OQFBA,No,0,0.034995001089741115,Male,0,Yes,Yes,23,One year,No,Mailed check,19.65,436.9,Low
3068-OMWZA,Yes,1,0.8008004949379697,Male,1,No,No,1,Month-to-month,Fiber optic,Electronic check,88.8,88.8,High
9929-PLVPA,No,0,0.14783275181695943,Female,0,No,Yes,4,Month-to-month,No,Credit card (automatic),20.4,94.5,Low
4909-JOUPP,No,0,0.06336645578970099,Male,1,Yes,No,72,Two year,Fiber optic,Credit card (automatic),109.7,7898.45,Low
4612-THJBS,Yes,0,0.29335371127259713,Female,1,No,No,56,One year,Fiber optic,Bank transfer (automatic),104.75,5510.65,Low
2749-CTKAJ,No,0,0.03686586929350409,Male,0,Yes,Yes,22,One year,No,Mailed check,20.15,419.9,Low
9803-FTJCG,No,0,0.012286525980330774,Male,0,Yes,Yes,71,One year,DSL,Credit card (automatic),66.85,4748.7,Low
5652-MSDEY,No,1,0.6107475629677752,Female,0,No,No,10,Month-to-month,Fiber optic,Mailed check,75.75,777.3,High
9063-ZGTUY,Yes,0,0.013778363590216027,Female,0,Yes,Yes,61,Month-to-month,No,Mailed check,19.4,1182.55,Low
0431-APWVY,Yes,0,0.3339331976235867,Female,0,Yes,Yes,28,One year,Fiber optic,Bank transfer (automatic),90.1,2598.95,Medium
2931-XIQBR,No,0,0.1235661445280341,Female,0,Yes,Yes,50,One year,Fiber optic,Mailed check,103.05,5153.5,Low
9840-DVNDC,Yes,1,0.5809934576414911,Male,0,No,No,6,Month-to-month,Fiber optic,Credit card (automatic),80.5,463.05,Medium
0229-LFJAF,No,0,0.005525607612459595,Male,0,No,No,72,Two year,DSL,Bank transfer (automatic),69.65,4908.25,Low
3750-RNQKR,No,0,0.12787817792545444,Female,0,No,No,12,Month-to-month,No,Mailed check,19.45,246.25,Low
0396-HUJBP,No,0,0.19718276511314406,Female,0,No,No,2,Month-to-month,No,Mailed check,19.3,44.4,Low
0599-XNYDO,No,0,0.4691199027888734,Female,0,Yes,No,20,Month-to-month,Fiber optic,Bank transfer (automatic),69.8,1540.35,Medium
3716-UVSPD,No,0,0.4026671910843082,Male,0,No,No,1,Month-to-month,DSL,Electronic check,49.3,49.3,Medium
6646-JPPHA,No,0,0.4324103090791762,Female,1,No,No,14,Month-to-month,Fiber optic,Electronic check,78.85,1043.8,Medium
2162-FRZAA,No,0,0.007418134680373041,Male,0,Yes,Yes,63,Two year,DSL,Bank transfer (automatic),39.35,2395.05,Low
8231-BSWXX,No,0,0.07704656700442401,Male,0,No,No,71,One year,Fiber optic,Credit card (automatic),79.05,5552.5,Low
4335-BSMJS,No,0,0.005575388307218095,Female,0,No,No,62,Two year,No,Credit card (automatic),25.8,1563.95,Low
4328-VUFWD,No,0,0.06804811567463577,Female,0,No,No,39,One year,DSL,Electronic check,59.3,2209.15,Low
2845-AFFTX,Yes,1,0.6437658949171046,Male,1,Yes,No,41,Month-to-month,Fiber optic,Electronic check,99.8,4259.3,High
2324-EFHVG,No,0,0.12180734077905314,Male,0,No,No,64,Two year,Fiber optic,Bank transfer (automatic),104.4,6692.65,Low
3276-HDUEG,Yes,1,0.679571969358581,Female,0,No,No,1,Month-to-month,Fiber optic,Mailed check,75.05,75.05,High
0310-SUCIN,No,0,0.02733760925770068,Female,0,Yes,No,71,One year,DSL,Bank transfer (automatic),84.8,6046.1,Low
6161-UUUTA,Yes,1,0.7437570035147,Male,1,No,No,3,Month-to-month,Fiber optic,Electronic check,79.9,260.9,High
1187-WILMM,No,0,0.01777751286562577,Male,0,Yes,Yes,63,Two year,DSL,Credit card (automatic),89.4,5597.65,Low
3208-YPIOE,Yes,0,0.3461922579613831,Male,0,No,No,39,Month-to-month,Fiber optic,Electronic check,75.25,3017.65,Medium
5370-IIVVL,No,0,0.2378194757779222,Male,0,No,No,37,One year,Fiber optic,Credit card (automatic),104.5,3778.0,Low
0970-ETWGE,Yes,1,0.7485437194408255,Male,0,No,No,1,Month-to-month,Fiber optic,Electronic check,89.55,89.55,High
9620-QJREV,No,0,0.00973530735714777,Male,0,No,Yes,47,One year,No,Credit card (automatic),20.55,1013.05,Low
3580-REOAC,Yes,0,0.3235481338068203,Male,0,No,No,10,Month-to-month,DSL,Credit card (automatic),44.85,435.4,Medium
2955-BJZHG,Yes,0,0.4670873991362623,Male,0,Yes,Yes,17,Month-to-month,Fiber optic,Electronic check,80.85,1400.85,Medium
2669-QVCRG,No,0,0.25789440729130003,Female,0,No,No,41,Month-to-month,Fiber optic,Credit card (automatic),81.3,3190.65,Low
0628-CNQRM,Yes,0,0.08015746168279196,Male,0,Yes,Yes,22,One year,DSL,Bank transfer (automatic),67.5,1544.05,Low
8329-GWVPJ,No,0,0.19710083040425347,Female,0,Yes,Yes,50,Month-to-month,Fiber optic,Bank transfer (automatic),69.75,3557.7,Low
3082-YVEKW,No,0,0.05726300428302196,Female,0,Yes,Yes,23,Two year,DSL,Bank transfer (automatic),77.15,1759.4,Low
3439-GVUSX,No,0,0.49274093699190863,Male,0,No,No,1,Month-to-month,DSL,Mailed check,24.4,24.4,Medium
2482-CZGBB,Yes,1,0.6055219551531846,Male,0,No,No,10,Month-to-month,Fiber optic,Electronic check,70.0,740.0,High
7623-TRNQN,Yes,0,0.29542122120849973,Male,0,No,Yes,1,Month-to-month,DSL,Mailed check,49.9,49.9,Low
9637-EIHEQ,Yes,0,0.41811574863735257,Female,0,No,No,1,Month-to-month,DSL,Electronic check,50.8,50.8,Medium
8707-HOEDG,No,0,0.09493856782556738,Female,0,Yes,Yes,70,Two year,Fiber optic,Electronic check,110.2,7689.8,Low
5795-BKOYE,No,0,0.010651499997314344,Female,0,Yes,Yes,69,One year,DSL,Bank transfer (automatic),59.1,4134.7,Low
5419-KLXBN,Yes,0,0.41524590260872185,Female,0,Yes,Yes,25,Month-to-month,Fiber optic,Bank transfer (automatic),89.15,2257.75,Medium
4581-SSPWD,Yes,1,0.7307724599427221,Female,0,No,No,3,Month-to-month,Fiber optic,Electronic check,75.8,246.3,High
2240-HSJQD,No,0,0.31152293376213264,Male,0,No,Yes,38,Month-to-month,Fiber optic,Mailed check,81.85,3141.7,Medium
4342-HENTK,Yes,1,0.7326857805172325,Female,1,No,No,2,Month-to-month,Fiber optic,Electronic check,70.65,142.35,High
4295-YURET,No,0,0.01951201976234463,Female,1,Yes,Yes,56,Two year,DSL,Credit card (automatic),72.6,4084.35,Low
2476-YGEFM,No,0,0.42943085294485567,Female,0,No,No,29,Month-to-month,Fiber optic,Credit card (automatic),76.0,2215.25,Medium
1460-UZPRJ,No,0,0.0032291167040068122,Male,0,Yes,No,60,Two year,No,Mailed check,19.95,1258.15,Low
8035-BUYVG,Yes,0,0.10059908208909266,Male,0,Yes,No,40,One year,DSL,Electronic check,42.35,1716.45,Low
5093-FEGLU,No,0,0.006597128261660632,Female,0,Yes,No,47,Two year,No,Bank transfer (automatic),19.65,921.55,Low
7677-SJJJK,No,0,0.06806230136513788,Male,0,Yes,Yes,8,One year,No,Credit card (automatic),19.9,153.95,Low
8372-JUXUI,Yes,1,0.6960155948791724,Male,0,No,Yes,1,Month-to-month,Fiber optic,Electronic check,74.35,74.35,High
6543-CPZMK,Yes,0,0.48791770313420674,Male,0,Yes,Yes,9,Month-to-month,DSL,Electronic check,29.95,248.95,Medium
8735-IJJEG,No,0,0.22820703312329377,Male,0,Yes,No,14,Month-to-month,DSL,Credit card (automatic),50.2,668.85,Low
0691-NIKRI,No,0,0.2763937687095504,Female,0,No,No,40,One year,Fiber optic,Credit card (automatic),105.95,4335.2,Low
6402-SSEJG,No,0,0.2071932629055725,Female,0,No,No,25,One year,DSL,Electronic check,61.05,1540.2,Low
0623-GDISB,No,0,0.36122544054938105,Female,0,No,No,1,Month-to-month,DSL,Bank transfer (automatic),48.45,48.45,Medium
9090-SGQXL,Yes,0,0.46070706701097924,Male,1,Yes,No,68,Month-to-month,Fiber optic,Electronic check,105.3,7299.65,Medium
4741-WWJQZ,No,0,0.4929372288540239,Female,0,Yes,No,2,Month-to-month,Fiber optic,Electronic check,80.15,194.55,Medium
9415-ZNBSX,No,0,0.01710765140564817,Female,0,Yes,Yes,70,Two year,DSL,Bank transfer (automatic),89.0,6293.2,Low
1049-FYSYG,No,0,0.3690337484889689,Female,0,Yes,No,17,Month-to-month,DSL,Credit card (automatic),35.65,646.05,Medium
0042-JVWOJ,No,0,0.04896374740081902,Male,0,No,No,26,One year,No,Bank transfer (automatic),19.6,471.85,Low
8709-KRDVL,No,1,0.6050956712579255,Female,0,No,No,33,Month-to-month,Fiber optic,Electronic check,100.0,3320.6,High
7021-XSNYE,No,0,0.08010731302531858,Male,0,Yes,Yes,7,Two year,DSL,Credit card (automatic),49.65,305.55,Low
5129-JLPIS,No,0,0.42374149765798175,Male,0,No,No,25,Month-to-month,Fiber optic,Electronic check,105.5,2686.05,Medium
1222-LRYKO,No,0,0.17384579766397223,Male,0,No,Yes,6,Month-to-month,No,Mailed check,26.35,184.05,Low
6121-TNHBO,No,0,0.031662472684246434,Female,1,No,No,63,One year,DSL,Bank transfer (automatic),83.0,5243.05,Low
6040-CGACY,No,0,0.11139138119665176,Female,0,No,No,15,Month-to-month,No,Mailed check,19.6,299.4,Low
3898-BSJYF,No,0,0.11074735447014158,Female,0,No,Yes,10,One year,DSL,Credit card (automatic),73.55,693.3,Low
5232-NXPAY,No,0,0.028399516761997586,Female,0,No,No,47,Two year,DSL,Mailed check,74.45,3510.3,Low
3318-NMQXL,No,1,0.7382548356093055,Male,0,No,No,3,Month-to-month,Fiber optic,Electronic check,92.0,266.8,High
2070-XYMFH,No,1,0.5677782636765741,Female,1,No,No,23,Month-to-month,Fiber optic,Mailed check,79.35,1835.3,Medium
3062-ICYZQ,No,0,0.28593047786512066,Female,0,Yes,Yes,51,Month-to-month,Fiber optic,Electronic check,93.8,4539.35,Low
6278-FEPBZ,No,0,0.1464680020708743,Female,0,No,No,9,Month-to-month,No,Mailed check,20.25,186.15,Low
3866-MDTUB,Yes,1,0.5123172202332014,Female,0,No,No,2,Month-to-month,DSL,Electronic check,70.75,146.9,Medium
6522-OIQSX,No,0,0.02388292680488813,Female,0,Yes,Yes,69,Two year,DSL,Credit card (automatic),54.95,3772.5,Low
8063-GBATB,Yes,1,0.6650156896108393,Female,1,No,No,27,Month-to-month,Fiber optic,Electronic check,85.25,2287.25,High
6701-YVNQG,No,0,0.015562110978311736,Male,0,Yes,No,72,Two year,DSL,Credit card (automatic),88.7,6301.7,Low
8780-YRMTT,No,0,0.009467281717311364,Female,0,No,No,66,Two year,DSL,Mailed check,47.4,3177.25,Low
9822-OAOVB,No,1,0.5792155838088064,Female,0,No,No,1,Month-to-month,DSL,Electronic check,55.45,55.45,Medium
8543-MSDMF,No,0,0.4912997963091949,Male,0,No,No,3,Month-to-month,DSL,Electronic check,77.4,206.15,Medium
4282-ACRXS,No,0,0.27530469403879665,Male,1,Yes,No,38,Month-to-month,DSL,Electronic check,24.85,955.75,Low
6502-HCJTI,Yes,1,0.5983591050058957,Male,1,Yes,No,7,Month-to-month,Fiber optic,Credit card (automatic),94.7,673.1,Medium
9602-WCXPI,No,0,0.009612400213894584,Male,0,No,No,50,One year,No,Credit card (automatic),20.15,989.05,Low
0689-NKYLF,Yes,1,0.6221879602331706,Male,0,No,No,13,Month-to-month,Fiber optic,Electronic check,83.2,1060.6,High
7024-OHCCK,Yes,1,0.8337866327699851,Female,1,No,No,2,Month-to-month,Fiber optic,Electronic check,93.85,170.85,High
2839-RFSQE,Yes,0,0.19750462057583254,Female,0,No,No,2,Month-to-month,No,Mailed check,20.65,38.7,Low
2205-LPVGL,No,0,0.0753653940836247,Male,1,Yes,Yes,58,One year,Fiber optic,Bank transfer (automatic),89.85,5125.75,Low
2027-OAQQC,Yes,0,0.25886541385276046,Female,0,No,No,43,Month-to-month,DSL,Bank transfer (automatic),49.05,2076.2,Low
4851-BQDNX,No,0,0.24817001645034378,Male,0,Yes,Yes,40,One year,Fiber optic,Electronic check,85.05,3355.65,Low
7869-ZYDST,No,0,0.25074804270592405,Male,0,Yes,No,31,Month-to-month,DSL,Credit card (automatic),59.05,1882.8,Low
7979-CORPM,Yes,0,0.49384184759666233,Male,0,No,No,24,Month-to-month,Fiber optic,Credit card (automatic),90.55,2282.55,Medium
7586-ZATGZ,No,0,0.47567789494238,Male,0,No,No,40,Month-to-month,Fiber optic,Electronic check,84.9,3369.05,Medium
3716-LRGXK,No,0,0.09727042838093959,Male,0,Yes,No,60,Two year,Fiber optic,Credit card (automatic),101.15,6067.4,Low
2384-OVPSA,No,0,0.01292044436992007,Female,1,No,No,38,Two year,No,Mailed check,20.2,735.9,Low
2506-TNFCO,Yes,1,0.7420241143914792,Female,1,Yes,No,1,Month-to-month,Fiber optic,Electronic check,69.55,69.55,High
0378-CJKPV,No,0,0.0375864638755479,Female,0,Yes,No,72,Two year,Fiber optic,Credit card (automatic),112.1,7965.95,Low
3927-NLNRY,Yes,0,0.18899558710443387,Male,0,Yes,No,53,One year,Fiber optic,Bank transfer (automatic),94.25,4867.95,Low
1465-VINDH,Yes,1,0.6271818969655383,Female,0,Yes,Yes,10,Month-to-month,Fiber optic,Credit card (automatic),102.1,1068.85,High
1496-GGSUK,Yes,1,0.6510851394879053,Female,1,No,No,1,Month-to-month,DSL,Mailed check,25.7,25.7,High
3886-CERTZ,Yes,0,0.20177682598965876,Female,0,Yes,No,72,One year,Fiber optic,Electronic check,109.25,8109.8,Low
7463-IFMQU,No,0,0.0018240841451681116,Female,0,Yes,No,72,Two year,No,Bank transfer (automatic),20.05,1423.65,Low
5616-PRTNT,Yes,0,0.12832746686023533,Male,0,No,Yes,20,Month-to-month,No,Electronic check,19.4,374.5,Low
2043-WVTQJ,No,0,0.2779389657281927,Male,0,Yes,No,1,Month-to-month,DSL,Mailed check,55.7,55.7,Low
1455-HFBXA,No,0,0.046016552397795514,Male,0,Yes,No,52,Two year,Fiber optic,Credit card (automatic),91.6,4627.8,Low
9058-HRZSV,No,0,0.1951296919896416,Female,1,Yes,No,65,Month-to-month,Fiber optic,Electronic check,94.4,6126.15,Low
0678-RLHVP,No,0,0.16217436053147988,Female,0,No,No,53,Two year,Fiber optic,Electronic check,105.55,5682.25,Low
9878-TNQGW,Yes,1,0.7155488542136488,Male,0,No,No,2,Month-to-month,Fiber optic,Electronic check,80.95,171.15,High
5673-TIYIB,Yes,0,0.409656278483598,Male,0,No,No,2,Month-to-month,DSL,Credit card (automatic),40.4,77.15,Medium
1576-PFZIW,No,0,0.05274167067594951,Male,1,Yes,No,70,Two year,Fiber optic,Credit card (automatic),105.35,7511.9,Low
2817-NTQDO,Yes,0,0.2764583989341614,Male,0,No,No,13,Month-to-month,DSL,Credit card (automatic),45.55,597.0,Low
5698-BQJOH,Yes,1,0.6968120694551881,Female,0,No,No,9,Month-to-month,Fiber optic,Electronic check,94.4,857.25,High
8215-NGSPE,No,0,0.007159868943749156,Female,0,Yes,Yes,42,Two year,No,Mailed check,20.0,833.55,Low
6227-FBDXH,No,0,0.15152431865140398,Male,0,Yes,No,69,One year,Fiber optic,Bank transfer (automatic),99.5,6841.45,Low
7673-BQGKU,No,0,0.0017841955277538475,Female,0,Yes,Yes,69,Two year,No,Bank transfer (automatic),20.15,1337.5,Low
0595-ITUDF,No,0,0.18655237699493796,Male,0,Yes,Yes,64,Month-to-month,Fiber optic,Electronic check,91.8,5960.5,Low
7602-DBTOU,No,0,0.0019042284109397386,Female,0,Yes,No,71,Two year,No,Mailed check,19.6,1416.5,Low
3729-OWRVL,No,0,0.11726795986810679,Male,1,No,No,65,Two year,Fiber optic,Electronic check,110.35,7246.15,Low
2894-QOJRX,Yes,0,0.3571703443215009,Female,0,Yes,No,25,Month-to-month,DSL,Bank transfer (automatic),34.0,853.0,Medium
4662-EKDPQ,Yes,0,0.4596364278016029,Male,0,No,No,2,Month-to-month,DSL,Bank transfer (automatic),62.05,118.3,Medium
8999-BOHSE,Yes,1,0.6141424270155886,Female,1,No,No,11,Month-to-month,Fiber optic,Bank transfer (automatic),89.7,1047.7,High
4884-ZTHVF,No,1,0.7009455158097376,Female,1,No,No,8,Month-to-month,Fiber optic,Electronic check,87.1,713.6,High
1212-GLHMD,No,1,0.5496133165355462,Male,0,No,No,3,Month-to-month,Fiber optic,Mailed check,86.05,244.85,Medium
0137-OCGAB,Yes,1,0.6510839365633067,Female,0,No,No,1,Month-to-month,Fiber optic,Mailed check,80.2,80.2,High
6762-QVYJO,No,0,0.016559694405074626,Female,0,Yes,Yes,58,Two year,DSL,Mailed check,59.75,3624.35,Low
3199-XGZCY,No,1,0.692103934715923,Female,0,No,No,8,Month-to-month,Fiber optic,Electronic check,75.25,576.7,High
0723-DRCLG,Yes,1,0.7882103024326746,Female,1,Yes,No,1,Month-to-month,Fiber optic,Electronic check,74.45,74.45,High
0378-NHQXU,Yes,1,0.5510517010454719,Female,0,Yes,Yes,17,Month-to-month,Fiber optic,Electronic check,88.25,1460.65,Medium
9297-FVVDH,No,0,0.034900064781321585,Female,0,Yes,Yes,57,Two year,DSL,Electronic check,84.5,4845.4,Low
1670-SVOWZ,Yes,0,0.37468351929499416,Female,0,Yes,Yes,14,Month-to-month,Fiber optic,Credit card (automatic),89.65,1208.35,Medium
8634-MPHTR,Yes,1,0.6070035892504285,Male,1,Yes,No,47,Month-to-month,Fiber optic,Electronic check,100.05,4871.05,High
3677-IYRBF,Yes,1,0.7106989407267967,Female,1,No,No,2,Month-to-month,DSL,Electronic check,30.4,78.65,High
1455-ESIQH,Yes,1,0.7482790608161628,Male,0,No,No,1,Month-to-month,Fiber optic,Electronic check,89.1,89.1,High
9426-SXNHE,No,0,0.19916681821964297,Female,0,No,No,2,Month-to-month,No,Bank transfer (automatic),18.75,53.15,Low
2710-WYVXG,No,0,0.06514406728375473,Female,0,No,No,3,Two year,DSL,Mailed check,71.1,213.35,Low
9514-JDSKI,Yes,1,0.634610748556617,Male,1,Yes,No,1,Month-to-month,DSL,Electronic check,40.2,40.2,High
4139-JPIAM,No,0,0.06856783162155518,Male,0,No,No,51,Month-to-month,DSL,Credit card (automatic),44.45,2181.55,Low
6380-ARCEH,No,0,0.1961952764665822,Male,0,No,No,1,Month-to-month,No,Mailed check,20.2,20.2,Low
9103-CXVOK,No,0,0.22136783404554952,Male,0,Yes,Yes,1,Month-to-month,No,Electronic check,19.75,19.75,Low
9921-EZKBY,No,0,0.37940352983087766,Male,0,No,Yes,33,Month-to-month,Fiber optic,Bank transfer (automatic),95.3,3275.15,Medium
7181-BQYBV,Yes,1,0.7067839578299471,Female,0,Yes,Yes,1,Month-to-month,Fiber optic,Electronic check,102.45,102.45,High
1897-OKVMW,No,0,0.020675143922251577,Female,0,Yes,Yes,64,Two year,DSL,Mailed check,90.6,5817.45,Low
0206-TBWLC,No,0,0.15985422155686413,Female,0,Yes,No,54,One year,Fiber optic,Mailed check,114.65,6049.5,Low
9101-NTIXF,No,0,0.18832071835088351,Male,0,No,No,2,Month-to-month,No,Mailed check,19.4,50.6,Low
8309-IEYJD,No,1,0.6762243288159921,Female,1,No,No,1,Month-to-month,Fiber optic,Mailed check,70.6,70.6,High
7722-VJRQD,No,0,0.009449027076732374,Male,0,Yes,Yes,72,Two year,DSL,Bank transfer (automatic),60.95,4549.05,Low
2560-QTSBS,No,0,0.00597746146544712,Female,0,Yes,Yes,72,One year,No,Bank transfer (automatic),23.3,1623.15,Low
2519-LBNQL,No,0,0.3538568197193256,Male,1,Yes,No,60,One year,Fiber optic,Electronic check,104.35,6339.45,Medium
6647-ZEDXT,No,0,0.23574575766082836,Female,0,No,No,30,One year,Fiber optic,Credit card (automatic),110.45,3327.05,Low
2753-JMMCV,No,0,0.018366479135958545,Male,0,No,No,65,Two year,DSL,Credit card (automatic),74.2,4805.65,Low
2404-JIBFC,No,0,0.02774984648103486,Female,0,Yes,Yes,55,Two year,DSL,Bank transfer (automatic),85.1,4657.95,Low
9039-RBEEE,Yes,0,0.09941795840538863,Male,0,No,No,39,Month-to-month,DSL,Credit card (automatic),48.95,1880.85,Low
3446-QDSZF,No,0,0.35372946709285386,Female,0,No,No,4,Month-to-month,DSL,Credit card (automatic),55.5,227.35,Medium
5482-NUPNA,Yes,0,0.22177964378569398,Female,0,No,No,4,Month-to-month,DSL,Mailed check,60.4,272.15,Low
4846-WHAFZ,Yes,1,0.5254580321300717,Female,1,Yes,No,37,Month-to-month,Fiber optic,Electronic check,76.5,2868.15,Medium
0516-OOHAR,No,0,0.23945376379736863,Male,0,Yes,Yes,28,One year,Fiber optic,Bank transfer (automatic),100.35,2799.0,Low
9140-CZQZZ,No,0,0.013769506558997766,Female,0,Yes,No,68,Two year,DSL,Bank transfer (automatic),79.6,5515.8,Low
7108-DGVUU,No,0,0.2232677272985167,Female,1,Yes,No,21,One year,DSL,Bank transfer (automatic),71.7,1497.05,Low
3445-HXXGF,Yes,0,0.1802891573508907,Male,1,Yes,No,58,Month-to-month,DSL,Electronic check,45.3,2651.2,Low
9708-KFDBY,No,0,0.18387222534443254,Male,0,No,No,1,Month-to-month,No,Credit card (automatic),20.55,20.55,Low
4906-ZHGPK,No,0,0.057329453694939386,Male,0,Yes,Yes,54,One year,DSL,Electronic check,70.7,3770.0,Low
9231-ZJYAM,Yes,1,0.7453193194826856,Female,1,No,No,4,Month-to-month,Fiber optic,Electronic check,78.85,292.8,High
6967-QIQRV,No,0,0.23868521132431694,Male,0,Yes,Yes,15,One year,Fiber optic,Electronic check,101.9,1667.25,Low
6366-ZGQGL,Yes,0,0.49588336613163736,Male,0,No,No,1,Month-to-month,DSL,Bank transfer (automatic),24.8,24.8,Medium
0572-ZJKLT,No,0,0.05404771080128221,Female,0,Yes,Yes,46,Two year,Fiber optic,Mailed check,99.65,4630.2,Low
2996-XAUVF,No,0,0.012631622461188817,Male,0,No,No,70,Two year,DSL,Mailed check,40.05,2799.75,Low
9987-LUTYD,No,0,0.07891094602534443,Female,0,No,No,13,One year,DSL,Mailed check,55.15,742.9,Low
6281-FKEWS,No,0,0.20380166344930256,Female,0,No,No,44,One year,DSL,Electronic check,49.05,2265.0,Low
3067-SVMTC,No,0,0.00948179958144752,Female,0,Yes,No,68,One year,DSL,Bank transfer (automatic),55.9,3848.8,Low
7921-BEPCI,No,0,0.007409321248158679,Female,0,No,No,72,Two year,DSL,Bank transfer (automatic),59.75,4265.0,Low
4801-KFYKL,No,0,0.1264716781414599,Male,0,No,Yes,8,Month-to-month,No,Bank transfer (automatic),19.45,159.2,Low
4707-MAXGU,No,0,0.002331659405361461,Male,0,Yes,No,72,Two year,No,Credit card (automatic),25.85,1872.2,Low
7341-LXCAF,Yes,1,0.7132728176815581,Male,0,Yes,No,4,Month-to-month,Fiber optic,Electronic check,74.65,301.4,High
6017-PPLPX,Yes,0,0.48103374917801117,Male,0,Yes,Yes,20,Month-to-month,Fiber optic,Electronic check,70.45,1470.95,Medium
5956-YHHRX,No,1,0.7283398892166305,Male,1,No,No,21,Month-to-month,Fiber optic,Electronic check,104.35,2271.85,High
0655-YDGFJ,No,0,0.14054337711979437,Male,0,No,No,29,Month-to-month,DSL,Bank transfer (automatic),48.95,1323.7,Low
7998-ZLXWN,No,0,0.10624675933756843,Female,0,Yes,No,15,Month-to-month,No,Credit card (automatic),20.45,330.8,Low
9881-VCZEP,No,0,0.25427394501542516,Female,0,Yes,No,25,Month-to-month,DSL,Electronic check,54.1,1373.0,Low
8450-JOVAH,Yes,0,0.28602358681420786,Male,0,Yes,Yes,2,Month-to-month,DSL,Mailed check,56.7,113.55,Low
6778-EICRF,No,0,0.12701920385101412,Male,0,Yes,Yes,24,One year,DSL,Mailed check,74.8,1821.2,Low
0375-HVGXO,Yes,1,0.696336043977243,Female,0,No,No,1,Month-to-month,DSL,Electronic check,34.7,34.7,High
7880-XSOJX,No,0,0.2473403328124539,Male,0,No,No,4,Month-to-month,DSL,Mailed check,42.4,146.4,Low
2925-VDZHY,No,0,0.009917877690707105,Male,0,Yes,Yes,72,Two year,DSL,Credit card (automatic),88.7,6501.35,Low
7789-CRUVC,No,0,0.15570612087378916,Female,1,Yes,No,61,Month-to-month,Fiber optic,Credit card (automatic),94.2,5895.45,Low
3696-XRIEN,No,0,0.06517110890866835,Female,0,No,No,50,One year,DSL,Credit card (automatic),82.5,4179.1,Low
7272-QDCKA,No,0,0.3788313830193771,Male,0,No,No,28,One year,Fiber optic,Electronic check,100.2,2688.45,Medium
3230-IUALN,No,0,0.02682582797207624,Female,0,Yes,Yes,45,Two year,DSL,Mailed check,81.0,3533.6,Low
6686-YPGHK,Yes,0,0.21750826073987867,Male,1,No,No,47,Month-to-month,Fiber optic,Mailed check,85.5,4042.3,Low
9251-WNSOD,No,0,0.031013207229513718,Female,0,Yes,No,67,One year,DSL,Mailed check,75.1,5064.45,Low
6244-BESBM,No,0,0.04325469059992001,Male,0,Yes,Yes,69,Two year,Fiber optic,Credit card (automatic),95.2,6671.7,Low
2202-CUYXZ,Yes,1,0.7100647080020335,Male,0,No,No,1,Month-to-month,Fiber optic,Electronic check,84.85,84.85,High
8717-VCTXJ,No,0,0.022092877477301803,Male,0,No,No,42,One year,No,Mailed check,19.55,839.4,Low
7989-CHGTL,Yes,0,0.25665761894861,Male,0,No,No,1,Month-to-month,No,Mailed check,19.6,19.6,Low
7191-ADRGF,No,0,0.05522871528849797,Male,0,Yes,No,44,Two year,DSL,Bank transfer (automatic),54.3,2390.45,Low
3688-FTHLT,No,0,0.43352954411949535,Female,0,No,No,16,Month-to-month,DSL,Bank transfer (automatic),63.05,1067.05,Medium
5039-LZRQT,No,0,0.0707836797989615,Female,0,No,No,13,One year,No,Mailed check,20.2,273.25,Low
0224-RLWWD,No,1,0.5757457019427915,Female,1,No,No,2,Month-to-month,DSL,Electronic check,44.3,89.3,Medium
7130-YXBRO,No,0,0.37055682272025947,Male,0,Yes,No,48,Month-to-month,Fiber optic,Bank transfer (automatic),111.45,5315.1,Medium
4990-ALDGW,No,0,0.0036274430901909434,Male,0,No,No,57,Two year,No,Mailed check,20.75,1118.8,Low
5950-AAAGJ,No,0,0.49054829948664436,Male,0,No,No,18,Month-to-month,Fiber optic,Bank transfer (automatic),84.3,1537.9,Medium
4003-FUSHP,No,0,0.20502011008864368,Male,0,No,No,19,Month-to-month,DSL,Credit card (automatic),61.55,1093.2,Low
5928-QLDHB,No,1,0.6746417011916064,Male,0,No,No,9,Month-to-month,Fiber optic,Electronic check,76.25,684.85,High
4016-BJKTZ,No,0,0.20398632874504713,Female,0,No,No,25,Two year,Fiber optic,Electronic check,108.9,2809.05,Low
2075-PUEPR,No,0,0.003557424362900927,Male,0,Yes,Yes,55,Two year,No,Bank transfer (automatic),19.35,1153.25,Low
8705-DWKTI,No,0,0.25597634781531364,Male,0,No,No,52,Month-to-month,Fiber optic,Credit card (automatic),83.8,4331.4,Low
6261-RCVNS,Yes,0,0.03270895019357565,Female,0,No,No,42,One year,DSL,Credit card (automatic),73.9,3160.55,Low
5233-GEEAX,Yes,1,0.6303915404294348,Male,1,No,No,8,Month-to-month,DSL,Electronic check,29.4,221.9,High
0420-TXVSG,No,0,0.013750552049584384,Male,0,Yes,No,66,Two year,DSL,Credit card (automatic),66.1,4428.45,Low
1910-FMXJM,No,0,0.3862066940724757,Female,0,Yes,No,36,Month-to-month,Fiber optic,Electronic check,80.4,2937.65,Medium
8510-TMWYB,No,0,0.02699808557252912,Female,0,Yes,Yes,54,Two year,DSL,Bank transfer (automatic),59.8,3246.45,Low
9957-YODKZ,No,1,0.7498727509204335,Male,1,Yes,No,6,Month-to-month,Fiber optic,Electronic check,80.8,457.1,High
1614-JBEBI,No,0,0.20265759814249246,Female,0,No,No,8,Month-to-month,No,Mailed check,20.7,137.6,Low
6463-HHXJR,No,0,0.03551989136304425,Female,0,Yes,Yes,71,Two year,Fiber optic,Bank transfer (automatic),100.5,7030.65,Low
2982-VPSGI,Yes,1,0.7592667016535167,Female,0,Yes,No,11,Month-to-month,Fiber optic,Electronic check,94.0,1078.9,High
4658-HCOHW,Yes,0,0.4737955187097293,Female,0,Yes,Yes,21,Month-to-month,Fiber optic,Electronic check,102.8,2110.15,Medium
2632-IVXVF,No,0,0.03998486634419492,Female,0,Yes,Yes,68,Two year,Fiber optic,Credit card (automatic),111.75,7511.3,Low
6549-NNDYT,No,0,0.361909979156483,Female,0,No,No,13,Month-to-month,DSL,Bank transfer (automatic),30.85,394.1,Medium
0818-OCPZO,Yes,1,0.5607520390612182,Male,1,No,No,27,Month-to-month,Fiber optic,Electronic check,81.45,2122.05,Medium
3751-KTZEL,Yes,1,0.559656360076298,Female,0,No,No,1,Month-to-month,DSL,Mailed check,35.05,35.05,Medium
8129-GMVGI,No,0,0.003460778329010828,Female,0,Yes,Yes,56,Two year,No,Mailed check,20.05,1090.1,Low
5914-XRFQB,No,0,0.06249586195150703,Male,0,Yes,No,72,Two year,Fiber optic,Bank transfer (automatic),115.8,8424.9,Low
1963-SVUCV,Yes,0,0.42643870532872713,Male,0,No,No,1,Month-to-month,DSL,Electronic check,45.3,45.3,Medium
4710-FDUIZ,Yes,0,0.17069773145534664,Male,0,Yes,No,56,One year,Fiber optic,Credit card (automatic),100.3,5614.45,Low
6950-TWMYB,No,0,0.034676638554094454,Male,0,Yes,Yes,54,Two year,Fiber optic,Bank transfer (automatic),79.95,4362.05,Low
1110-KYLGQ,No,0,0.20568915438417604,Female,0,No,No,63,Month-to-month,Fiber optic,Credit card (automatic),108.25,6780.1,Low
8166-ZZTFS,Yes,0,0.052302271271411946,Female,1,Yes,No,66,Two year,DSL,Bank transfer (automatic),80.55,5265.1,Low
4115-BNPJY,No,0,0.041039294300095217,Male,0,Yes,Yes,29,Two year,DSL,Mailed check,75.55,2054.4,Low
2706-QZIHY,No,0,0.043898713605076044,Female,0,Yes,No,15,Two year,No,Mailed check,25.2,387.9,Low
5271-YNWVR,Yes,0,0.07352733520367906,Male,0,Yes,Yes,68,Two year,Fiber optic,Electronic check,113.15,7856.0,Low
8957-THMOA,No,0,0.004280718943934461,Female,0,No,Yes,50,Two year,No,Credit card (automatic),20.15,970.85,Low
0357-NVCRI,No,0,0.05461232369487768,Female,0,No,Yes,25,Month-to-month,No,Credit card (automatic),20.05,471.7,Low
7758-XKCBS,Yes,0,0.37768798786324387,Male,0,No,No,15,Month-to-month,DSL,Electronic check,29.7,438.25,Medium
6549-BTYPG,No,0,0.020554800257680528,Female,0,Yes,No,60,Two year,DSL,Credit card (automatic),60.8,3603.45,Low
4486-EFAEB,No,0,0.20156817488779244,Male,0,No,No,13,Month-to-month,No,Electronic check,20.4,251.65,Low
1891-UAWWU,Yes,1,0.6458182478076883,Female,1,Yes,No,20,Month-to-month,Fiber optic,Electronic check,90.8,1951.0,High
7242-EDTYC,No,0,0.005957288946077672,Male,0,No,Yes,44,Two year,No,Bank transfer (automatic),19.55,819.95,Low
8735-SDUFN,No,0,0.003336155670505466,Female,1,Yes,No,72,Two year,No,Bank transfer (automatic),24.3,1778.7,Low
3733-UOCWF,No,0,0.11016990179454457,Male,1,Yes,No,61,One year,Fiber optic,Bank transfer (automatic),85.55,5251.75,Low
6447-GORXK,No,0,0.14462577369652863,Male,0,No,Yes,31,Month-to-month,DSL,Credit card (automatic),25.0,789.2,Low
5175-AOBHI,Yes,0,0.4202929756063398,Female,0,No,No,4,Month-to-month,DSL,Mailed check,46.0,193.6,Medium
4132-KALRO,No,1,0.6410683563638467,Female,0,No,No,4,Month-to-month,Fiber optic,Mailed check,100.85,399.25,High
1247-QBVSH,No,0,0.06906976966859009,Female,0,Yes,Yes,43,Month-to-month,DSL,Mailed check,50.2,2169.4,Low
9885-MFVSU,No,0,0.03545692903406681,Female,0,Yes,Yes,35,Two year,DSL,Credit card (automatic),46.35,1662.05,Low
8109-YUOHE,No,0,0.08572848250509843,Male,0,No,No,17,One year,DSL,Mailed check,56.1,946.95,Low
6429-SHBCB,No,0,0.3477813041139519,Male,0,No,No,19,Month-to-month,DSL,Mailed check,69.6,1394.55,Medium
8050-DVOJX,No,0,0.022612238046420804,Male,1,No,No,49,Two year,DSL,Credit card (automatic),81.35,4060.9,Low
6905-NIQIN,Yes,0,0.32495451834015976,Male,0,No,No,1,Month-to-month,DSL,Mailed check,50.65,50.65,Medium
7401-JIXNM,No,0,0.01850220432038854,Female,0,Yes,Yes,54,Two year,DSL,Credit card (automatic),91.3,4965.0,Low
9046-DQMTP,No,0,0.04139319275528365,Male,0,No,No,35,Month-to-month,No,Bank transfer (automatic),20.75,739.9,Low
0550-DCXLH,No,0,0.22096635333668513,Male,0,No,No,13,Month-to-month,DSL,Mailed check,73.35,931.55,Low
3410-YOQBQ,No,0,0.04516895705867482,Female,0,No,No,31,Two year,DSL,Mailed check,79.2,2497.2,Low
9699-UBQFS,No,0,0.44441965155903723,Female,1,Yes,No,43,Month-to-month,Fiber optic,Electronic check,94.5,4156.8,Medium
1754-GKYPY,No,1,0.6010654747078347,Male,1,Yes,No,22,Month-to-month,Fiber optic,Bank transfer (automatic),89.75,1938.9,High
5808-TOTXO,No,0,0.12307324714754171,Female,0,No,Yes,3,One year,No,Credit card (automatic),20.55,57.4,Low
2823-LKABH,No,1,0.5114174828860252,Female,0,No,No,18,Month-to-month,Fiber optic,Bank transfer (automatic),95.05,1679.4,Medium
0771-WLCLA,No,1,0.5333503113205874,Female,0,Yes,Yes,16,Month-to-month,Fiber optic,Electronic check,112.95,1882.55,Medium
8990-ZXLSU,No,1,0.5415962672746367,Female,0,No,No,9,Month-to-month,Fiber optic,Electronic check,69.05,651.5,Medium
2167-FQSTQ,No,0,0.0282216798797474,Female,0,Yes,No,72,Two year,DSL,Electronic check,92.4,6786.1,Low
1324-NLTJE,Yes,0,0.2379203098930475,Female,1,No,No,15,Month-to-month,DSL,Credit card (automatic),55.0,757.1,Low
8378-LKJAF,No,0,0.469192767459171,Male,0,Yes,Yes,38,Month-to-month,Fiber optic,Credit card (automatic),101.15,3956.7,Medium
7850-THJMU,No,0,0.014875404064354834,Female,0,Yes,Yes,26,Two year,No,Credit card (automatic),19.65,494.9,Low
6956-SMUCM,Yes,1,0.5827791492689846,Female,0,No,No,3,Month-to-month,Fiber optic,Credit card (automatic),99.0,287.4,Medium
9773-PEQBZ,No,1,0.5556541821892214,Male,0,No,No,10,Month-to-month,Fiber optic,Electronic check,79.85,797.25,Medium
1010-DIAUQ,Yes,1,0.5878191150346413,Male,0,No,No,5,Month-to-month,Fiber optic,Bank transfer (automatic),96.5,492.55,Medium
5067-DGXLL,No,0,0.18803274239109288,Male,0,No,No,2,Month-to-month,No,Mailed check,20.25,36.8,Low
8756-RDDLT,No,0,0.049210852595708884,Female,0,No,No,68,Month-to-month,DSL,Electronic check,44.95,3085.35,Low
7868-TMWMZ,No,0,0.07471184226634608,Female,1,Yes,No,60,Two year,Fiber optic,Bank transfer (automatic),110.0,6668.35,Low
6855-VLGOS,No,0,0.0019592509164953536,Male,0,Yes,Yes,72,Two year,No,Electronic check,20.55,1432.55,Low
3217-FZDMN,Yes,1,0.6919880825653242,Female,1,No,No,8,Month-to-month,Fiber optic,Credit card (automatic),94.45,742.95,High
1456-TWCGB,No,0,0.29738517916613316,Male,0,No,No,4,Month-to-month,DSL,Mailed check,49.25,208.45,Low
2267-WTPYD,No,0,0.28519573605249005,Female,1,Yes,No,57,Month-to-month,Fiber optic,Credit card (automatic),94.0,5438.95,Low
4566-QVRRW,Yes,0,0.4209158061652423,Female,0,Yes,No,11,Month-to-month,DSL,Electronic check,44.05,483.7,Medium
0193-ESZXP,Yes,0,0.12490843154503621,Female,1,Yes,No,58,One year,Fiber optic,Credit card (automatic),105.5,6205.5,Low
8958-JPTRR,No,0,0.015065684631186967,Female,0,Yes,No,56,One year,No,Electronic check,24.3,1261.7,Low
2049-BAFNW,No,0,0.40197870353635856,Female,0,No,No,1,Month-to-month,DSL,Mailed check,35.9,35.9,Medium
2740-JFBOK,No,0,0.2772443516737694,Male,0,No,No,10,Month-to-month,No,Electronic check,24.0,226.55,Low
5325-UWTWJ,No,0,0.23516731843809166,Male,0,Yes,No,31,Month-to-month,Fiber optic,Credit card (automatic),90.55,2929.75,Low
8779-YIQQA,No,0,0.03813875199081664,Male,0,Yes,Yes,21,One year,No,Mailed check,19.8,350.1,Low
7814-LEEVE,No,0,0.27393601893885267,Female,0,Yes,No,1,Month-to-month,No,Bank transfer (automatic),20.3,20.3,Low
7408-OFWXJ,No,0,0.010577751198091935,Female,0,Yes,Yes,72,Two year,DSL,Credit card (automatic),89.8,6510.45,Low
0475-RIJEP,Yes,0,0.366443142477182,Male,0,No,No,43,Month-to-month,Fiber optic,Electronic check,77.85,3365.85,Medium
4735-ASGMA,Yes,1,0.658930216732084,Male,0,No,No,26,Month-to-month,Fiber optic,Electronic check,98.35,2515.3,High
1771-OADNZ,Yes,1,0.6342480409408817,Male,1,Yes,No,29,Month-to-month,Fiber optic,Electronic check,95.9,2745.2,High
5356-KZCKT,No,0,0.006490929151815105,Male,0,No,No,58,Two year,No,Credit card (automatic),24.45,1513.6,Low
9742-XOKTS,No,0,0.04566922631362,Male,0,Yes,Yes,67,One year,Fiber optic,Electronic check,89.55,6038.55,Low
1833-VGRUM,Yes,1,0.7853960767959978,Female,1,No,No,1,Month-to-month,Fiber optic,Electronic check,74.2,74.2,High
9099-FTUHS,No,0,0.22012141801520357,Female,0,No,No,23,Month-to-month,DSL,Electronic check,54.4,1249.25,Low
3373-DIUUN,No,0,0.01298578361180318,Male,0,Yes,Yes,30,Two year,No,Mailed check,21.25,711.9,Low
9546-CQJSU,Yes,1,0.7670024454333334,Female,0,No,No,2,Month-to-month,Fiber optic,Electronic check,91.4,193.6,High
4237-CLSMM,No,0,0.19043607076276395,Male,0,Yes,No,2,Month-to-month,No,Mailed check,20.0,38.0,Low
0254-WWRKD,No,0,0.013563646514866684,Female,0,Yes,Yes,67,One year,DSL,Credit card (automatic),50.55,3431.75,Low
2272-QAGFO,Yes,1,0.7030637888247673,Female,1,No,No,14,Month-to-month,Fiber optic,Electronic check,74.3,1096.25,High
6087-YPWHO,No,0,0.005361060589204762,Male,0,Yes,No,72,Two year,DSL,Mailed check,68.15,4808.7,Low
2252-NKNSI,No,0,0.024847760354453945,Male,0,No,Yes,52,Two year,DSL,Mailed check,85.15,4461.85,Low
5433-KYGHE,No,0,0.34157245847765777,Female,0,No,Yes,14,Month-to-month,Fiber optic,Mailed check,86.0,1164.05,Medium
6164-HXUGH,No,0,0.14627061027365587,Female,0,Yes,Yes,6,Month-to-month,No,Mailed check,19.85,119.3,Low
6894-LFHLY,Yes,1,0.7760979284983534,Male,1,No,No,1,Month-to-month,Fiber optic,Electronic check,75.75,75.75,High
8039-EQPIM,No,0,0.011382405545220454,Male,0,Yes,No,69,Two year,DSL,Bank transfer (automatic),60.25,4055.5,Low
8606-CIQUL,No,0,0.06081334014889799,Male,1,Yes,Yes,72,Two year,Fiber optic,Credit card (automatic),115.75,8399.15,Low
4343-EJVQB,No,0,0.3773197657124919,Male,0,No,No,7,Month-to-month,Fiber optic,Mailed check,74.35,533.6,Medium
0021-IKXGC,No,1,0.7842884330694491,Female,1,No,No,1,Month-to-month,Fiber optic,Electronic check,72.1,72.1,High
5380-XPJNZ,No,0,0.01990424678563133,Female,0,No,No,38,One year,No,Mailed check,20.05,678.2,Low
5955-EPOAZ,No,0,0.22062892627879988,Female,0,No,No,6,Month-to-month,No,Mailed check,20.95,109.5,Low
3489-HHPFY,No,1,0.763584032474667,Female,0,Yes,No,2,Month-to-month,Fiber optic,Electronic check,84.05,134.05,High
0794-YVSGE,No,0,0.001442881323694938,Male,0,Yes,Yes,72,Two year,No,Bank transfer (automatic),20.3,1401.15,Low
8711-LOBKY,No,0,0.002826866349474456,Male,0,Yes,Yes,59,Two year,No,Mailed check,19.85,1188.25,Low
6609-MXJHJ,No,0,0.025438820099256017,Female,0,Yes,Yes,30,Two year,No,Mailed check,25.1,789.55,Low
3489-VSFRD,No,0,0.020206574434505017,Female,0,No,No,56,One year,DSL,Credit card (automatic),60.25,3282.75,Low
8480-PPONV,No,0,0.04563499335396243,Male,0,Yes,Yes,62,Two year,Fiber optic,Bank transfer (automatic),115.55,7159.05,Low
8561-NMTBD,No,0,0.13487553119504397,Female,0,Yes,Yes,67,One year,Fiber optic,Credit card (automatic),112.35,7388.45,Low
5669-SRAIP,Yes,1,0.5934929093111259,Female,0,No,No,5,Month-to-month,DSL,Electronic check,39.5,210.75,Medium
2274-XUATA,No,0,0.01818018579020727,Male,1,Yes,No,72,Two year,DSL,Bank transfer (automatic),63.1,4685.55,Low
7673-LPRNY,No,0,0.2713284456897508,Female,0,No,No,23,One year,DSL,Electronic check,78.55,1843.05,Low
2003-CKLOR,Yes,0,0.2518822027943444,Male,0,No,No,66,Month-to-month,Fiber optic,Electronic check,99.5,6710.5,Low
0270-THENM,No,0,0.005039013399335204,Male,0,Yes,Yes,72,Two year,DSL,Bank transfer (automatic),69.85,5102.35,Low
3724-UCSHY,No,0,0.13906831867335506,Male,0,Yes,Yes,6,Month-to-month,No,Mailed check,19.55,122.9,Low
1469-LBJQJ,No,0,0.4167335975867864,Female,0,Yes,No,66,Month-to-month,Fiber optic,Electronic check,105.2,6936.85,Medium
3842-QTGDL,No,0,0.29389583086392423,Male,0,Yes,No,16,Month-to-month,Fiber optic,Bank transfer (automatic),80.75,1321.3,Low
5207-PLSTK,No,0,0.31152777637003864,Male,0,Yes,Yes,1,Month-to-month,DSL,Mailed check,48.75,48.75,Medium
2197-OMWGI,No,0,0.04459014959005904,Female,1,Yes,Yes,68,Two year,DSL,Electronic check,53.0,3656.25,Low
1925-GMVBW,No,0,0.16256257921036601,Female,0,No,No,5,Month-to-month,No,Credit card (automatic),20.55,96.1,Low
7998-WNZEM,No,0,0.009195085211983901,Male,0,No,No,71,Two year,DSL,Bank transfer (automatic),80.6,5708.2,Low
3571-DPYUH,No,0,0.09748513406863307,Male,0,Yes,Yes,58,One year,Fiber optic,Credit card (automatic),94.7,5430.35,Low
0840-DCNZE,No,0,0.055057988696561325,Male,0,No,No,47,One year,DSL,Bank transfer (automatic),86.95,4138.9,Low
3870-SPZSI,No,0,0.04856504339541304,Female,0,Yes,Yes,70,Two year,Fiber optic,Credit card (automatic),113.05,7869.05,Low
1194-BHJYC,No,0,0.023108424079898986,Male,0,Yes,No,61,Two year,DSL,Mailed check,62.15,3778.85,Low
5820-PTRYM,No,0,0.03638742486184531,Female,1,Yes,No,56,One year,DSL,Credit card (automatic),68.45,4014.0,Low
8993-IZEUX,No,0,0.4693340147048521,Male,0,No,No,7,Month-to-month,Fiber optic,Bank transfer (automatic),69.15,488.65,Medium
8217-QYOHV,No,0,0.22391692584769754,Male,0,No,No,5,Month-to-month,DSL,Mailed check,55.75,266.95,Low
4163-KIUHY,No,0,0.1005022629226106,Male,0,No,No,35,Month-to-month,No,Electronic check,25.6,901.25,Low
9494-BDNNC,No,0,0.1549145693532455,Male,0,Yes,No,66,One year,Fiber optic,Electronic check,95.3,6273.4,Low
3776-EKTKM,Yes,1,0.7457922590300402,Female,1,No,No,1,Month-to-month,DSL,Electronic check,36.45,36.45,High
3717-FDJFU,No,0,0.04354286470277561,Male,0,No,Yes,5,Two year,No,Mailed check,20.45,106.9,Low
5227-JSCFE,No,0,0.0059386577248999135,Male,1,Yes,No,71,Two year,DSL,Credit card (automatic),46.35,3353.4,Low
6463-MVYRY,No,0,0.0135042746885178,Female,1,No,No,57,Two year,DSL,Bank transfer (automatic),69.85,4003.0,Low
3978-YNKDD,No,0,0.020469160974822792,Male,0,No,Yes,19,Two year,No,Credit card (automatic),20.85,467.5,Low
7641-EUYET,Yes,0,0.37919231277974447,Male,1,Yes,Yes,46,Month-to-month,Fiber optic,Electronic check,100.7,4541.2,Medium
6235-VDHOM,Yes,1,0.5614872850437654,Female,1,No,No,5,Month-to-month,DSL,Electronic check,28.45,131.05,Medium
9853-JFZDU,No,0,0.09999367047240035,Female,0,Yes,No,35,Month-to-month,DSL,Electronic check,56.85,1861.1,Low
5699-BNCAS,No,0,0.004576619950994546,Male,1,No,No,71,Two year,No,Mailed check,24.65,1766.75,Low
0635-WKOLD,No,0,0.0562477190101153,Male,0,Yes,No,40,One year,DSL,Credit card (automatic),70.75,2921.75,Low
7951-QKZPL,Yes,0,0.02111747102661923,Female,0,Yes,Yes,33,Two year,No,Mailed check,24.5,740.3,Low
3452-SRFEG,No,0,0.2796884070203918,Male,0,No,No,49,Month-to-month,Fiber optic,Bank transfer (automatic),74.6,3720.35,Low
7089-RKVSZ,No,0,0.0940499052033049,Male,0,Yes,Yes,8,One year,No,Mailed check,24.4,203.95,Low
6374-NTQLP,No,0,0.04057798887145511,Male,1,Yes,Yes,72,Two year,Fiber optic,Credit card (automatic),104.1,7447.7,Low
2027-DNKIV,No,0,0.037264556779750206,Male,0,Yes,Yes,37,One year,DSL,Mailed check,58.75,2203.1,Low
9619-GSATL,No,0,0.04281811237948122,Female,0,No,No,43,One year,DSL,Electronic check,55.45,2444.25,Low
8969-PRHFK,No,0,0.05304680433351482,Male,0,No,No,18,One year,No,Mailed check,19.65,411.25,Low
9828-QHFBK,No,0,0.21812970613600763,Male,0,No,No,24,Month-to-month,DSL,Electronic check,51.15,1275.7,Low
8316-BBQAY,No,0,0.013066754224150143,Female,0,No,No,65,Two year,DSL,Credit card (automatic),59.95,3921.1,Low
4277-BWBML,No,0,0.0014069552479593237,Male,0,Yes,Yes,72,Two year,No,Bank transfer (automatic),19.95,1322.85,Low
9277-JOOMO,No,0,0.23296998601644656,Female,0,No,No,3,Month-to-month,No,Mailed check,24.6,86.35,Low
5213-TWWJU,No,0,0.35311661435843206,Male,0,No,No,28,Month-to-month,Fiber optic,Electronic check,91.0,2626.15,Medium
4647-XXZAM,No,0,0.2864988225040247,Female,0,Yes,Yes,6,Month-to-month,DSL,Mailed check,45.5,285.2,Low
0052-YNYOT,No,0,0.006302742826794538,Female,0,No,No,67,One year,No,Electronic check,20.55,1343.4,Low
8079-XRJRS,Yes,0,0.08454320406149374,Male,0,Yes,No,65,One year,Fiber optic,Electronic check,89.75,5769.6,Low
4154-AQUGT,Yes,0,0.4938921954705156,Male,1,Yes,No,13,Month-to-month,Fiber optic,Bank transfer (automatic),89.05,1169.35,Medium
5248-YGIJN,No,0,0.01595538689515148,Male,0,Yes,No,72,Two year,DSL,Credit card (automatic),90.25,6369.45,Low
2640-PMGFL,Yes,0,0.38496477151339753,Male,0,No,Yes,27,Month-to-month,Fiber optic,Electronic check,79.5,2180.55,Medium
2001-EWBQU,No,0,0.13613203109783495,Female,0,No,No,60,Two year,Fiber optic,Electronic check,104.7,6333.8,Low
5231-FIQPA,No,0,0.012374290764268329,Female,0,No,No,41,Two year,No,Mailed check,19.85,810.45,Low
1184-PJVDB,Yes,1,0.6503139246230388,Male,0,Yes,No,10,Month-to-month,Fiber optic,Electronic check,79.95,857.2,High
8183-ONMXC,Yes,1,0.6522080405398385,Female,0,No,No,2,Month-to-month,Fiber optic,Electronic check,80.75,159.45,High
7799-DSEWS,No,0,0.22703443474867216,Male,0,No,No,18,Month-to-month,DSL,Electronic check,68.35,1299.8,Low
2826-DXLQO,No,0,0.39472078930158333,Male,1,Yes,No,7,Month-to-month,DSL,Bank transfer (automatic),29.8,220.45,Medium
5835-BEQEU,Yes,1,0.7185070505533079,Male,0,No,No,3,Month-to-month,Fiber optic,Electronic check,76.95,228.4,High
0488-GSLFR,Yes,1,0.6898556969646337,Female,0,No,No,1,Month-to-month,Fiber optic,Electronic check,69.5,69.5,High
1552-TKMXS,No,0,0.028589166070162552,Female,0,Yes,No,42,Month-to-month,No,Credit card (automatic),20.35,869.9,Low
8645-KWHJO,No,1,0.5042390064300833,Male,0,No,No,14,Month-to-month,DSL,Electronic check,55.0,771.95,Medium
4075-JFPGR,No,0,0.16239061233474317,Female,0,Yes,No,51,One year,Fiber optic,Electronic check,93.5,4619.55,Low
7446-SFAOA,No,0,0.030733293774646266,Female,0,Yes,No,37,One year,No,Bank transfer (automatic),19.85,717.5,Low
6617-WLBQC,No,0,0.17499240087780615,Female,0,Yes,Yes,23,One year,Fiber optic,Credit card (automatic),81.85,1810.85,Low
4203-QGNZA,No,0,0.05100307746227922,Female,0,No,Yes,28,Month-to-month,No,Mailed check,20.25,535.35,Low
2150-OEGBV,No,0,0.03410764194114201,Male,0,No,No,27,One year,No,Bank transfer (automatic),20.1,562.6,Low
5047-LHVLY,Yes,0,0.4569972025685462,Male,1,No,Yes,1,Month-to-month,DSL,Mailed check,50.15,50.15,Medium
1125-SNVCK,No,0,0.07961310238702309,Female,1,No,No,49,Month-to-month,DSL,Mailed check,43.8,2106.05,Low
5961-VUSRV,No,0,0.10193591608632785,Female,0,No,No,12,One year,No,Bank transfer (automatic),19.35,219.35,Low
9237-HQITU,Yes,1,0.6836066407051047,Female,0,No,No,2,Month-to-month,Fiber optic,Electronic check,70.7,151.65,High
7291-CDTMJ,No,0,0.2588535829105271,Male,0,No,No,1,Month-to-month,No,Bank transfer (automatic),19.65,19.65,Low
8221-HVAYI,No,0,0.024148061806271985,Male,0,Yes,Yes,35,Two year,DSL,Credit card (automatic),69.15,2490.15,Low
7571-YXDAD,Yes,1,0.5710069920032522,Female,0,No,No,2,Month-to-month,Fiber optic,Credit card (automatic),74.9,147.15,Medium
9659-QEQSY,No,0,0.37212402929689403,Female,0,No,No,45,Month-to-month,Fiber optic,Electronic check,115.65,5125.5,Medium
5651-YLPRD,No,0,0.42273410615463136,Female,0,Yes,Yes,32,Month-to-month,Fiber optic,Electronic check,86.1,2723.75,Medium
5150-LJNSR,No,0,0.1925749049378347,Male,0,Yes,Yes,31,One year,Fiber optic,Bank transfer (automatic),98.05,3082.1,Low
6614-YOLAC,No,0,0.008016456613468585,Female,0,Yes,Yes,71,Two year,DSL,Mailed check,58.65,4145.25,Low
0023-HGHWL,Yes,1,0.7047660784069439,Male,1,No,No,1,Month-to-month,DSL,Electronic check,25.1,25.1,High
3224-DFQNQ,No,0,0.05742843244152023,Female,0,Yes,No,66,One year,Fiber optic,Electronic check,89.0,5898.6,Low
9564-KCLHR,Yes,0,0.26032028710224675,Male,0,No,No,1,Month-to-month,DSL,Mailed check,51.25,51.25,Low
5968-VXZLG,No,0,0.42929780618435165,Male,0,No,No,2,Month-to-month,DSL,Bank transfer (automatic),46.6,87.9,Medium
4455-BFSPD,No,0,0.1427445123654398,Female,0,Yes,No,61,One year,Fiber optic,Bank transfer (automatic),101.15,6383.9,Low
7267-FRMJW,No,0,0.01703212330878903,Female,0,Yes,Yes,25,Two year,No,Mailed check,20.1,486.05,Low
0958-YHXGP,No,1,0.5691839640757451,Female,0,No,No,7,Month-to-month,Fiber optic,Mailed check,69.9,497.3,Medium
8648-PFRMP,No,1,0.6737554260012608,Female,1,No,No,14,Month-to-month,DSL,Electronic check,46.35,672.7,High
2190-PHBHR,No,0,0.051384164351773724,Female,0,Yes,No,72,Two year,Fiber optic,Credit card (automatic),94.45,6921.7,Low
1174-FGIFN,No,0,0.32089603364336416,Female,0,Yes,Yes,28,One year,Fiber optic,Electronic check,90.45,2509.25,Medium
8328-SKJNO,No,0,0.06094877040177899,Male,0,No,Yes,23,One year,DSL,Bank transfer (automatic),40.65,947.4,Low
7495-OOKFY,Yes,1,0.6380789279411107,Female,1,Yes,No,8,Month-to-month,Fiber optic,Credit card (automatic),80.65,633.3,High
3675-EQOZA,No,0,0.1670808475908839,Male,0,No,No,5,Month-to-month,No,Bank transfer (automatic),20.65,93.55,Low
8857-CUPFQ,No,0,0.0026933191864196926,Male,0,Yes,No,63,Two year,No,Mailed check,19.25,1237.65,Low
7950-XWOVN,No,0,0.3507421185609897,Male,0,No,No,11,Month-to-month,DSL,Mailed check,34.7,383.55,Medium
1472-TNCWL,No,0,0.456796272181884,Male,0,No,Yes,36,Month-to-month,Fiber optic,Electronic check,94.7,3512.5,Medium
9029-FEGVJ,No,0,0.4125772090729533,Female,1,Yes,No,32,Month-to-month,Fiber optic,Mailed check,79.3,2570.0,Medium
9985-MWVIX,Yes,1,0.6210835607731958,Female,0,No,No,1,Month-to-month,Fiber optic,Mailed check,70.15,70.15,High
7109-CQYUZ,No,0,0.03125075405153291,Male,0,No,No,52,Two year,DSL,Mailed check,89.25,4652.4,Low
4782-OSFXZ,No,0,0.01850500555362415,Female,1,Yes,No,71,Two year,DSL,Bank transfer (automatic),82.7,5831.2,Low
6425-YQLLO,Yes,0,0.19903913773165258,Female,1,Yes,No,66,One year,Fiber optic,Credit card (automatic),105.95,6975.25,Low
8242-PDSGJ,No,0,0.0064605780479917545,Male,0,Yes,No,70,Two year,DSL,Credit card (automatic),39.15,2692.75,Low
6196-HBOBZ,No,0,0.08209622396545686,Male,0,Yes,No,65,Two year,Fiber optic,Electronic check,99.35,6347.55,Low
5578-NKCXI,No,0,0.08506944683342746,Female,0,Yes,Yes,58,One year,Fiber optic,Credit card (automatic),99.25,5846.65,Low
6110-OHIHY,Yes,1,0.6168527577865733,Male,0,No,No,3,Month-to-month,Fiber optic,Electronic check,79.25,267.6,High
2342-CKIAO,No,0,0.19747133718149223,Female,0,No,No,2,Month-to-month,No,Mailed check,20.3,41.2,Low
9762-YAQAA,No,0,0.15475453348662813,Male,0,No,No,39,One year,Fiber optic,Credit card (automatic),81.4,3213.75,Low
9286-DOJGF,Yes,0,0.43639639606624364,Female,1,Yes,No,38,Month-to-month,Fiber optic,Bank transfer (automatic),74.95,2869.85,Medium
7521-YXVZY,No,0,0.15652809596153838,Male,0,No,Yes,3,Month-to-month,No,Mailed check,19.95,58.3,Low
7353-YOWFP,No,0,0.0934744709118966,Female,0,No,No,7,One year,No,Mailed check,20.25,129.15,Low
2034-GDRCN,Yes,1,0.7537861520326731,Female,0,No,No,2,Month-to-month,Fiber optic,Electronic check,90.4,168.2,High
7338-ERIVA,No,0,0.041821948549138344,Male,0,No,Yes,39,One year,DSL,Bank transfer (automatic),45.05,1790.6,Low
7839-QRKXN,Yes,0,0.26847489425817195,Female,0,No,No,1,Month-to-month,No,Mailed check,20.2,20.2,Low
3372-KWFBM,Yes,1,0.7089810153697679,Male,1,No,No,16,Month-to-month,Fiber optic,Electronic check,86.6,1281.0,High
5474-LAMUQ,No,0,0.04015203944204935,Male,0,Yes,No,24,One year,No,Mailed check,20.1,533.9,Low
9095-HFAFX,Yes,1,0.6040923496861458,Female,0,No,No,5,Month-to-month,Fiber optic,Credit card (automatic),81.0,389.6,High
6510-UPNKS,No,0,0.05348372666990573,Female,0,No,No,23,One year,No,Credit card (automatic),24.8,615.35,Low
3346-BRMIS,Yes,1,0.6350563382936356,Female,1,Yes,No,18,Month-to-month,DSL,Electronic check,48.35,810.7,High
9465-RWMXL,Yes,0,0.49092024035154525,Male,0,Yes,No,32,Month-to-month,Fiber optic,Electronic check,78.9,2447.95,Medium
3807-XHCJH,No,0,0.2318727623593188,Female,0,Yes,Yes,1,Month-to-month,No,Electronic check,20.0,20.0,Low
8761-NSOBC,Yes,0,0.272122759579672,Male,0,No,No,44,Month-to-month,Fiber optic,Electronic check,100.55,4398.15,Low
6181-AXXYF,No,0,0.001955058356074703,Male,0,Yes,Yes,72,Two year,No,Credit card (automatic),24.75,1859.1,Low
3669-WHAFY,No,0,0.05771046652385325,Female,0,Yes,No,71,Two year,Fiber optic,Credit card (automatic),115.15,8078.1,Low
5569-KGJHX,Yes,1,0.6219528517184749,Female,0,Yes,Yes,9,Month-to-month,Fiber optic,Bank transfer (automatic),85.35,754.65,High
3845-JHAMY,No,0,0.41274007838261567,Female,0,Yes,Yes,16,Month-to-month,DSL,Credit card (automatic),35.5,552.7,Medium
1810-MVMAI,No,0,0.09795186507333631,Male,0,Yes,Yes,30,Month-to-month,DSL,Electronic check,67.6,2000.2,Low
7748-UMTRK,No,1,0.5629750011383153,Female,1,No,Yes,30,Month-to-month,Fiber optic,Electronic check,101.3,2974.5,Medium
5018-GWURO,No,0,0.31711654367004555,Female,0,Yes,No,56,Month-to-month,Fiber optic,Bank transfer (automatic),85.6,4902.8,Medium
2729-VNVAP,No,0,0.01043155738262534,Female,0,Yes,Yes,33,Two year,No,Credit card (automatic),19.8,641.35,Low
6745-JEFZB,No,0,0.34025047039922474,Male,0,Yes,No,35,Month-to-month,Fiber optic,Credit card (automatic),91.5,3236.35,Medium
1200-TUZHR,No,1,0.719796051228483,Female,1,No,No,8,Month-to-month,Fiber optic,Electronic check,85.2,695.75,High
9894-EZEWG,Yes,1,0.5699999573360638,Female,0,No,No,1,Month-to-month,Fiber optic,Credit card (automatic),74.3,74.3,Medium
1685-BQULA,No,0,0.4161889700845179,Female,0,No,No,40,Month-to-month,Fiber optic,Bank transfer (automatic),93.4,3756.4,Medium
4828-FAZPK,No,0,0.4721237765192314,Female,0,Yes,Yes,16,Month-to-month,Fiber optic,Credit card (automatic),79.95,1267.95,Medium
6766-HFKLA,No,0,0.08330662817860468,Female,0,Yes,No,56,Two year,Fiber optic,Bank transfer (automatic),103.2,5744.35,Low
6507-DTJZV,No,0,0.2773120414921942,Male,0,No,Yes,13,Month-to-month,DSL,Credit card (automatic),66.4,831.75,Low
3926-CUQZX,Yes,0,0.43922257811687376,Male,0,No,No,1,Month-to-month,DSL,Bank transfer (automatic),45.1,45.1,Medium
6303-KFWSL,No,0,0.18207057873803603,Female,0,No,No,29,One year,DSL,Electronic check,55.25,1620.2,Low
8690-UPCZI,No,0,0.05652664924483457,Male,0,Yes,Yes,29,One year,DSL,Bank transfer (automatic),69.05,1958.45,Low
9809-IMGCQ,Yes,1,0.7303619325991554,Male,1,No,No,22,Month-to-month,Fiber optic,Electronic check,96.7,2082.95,High
0374-AACSZ,No,0,0.35036334494595117,Female,0,No,No,1,Month-to-month,DSL,Electronic check,50.15,50.15,Medium
1577-HKTFG,Yes,0,0.05695085807461912,Female,0,Yes,No,30,Month-to-month,No,Bank transfer (automatic),19.65,655.85,Low
7548-SEPYI,Yes,1,0.7159210860658121,Female,0,No,No,5,Month-to-month,Fiber optic,Electronic check,96.25,512.45,High
5366-IJEQJ,Yes,1,0.6384593487600768,Male,0,No,No,20,Month-to-month,Fiber optic,Electronic check,88.7,1761.45,High
8189-DUKMV,No,0,0.11048603409620199,Female,0,Yes,No,4,One year,No,Bank transfer (automatic),20.5,79.05,Low
6465-GSRCL,No,0,0.13721246018722646,Female,0,No,Yes,67,One year,Fiber optic,Bank transfer (automatic),106.6,7244.7,Low
3108-PCCGG,No,0,0.019221014144305437,Male,1,Yes,No,72,Two year,DSL,Credit card (automatic),84.45,5899.85,Low
6242-MBHPK,No,1,0.6098929898723348,Female,1,Yes,No,23,Month-to-month,Fiber optic,Electronic check,95.1,2326.05,High
2754-SDJRD,No,1,0.660175502179105,Female,1,No,No,8,Month-to-month,Fiber optic,Credit card (automatic),100.15,908.55,High
1213-NGCUN,Yes,0,0.29900128487952504,Female,0,No,No,6,Month-to-month,DSL,Bank transfer (automatic),49.65,267.35,Low
0334-GDDSO,Yes,1,0.740376165624649,Male,1,No,No,3,Month-to-month,Fiber optic,Electronic check,81.35,233.7,High
5915-ANOEI,No,0,0.008668304634951886,Male,0,Yes,No,70,Two year,DSL,Mailed check,79.15,5536.5,Low
6625-UTXEW,No,0,0.3867644793043709,Female,0,Yes,No,12,Month-to-month,DSL,Electronic check,51.25,612.1,Medium
9168-INPSZ,No,0,0.4390233757874764,Female,1,Yes,No,44,Month-to-month,Fiber optic,Electronic check,104.15,4495.65,Medium
6637-KYRCV,No,1,0.5544265505122937,Female,0,Yes,Yes,5,Month-to-month,DSL,Electronic check,30.5,167.2,Medium
1984-FCOWB,Yes,0,0.198827126077319,Female,0,Yes,No,70,One year,Fiber optic,Electronic check,109.5,7674.55,Low
5278-PNYOX,No,0,0.06867338045514514,Female,0,No,No,49,Two year,Fiber optic,Credit card (automatic),100.65,4917.75,Low
4510-PYUSH,Yes,0,0.11915625939001684,Female,1,No,No,38,Month-to-month,DSL,Credit card (automatic),57.15,2250.65,Low
0362-RAOQO,No,0,0.008610630643292223,Female,0,No,No,40,Two year,No,Credit card (automatic),19.65,830.25,Low
9254-RBFON,Yes,0,0.246224187589438,Female,0,Yes,Yes,17,One year,Fiber optic,Bank transfer (automatic),98.6,1704.95,Low
9030-QGZNL,No,0,0.046686074044611496,Female,0,No,No,8,Two year,No,Mailed check,20.85,161.65,Low
5318-YKDPV,No,0,0.02632001727645212,Male,0,Yes,Yes,43,Two year,DSL,Credit card (automatic),79.15,3566.6,Low
5501-TVMGM,No,1,0.564578248265229,Male,0,No,No,1,Month-to-month,DSL,Electronic check,55.25,55.25,Medium
4822-YCXMX,Yes,1,0.6045808313837884,Male,0,No,No,25,Month-to-month,Fiber optic,Electronic check,84.8,2043.45,High
5917-HBSDW,No,0,0.04403701400647664,Female,0,Yes,Yes,37,Month-to-month,No,Electronic check,19.35,683.75,Low
4079-WWQQQ,No,0,0.014754832119865668,Male,0,No,No,72,Two year,DSL,Bank transfer (automatic),65.55,4807.45,Low
0946-FKYTX,No,0,0.03838137882443305,Male,0,No,No,52,One year,DSL,Mailed check,30.1,1623.4,Low
9000-PLFUZ,No,0,0.04484818910647311,Female,1,Yes,No,60,Two year,DSL,Credit card (automatic),49.45,2907.55,Low
5656-JAMLX,No,0,0.0028589762594688458,Male,0,No,No,62,Two year,No,Bank transfer (automatic),19.85,1253.65,Low
1567-DSCIC,Yes,1,0.6959292232869142,Male,0,No,No,8,Month-to-month,Fiber optic,Electronic check,94.0,773.65,High
2400-FEQME,No,0,0.0035558941506921137,Male,0,Yes,Yes,55,Two year,No,Mailed check,20.5,1177.95,Low
5996-EBTKM,No,0,0.017584493321179777,Female,0,Yes,Yes,67,Two year,DSL,Bank transfer (automatic),69.9,4615.9,Low
4652-ODEVH,No,0,0.007914679283302837,Male,0,Yes,Yes,45,Two year,No,Mailed check,24.45,1088.25,Low
0868-VJRDR,No,0,0.04020694083473556,Male,0,Yes,No,64,Two year,Fiber optic,Credit card (automatic),104.05,6605.55,Low
3096-IZETN,Yes,0,0.4976562943392681,Female,0,No,No,12,Month-to-month,Fiber optic,Bank transfer (automatic),78.1,947.3,Medium
6952-OMNWB,No,0,0.21583441508057313,Male,1,Yes,No,68,Month-to-month,Fiber optic,Credit card (automatic),80.35,5589.3,Low
6680-WKXRZ,Yes,1,0.5842985813623409,Female,0,No,No,3,Month-to-month,Fiber optic,Bank transfer (automatic),74.4,215.8,Medium
5061-PBXFW,No,0,0.05363174934220231,Female,0,Yes,Yes,32,Month-to-month,DSL,Bank transfer (automatic),61.4,1864.65,Low
1925-LFCZZ,No,0,0.1231882101832155,Male,1,No,No,55,One year,DSL,Bank transfer (automatic),50.05,2743.45,Low
0174-QRVVY,No,0,0.002067415597174361,Male,0,Yes,Yes,71,Two year,No,Credit card (automatic),25.35,1847.55,Low
6711-VTNRE,Yes,0,0.3704685073428166,Female,0,No,No,36,Month-to-month,Fiber optic,Electronic check,87.55,3078.1,Medium
5349-AZPEW,No,0,0.42027811617154925,Female,0,Yes,Yes,5,Month-to-month,DSL,Mailed check,25.05,125.5,Medium
6713-OKOMC,No,0,0.31321514706368503,Female,0,No,No,10,Month-to-month,DSL,Mailed check,29.75,301.9,Medium
3396-DKDEL,No,0,0.054624390510304946,Female,0,Yes,Yes,70,Two year,Fiber optic,Credit card (automatic),115.15,8250.0,Low
5074-FBGHB,No,0,0.16482410662419666,Male,0,No,No,64,One year,Fiber optic,Credit card (automatic),104.65,6889.8,Low
0107-WESLM,Yes,0,0.319665862026446,Male,0,No,No,1,Month-to-month,No,Electronic check,19.85,19.85,Medium
6518-PPLMZ,No,0,0.005512778702779749,Male,0,Yes,Yes,53,Two year,No,Mailed check,19.4,1110.35,Low
1202-KKGFU,No,0,0.1438726366847091,Female,0,Yes,No,12,Month-to-month,DSL,Bank transfer (automatic),54.2,690.5,Low
7469-LKBCI,No,0,0.027276583607420548,Male,0,No,No,16,Two year,No,Credit card (automatic),18.95,326.8,Low
6917-FIJHC,No,0,0.0036872428689494817,Female,0,Yes,No,72,Two year,No,Mailed check,26.0,1776.0,Low
4860-IJUDE,No,0,0.3890531905479028,Male,0,No,No,13,Month-to-month,Fiber optic,Credit card (automatic),73.75,956.65,Medium
2542-HYGIQ,No,0,0.19262570641614624,Female,0,No,No,1,Month-to-month,No,Credit card (automatic),19.95,19.95,Low
8735-DCXNF,No,0,0.18149188504019,Male,0,Yes,No,10,Month-to-month,DSL,Credit card (automatic),54.95,568.85,Low
7101-HRBLJ,No,0,0.011152945947534056,Female,0,Yes,Yes,72,Two year,DSL,Bank transfer (automatic),83.7,6096.9,Low
1088-CNNKB,No,0,0.0218055309046649,Male,0,Yes,No,63,One year,DSL,Credit card (automatic),80.0,5040.2,Low
3758-CKOQL,No,0,0.10610569192447379,Female,0,Yes,No,59,One year,Fiber optic,Credit card (automatic),107.0,6152.3,Low
8845-LWKGE,No,0,0.11665573461328363,Female,0,Yes,Yes,30,One year,DSL,Electronic check,64.5,1985.15,Low
4227-OJHAL,No,0,0.03101622275406382,Female,0,Yes,Yes,68,One year,DSL,Credit card (automatic),73.0,5163.0,Low
4194-WHFCB,No,0,0.1966537957626359,Female,0,Yes,Yes,59,Month-to-month,Fiber optic,Bank transfer (automatic),96.65,5580.8,Low
1635-NZATJ,No,0,0.003058562579634667,Male,1,Yes,No,71,Two year,No,Credit card (automatic),25.45,1789.65,Low
7504-UWHNB,No,0,0.3816555197806476,Male,0,No,No,25,Month-to-month,Fiber optic,Electronic check,69.75,1729.35,Medium
5174-RNGBH,Yes,0,0.22061657544374344,Female,0,No,No,9,Month-to-month,DSL,Mailed check,66.25,620.55,Low
9932-WBWIK,No,0,0.12694903639742972,Male,0,No,No,11,Month-to-month,No,Mailed check,20.35,215.25,Low
9435-JMLSX,No,0,0.0130505583904027,Male,0,Yes,No,71,Two year,DSL,Bank transfer (automatic),86.1,6045.9,Low
1552-AAGRX,No,0,0.3163837285607604,Female,0,No,No,30,Month-to-month,Fiber optic,Bank transfer (automatic),106.4,3211.9,Medium
8292-FRFZQ,No,0,0.03925993205541038,Female,0,No,No,39,One year,DSL,Bank transfer (automatic),41.15,1700.9,Low
2368-GAKKQ,No,0,0.06263560263136567,Female,0,No,No,70,Two year,Fiber optic,Bank transfer (automatic),113.65,7939.25,Low
7279-BUYWN,Yes,1,0.5662317510478059,Female,1,No,No,41,Month-to-month,Fiber optic,Electronic check,113.2,4689.5,Medium
2911-UREFD,Yes,0,0.23154275799950289,Female,0,Yes,No,39,Month-to-month,DSL,Electronic check,55.9,2184.35,Low
4933-BSAIP,No,0,0.009321879349618993,Female,0,Yes,No,40,Two year,No,Mailed check,19.1,780.1,Low
0264-CNITK,No,0,0.0016150664500877124,Female,0,Yes,Yes,71,Two year,No,Bank transfer (automatic),20.1,1389.6,Low
6480-YAGIY,No,0,0.09903210309213854,Male,0,No,No,45,One year,Fiber optic,Credit card (automatic),112.2,5031.85,Low
0867-MKZVY,Yes,0,0.4309870612522951,Female,0,Yes,No,20,Month-to-month,Fiber optic,Electronic check,82.4,1592.35,Medium
4079-ULGFR,No,0,0.09976173689274427,Male,0,No,No,16,Month-to-month,No,Mailed check,20.0,275.7,Low
7657-DYEPJ,Yes,0,0.0751343238980977,Male,1,No,No,38,One year,DSL,Credit card (automatic),70.15,2497.35,Low
5274-XHAKY,No,0,0.2898914939296409,Female,0,Yes,Yes,41,Month-to-month,Fiber optic,Bank transfer (automatic),94.3,3893.6,Low
2181-UAESM,No,0,0.3300804502948904,Male,0,No,No,2,Month-to-month,DSL,Electronic check,53.45,119.5,Medium
2081-VEYEH,No,1,0.6202214906951101,Male,0,No,No,3,Month-to-month,Fiber optic,Electronic check,107.95,318.6,High
7384-GHBPI,Yes,1,0.6807445172946784,Male,0,Yes,No,3,Month-to-month,DSL,Electronic check,35.15,99.75,High
1045-LTCYT,No,0,0.12440237646733354,Female,0,Yes,Yes,8,Month-to-month,No,Credit card (automatic),21.05,139.75,Low
5624-RYAMH,No,0,0.24769993363855713,Female,0,No,No,9,Month-to-month,No,Electronic check,19.5,178.85,Low
0415-MOSGF,Yes,0,0.36647552464074373,Female,0,No,No,1,Month-to-month,DSL,Mailed check,44.4,44.4,Medium
1741-WTPON,No,0,0.05281250248824777,Male,0,Yes,Yes,56,Two year,Fiber optic,Mailed check,115.85,6567.9,Low
4827-DPADN,No,0,0.016042781243061056,Female,0,Yes,Yes,72,Two year,DSL,Bank transfer (automatic),83.3,6042.7,Low
5701-YVSVF,No,1,0.6032041041911292,Female,1,Yes,No,11,Month-to-month,Fiber optic,Electronic check,82.9,880.05,High
7159-FVYPK,No,0,0.46952575501084487,Female,0,Yes,Yes,3,Month-to-month,DSL,Bank transfer (automatic),69.15,235.0,Medium
1902-XBTFB,Yes,0,0.4933656857764223,Male,0,No,Yes,22,Month-to-month,Fiber optic,Electronic check,89.4,2001.5,Medium
7694-VLBWQ,Yes,0,0.20096508758463646,Male,0,Yes,No,67,One year,Fiber optic,Electronic check,104.1,7040.85,Low
0746-JTRFU,Yes,1,0.6412607046233217,Male,0,No,No,2,Month-to-month,DSL,Electronic check,25.05,56.35,High
0973-KYVNF,No,0,0.009306104869607267,Female,0,Yes,Yes,72,Two year,DSL,Credit card (automatic),70.65,5011.15,Low
0422-UXFAP,No,0,0.3622350800964653,Female,0,Yes,No,51,One year,Fiber optic,Electronic check,98.85,4947.55,Medium
5529-GIBVH,No,0,0.006681000838820058,Female,0,No,No,47,Two year,No,Mailed check,20.15,1046.2,Low
2292-XQWSV,No,0,0.07484896066853076,Male,0,Yes,Yes,40,One year,DSL,Mailed check,60.3,2448.5,Low
4360-QRAVE,No,0,0.2178311113409735,Male,1,No,No,37,Month-to-month,DSL,Electronic check,36.65,1315.0,Low
6177-PEVRA,No,0,0.012583526789248055,Female,0,No,No,48,Two year,DSL,Credit card (automatic),55.5,2627.35,Low
4114-QMKVN,No,0,0.03343882115075398,Female,0,Yes,Yes,56,One year,DSL,Bank transfer (automatic),68.75,3815.4,Low
2080-CAZNM,No,1,0.6141826889728812,Female,1,No,No,41,Month-to-month,Fiber optic,Electronic check,104.4,4133.95,High
8292-ITGYJ,No,0,0.01218044834667408,Female,0,Yes,Yes,45,Two year,No,Bank transfer (automatic),24.65,1138.8,Low
7203-OYKCT,No,0,0.2353098870360836,Male,0,No,No,72,One year,Fiber optic,Electronic check,104.95,7544.3,Low
2428-ZMCTB,No,0,0.12397010134793413,Male,0,No,No,10,Month-to-month,No,Credit card (automatic),19.75,208.25,Low
9948-YPTDG,Yes,0,0.2719725824873898,Male,0,Yes,No,38,Month-to-month,Fiber optic,Electronic check,79.45,3013.05,Low
8548-AWOFC,No,0,0.061601841305660536,Male,0,Yes,No,66,Month-to-month,DSL,Electronic check,63.85,4264.6,Low
8331-ZXFOE,No,0,0.027832952949988596,Female,0,No,No,58,One year,DSL,Credit card (automatic),71.1,4299.2,Low
7718-UPSKJ,No,0,0.07602893886711276,Female,0,Yes,No,69,One year,Fiber optic,Credit card (automatic),106.4,7251.9,Low
9158-VCTQB,Yes,0,0.3226158718337662,Female,0,Yes,No,41,Month-to-month,Fiber optic,Bank transfer (automatic),113.6,4594.95,Medium
2316-ESMLS,No,0,0.10449489569708967,Female,0,Yes,Yes,12,One year,DSL,Credit card (automatic),33.15,444.75,Low
2235-EZAIK,No,0,0.007255411769664319,Female,0,Yes,No,72,Two year,DSL,Credit card (automatic),79.2,5401.9,Low
6080-TCMYC,No,0,0.40116004513734954,Male,0,Yes,Yes,40,Month-to-month,Fiber optic,Electronic check,81.2,3292.3,Medium
8033-VCZGH,No,0,0.2973318728141818,Male,0,Yes,No,50,One year,Fiber optic,Electronic check,103.95,5231.3,Low
7410-KTVFV,Yes,0,0.27747595139376674,Male,0,Yes,No,18,Month-to-month,DSL,Mailed check,49.55,878.35,Low
1356-MKYSK,No,0,0.21158063594902488,Male,0,No,No,6,Month-to-month,DSL,Credit card (automatic),78.65,483.3,Low
5906-BFOZT,No,0,0.2565980318488391,Male,0,No,No,1,Month-to-month,No,Mailed check,19.5,19.5,Low
1761-AEZZR,Yes,1,0.7074953435670179,Male,0,No,No,1,Month-to-month,Fiber optic,Electronic check,79.55,79.55,High
5373-SFODM,Yes,0,0.4987823529560288,Male,1,Yes,No,36,Month-to-month,Fiber optic,Credit card (automatic),85.25,3132.75,Medium
2672-HUYVI,Yes,1,0.7267743847716304,Female,0,No,No,6,Month-to-month,Fiber optic,Electronic check,91.1,455.3,High
2276-YDAVZ,Yes,1,0.6492251534363863,Female,0,No,No,3,Month-to-month,Fiber optic,Credit card (automatic),75.1,270.7,High
7020-OZKXZ,No,1,0.5072140305137947,Female,1,No,No,9,Month-to-month,Fiber optic,Credit card (automatic),75.5,637.4,Medium
8710-YGLWG,No,0,0.4362822069090392,Male,0,No,No,1,Month-to-month,DSL,Mailed check,44.9,44.9,Medium
8637-XJIVR,Yes,1,0.5749699800881097,Female,0,No,No,12,Month-to-month,Fiber optic,Electronic check,78.95,927.35,Medium
4081-DYXAV,Yes,0,0.3236930310363705,Female,0,No,No,19,One year,DSL,Credit card (automatic),44.85,893.55,Medium
3376-BMGFE,Yes,1,0.5979177227663987,Female,0,No,No,4,Month-to-month,Fiber optic,Bank transfer (automatic),70.9,273.0,Medium
5577-OTWWW,Yes,0,0.1124941689349936,Female,0,No,No,15,Month-to-month,No,Bank transfer (automatic),19.75,297.3,Low
0708-LGSMF,No,0,0.4305674226428788,Male,0,Yes,No,13,Month-to-month,DSL,Electronic check,65.85,902.25,Medium
6633-SYEUS,No,0,0.2536517062299132,Female,0,No,No,23,Month-to-month,Fiber optic,Bank transfer (automatic),83.2,2032.3,Low
1972-XMUWV,No,0,0.011984190665479977,Female,0,Yes,No,65,Two year,DSL,Credit card (automatic),59.8,3808.2,Low
5759-RCVCB,Yes,1,0.5003382575864209,Female,0,No,No,3,Month-to-month,DSL,Credit card (automatic),35.2,108.95,Medium
3566-CAAYU,No,0,0.015665331554456523,Female,0,Yes,Yes,64,Two year,DSL,Electronic check,49.85,3210.35,Low
6439-PKTRR,No,0,0.010850163640334917,Female,0,Yes,Yes,70,Two year,DSL,Electronic check,80.7,5617.95,Low
9845-PEEKO,No,0,0.07693902977668522,Female,1,No,No,59,Two year,Fiber optic,Credit card (automatic),79.2,4590.35,Low
0032-PGELS,Yes,0,0.38030711224520275,Female,0,Yes,Yes,1,Month-to-month,DSL,Bank transfer (automatic),30.5,30.5,Medium
9750-BOOHV,No,0,0.07791862663291349,Female,0,No,No,32,One year,DSL,Mailed check,30.15,927.65,Low
1177-XZBJL,No,0,0.01801465818805731,Male,0,Yes,Yes,53,One year,DSL,Bank transfer (automatic),64.15,3491.55,Low
6574-MCOEH,No,0,0.1723720054394505,Female,0,Yes,Yes,33,One year,DSL,Electronic check,79.15,2531.4,Low
4471-KXAUH,Yes,0,0.3437706256252777,Female,0,Yes,No,42,Month-to-month,Fiber optic,Electronic check,84.3,3588.4,Medium
9746-YKGXB,No,0,0.03916446850038265,Male,0,Yes,Yes,52,One year,DSL,Bank transfer (automatic),44.25,2276.1,Low
4115-NZRKS,No,1,0.7672344744673225,Female,1,No,No,7,Month-to-month,Fiber optic,Electronic check,89.15,574.35,High
5893-PYOLZ,No,0,0.025303696335882492,Male,0,No,No,56,Two year,DSL,Credit card (automatic),81.8,4534.45,Low
9505-SQFSW,No,0,0.4648345729511683,Female,0,Yes,Yes,3,Month-to-month,DSL,Mailed check,40.3,92.5,Medium
4116-TZAQJ,Yes,0,0.4359960725016276,Female,0,No,No,9,Month-to-month,Fiber optic,Credit card (automatic),74.25,639.65,Medium
3074-GQWYX,Yes,1,0.6370146840410377,Male,0,No,No,5,Month-to-month,Fiber optic,Bank transfer (automatic),75.9,357.75,High
9050-IKDZA,No,1,0.6226069986778845,Female,1,No,No,2,Month-to-month,Fiber optic,Mailed check,81.5,162.55,High
2782-JEEBU,No,0,0.23606058747288625,Male,0,No,No,21,Month-to-month,DSL,Mailed check,36.0,780.15,Low
7217-JYHOQ,No,0,0.11324703288754459,Male,0,Yes,Yes,24,Month-to-month,DSL,Credit card (automatic),70.3,1706.45,Low
9633-DENPU,No,0,0.11959313730130831,Female,0,Yes,No,47,Month-to-month,DSL,Bank transfer (automatic),58.6,2723.4,Low
6994-KERXL,No,1,0.5361202106165879,Male,0,No,No,4,Month-to-month,DSL,Electronic check,55.9,238.5,Medium
8086-OVPWV,Yes,1,0.7157469201344843,Male,0,No,No,2,Month-to-month,Fiber optic,Electronic check,80.2,181.1,High
0487-VVUVK,No,0,0.0783250421990598,Male,0,Yes,Yes,25,Month-to-month,No,Mailed check,19.15,477.6,Low
9961-JBNMK,Yes,1,0.6214830032629658,Male,1,No,No,21,Month-to-month,Fiber optic,Bank transfer (automatic),96.8,2030.3,High
1809-DMJHQ,Yes,0,0.29135034889878664,Female,0,No,Yes,5,Month-to-month,DSL,Mailed check,46.0,221.7,Low
6288-CHQJB,No,0,0.011124969137675692,Female,0,Yes,Yes,54,Two year,DSL,Bank transfer (automatic),69.95,3871.85,Low
5141-ZUVBH,No,0,0.3003357731927366,Female,0,No,Yes,9,Month-to-month,Fiber optic,Bank transfer (automatic),93.0,870.25,Medium
5802-ADBRC,No,0,0.248536414970954,Female,0,Yes,No,50,One year,Fiber optic,Mailed check,104.4,5232.9,Low
4908-XAXAY,No,0,0.22287820751378293,Female,1,No,No,49,One year,Fiber optic,Bank transfer (automatic),89.85,4287.2,Low
5167-ZFFMM,Yes,1,0.6666572385144777,Male,0,No,No,1,Month-to-month,Fiber optic,Credit card (automatic),90.85,90.85,High
2172-EJXVF,No,0,0.3047343327332126,Female,1,No,No,71,One year,Fiber optic,Electronic check,105.9,7521.95,Medium
6339-TBELP,No,0,0.035980313675652124,Male,0,No,No,71,Two year,Fiber optic,Credit card (automatic),86.4,6172.0,Low
3882-IYOIJ,No,0,0.043816915521350294,Female,0,Yes,Yes,60,Two year,Fiber optic,Credit card (automatic),115.25,6758.45,Low
4174-LPGTI,Yes,0,0.05752097812974773,Female,0,Yes,Yes,41,One year,DSL,Bank transfer (automatic),66.5,2728.6,Low
3137-NYQQI,No,0,0.11113161341421617,Male,0,Yes,No,17,One year,DSL,Mailed check,64.8,1175.6,Low
2665-NPTGL,No,1,0.6629523255943585,Female,1,Yes,No,26,Month-to-month,Fiber optic,Bank transfer (automatic),98.1,2510.7,High
2916-BQZLN,No,1,0.5186358125970023,Male,0,No,No,19,Month-to-month,Fiber optic,Electronic check,84.75,1651.95,Medium
1346-PJWTK,No,0,0.11296809181899183,Male,0,Yes,No,61,Month-to-month,Fiber optic,Credit card (automatic),94.15,5731.85,Low
3077-RSNTJ,No,0,0.14599367051725282,Female,0,Yes,Yes,6,Month-to-month,No,Mailed check,19.7,113.5,Low
5451-MHQOF,No,0,0.013200230196180704,Male,0,Yes,Yes,56,One year,No,Mailed check,24.45,1431.65,Low
0366-NQSHS,No,0,0.18809799202129013,Male,0,No,No,2,Month-to-month,No,Mailed check,19.35,46.35,Low
6258-NGCNG,No,0,0.18868826539365285,Male,0,No,No,7,Month-to-month,No,Mailed check,23.5,173.0,Low
3981-QSVQI,No,0,0.19611995138664096,Male,0,No,No,8,Month-to-month,No,Bank transfer (automatic),19.7,168.9,Low
4815-GBTCD,No,1,0.635069812345244,Female,0,Yes,No,4,Month-to-month,DSL,Electronic check,25.15,99.95,High
1194-SPVSP,No,0,0.1977142821942744,Male,0,No,No,1,Month-to-month,No,Bank transfer (automatic),19.65,19.65,Low
6719-FGEDO,No,0,0.03232382966567201,Female,0,Yes,No,72,Two year,Fiber optic,Bank transfer (automatic),97.0,7104.2,Low
5018-LXQQG,No,0,0.08300198552601003,Female,0,Yes,Yes,30,Month-to-month,DSL,Bank transfer (automatic),66.3,1923.5,Low
0265-PSUAE,No,0,0.3916750548680637,Female,0,Yes,Yes,16,Month-to-month,Fiber optic,Bank transfer (automatic),100.7,1522.7,Medium
4987-GQWPO,No,0,0.2842846908689721,Male,0,No,No,17,Month-to-month,DSL,Credit card (automatic),25.1,382.8,Low
6867-ACCZI,No,0,0.05774704627944347,Female,0,Yes,Yes,24,Two year,DSL,Mailed check,52.5,1208.15,Low
3966-HRMZA,No,1,0.5796691595962937,Female,1,No,No,3,Month-to-month,Fiber optic,Mailed check,75.05,202.9,Medium
2332-TODQS,No,0,0.015559037707916721,Female,0,No,No,48,One year,No,Credit card (automatic),25.05,1171.5,Low
8069-YQQAJ,No,0,0.39280395899216614,Male,0,No,No,14,Month-to-month,DSL,Mailed check,31.1,419.7,Medium
9626-WEQRM,No,0,0.4625033081596307,Female,0,No,No,4,Month-to-month,DSL,Mailed check,29.15,110.05,Medium
3055-OYMSE,No,0,0.21912313307461787,Female,1,No,No,53,Month-to-month,Fiber optic,Credit card (automatic),73.8,4003.85,Low
2333-KWEWW,No,0,0.024901985623503767,Male,0,No,No,18,Two year,No,Credit card (automatic),20.05,388.6,Low
1051-GEJLJ,No,0,0.19644625919774472,Female,0,No,No,2,Month-to-month,No,Mailed check,19.5,27.55,Low
3995-WFCSM,No,0,0.4853518378252888,Female,0,No,No,2,Month-to-month,DSL,Electronic check,60.85,111.4,Medium
8259-NFJTV,No,0,0.2266390508276061,Female,0,Yes,Yes,7,Month-to-month,DSL,Mailed check,34.65,246.6,Low
2189-WWOEW,Yes,0,0.4935070528266835,Female,0,No,Yes,15,Month-to-month,Fiber optic,Bank transfer (automatic),85.9,1269.55,Medium
9730-DRTMJ,No,0,0.08044803667268846,Male,0,Yes,No,32,One year,DSL,Credit card (automatic),72.8,2333.05,Low
3146-MSEGF,No,0,0.018343843248706346,Female,1,Yes,Yes,72,Two year,DSL,Credit card (automatic),88.05,6425.65,Low
1325-USMEC,No,0,0.05180259273663411,Male,0,Yes,No,70,Two year,Fiber optic,Credit card (automatic),99.35,6944.5,Low
3391-JSQEW,No,0,0.11888797018159569,Male,0,Yes,No,40,Month-to-month,DSL,Mailed check,50.15,2058.5,Low
3138-BKYAV,Yes,1,0.6440757258718026,Male,0,No,No,6,Month-to-month,Fiber optic,Electronic check,85.35,489.45,High
7147-AYBAA,No,0,0.29341915141538727,Male,0,No,No,37,Month-to-month,Fiber optic,Mailed check,70.35,2552.9,Low
8922-NPKBJ,No,0,0.006809436486622484,Male,0,Yes,Yes,42,Two year,No,Mailed check,19.35,867.3,Low
9127-FHJBZ,No,0,0.0636032394193277,Male,0,Yes,Yes,72,Two year,Fiber optic,Electronic check,114.0,8093.15,Low
7138-GIRSH,No,0,0.024946368071432575,Male,0,No,No,50,Two year,DSL,Bank transfer (automatic),69.5,3418.2,Low
3059-NGMXB,No,0,0.2168102131731064,Male,0,Yes,Yes,14,Month-to-month,DSL,Mailed check,69.2,944.65,Low
0793-TWELN,No,1,0.6411442023939306,Female,0,No,No,4,Month-to-month,Fiber optic,Electronic check,80.15,319.85,High
0106-UGRDO,No,0,0.0950263259355519,Female,0,Yes,No,69,Two year,Fiber optic,Electronic check,116.0,8182.85,Low
2703-AMTUL,No,0,0.03490978131275966,Male,0,Yes,Yes,36,One year,DSL,Mailed check,53.65,1939.35,Low
1154-HYWWO,No,0,0.03410985314901575,Male,0,No,No,38,One year,DSL,Mailed check,70.6,2708.2,Low
2430-RRYUW,No,0,0.016665642799996314,Male,0,No,No,66,One year,DSL,Mailed check,54.8,3465.7,Low
1493-AMTIE,Yes,0,0.2591833011215569,Male,0,No,No,1,Month-to-month,No,Bank transfer (automatic),20.2,20.2,Low
4706-DGAHW,No,0,0.48605610204447597,Male,1,No,No,1,Month-to-month,DSL,Electronic check,45.2,45.2,Medium
5882-CMAZQ,No,0,0.3589596969125989,Female,0,Yes,Yes,5,Month-to-month,DSL,Electronic check,34.25,163.55,Medium
3096-GKWEB,No,1,0.7060748694575926,Male,0,Yes,No,18,Month-to-month,Fiber optic,Electronic check,94.75,1691.9,High
9638-JIQYA,No,1,0.547321690068793,Male,0,No,No,2,Month-to-month,DSL,Credit card (automatic),24.9,49.7,Medium
1104-FEJAM,No,0,0.24235809822885973,Male,0,Yes,Yes,28,Month-to-month,DSL,Electronic check,64.4,1802.15,Low
9725-SCPZG,Yes,1,0.7161691922881721,Male,0,No,Yes,1,Month-to-month,Fiber optic,Electronic check,90.85,90.85,High
9057-MSWCO,Yes,0,0.1833498274551679,Male,1,Yes,No,27,Month-to-month,DSL,Credit card (automatic),30.75,805.1,Low
2794-XIMMO,Yes,0,0.09857862281588531,Male,0,Yes,No,53,One year,DSL,Electronic check,60.45,3184.25,Low
7078-NVFAM,No,0,0.18959533669463002,Female,0,Yes,Yes,32,Month-to-month,DSL,Electronic check,35.15,1051.05,Low
5827-MWCZK,No,0,0.1831187810496848,Male,0,Yes,Yes,56,Month-to-month,Fiber optic,Credit card (automatic),96.95,5432.2,Low
8095-WANWK,No,0,0.2795232243336246,Female,0,No,No,10,Month-to-month,DSL,Mailed check,45.25,428.7,Low
1172-VIYBP,No,0,0.01824589722346931,Male,0,Yes,Yes,53,Two year,DSL,Bank transfer (automatic),69.7,3686.05,Low
9040-KZVWO,No,0,0.1850814629144265,Male,0,No,No,26,One year,Fiber optic,Bank transfer (automatic),75.5,2018.1,Low
6080-LNESI,No,0,0.0068352500761315795,Male,0,No,No,51,Two year,No,Mailed check,24.75,1234.6,Low
7817-BOQPW,Yes,1,0.7370966975196588,Female,0,No,No,2,Month-to-month,Fiber optic,Electronic check,75.55,166.3,High
5161-UBZXI,No,0,0.031625727815015166,Male,0,Yes,Yes,69,Two year,Fiber optic,Credit card (automatic),106.35,7261.75,Low
2968-SSGAA,Yes,1,0.7683856732121637,Female,0,No,No,10,Month-to-month,Fiber optic,Electronic check,100.6,1060.2,High
6814-ZPWFQ,No,0,0.017648006933246328,Male,1,No,No,51,One year,No,Bank transfer (automatic),25.0,1260.7,Low
5982-FPVQN,No,0,0.4945672156548364,Female,0,Yes,Yes,37,Month-to-month,Fiber optic,Electronic check,95.15,3532.85,Medium
3079-BCHLN,No,0,0.01251927284700233,Male,0,Yes,No,47,One year,No,Bank transfer (automatic),19.9,942.95,Low
1731-TVIUK,Yes,1,0.6455426096536963,Female,0,No,No,4,Month-to-month,Fiber optic,Electronic check,93.5,362.2,High
1078-TDCRN,No,1,0.6724314749933842,Female,1,Yes,No,3,Month-to-month,DSL,Electronic check,30.75,82.85,High
0495-ZBNGW,Yes,1,0.6947065527363083,Male,1,Yes,No,5,Month-to-month,Fiber optic,Bank transfer (automatic),79.9,343.95,High
0080-EMYVY,No,0,0.13000362150258576,Female,0,No,No,14,One year,DSL,Credit card (automatic),51.45,727.85,Low
5975-BAICR,No,0,0.06722716577369561,Male,0,Yes,Yes,36,One year,DSL,Credit card (automatic),63.7,2188.5,Low
8048-DSDFQ,No,0,0.1961952764665822,Male,0,No,No,1,Month-to-month,No,Mailed check,20.2,20.2,Low
5140-FOMCQ,No,0,0.19330054509382705,Female,0,Yes,No,59,One year,Fiber optic,Credit card (automatic),109.15,6557.75,Low
2919-HBCJO,Yes,1,0.5714257005974225,Female,0,No,No,4,Month-to-month,Fiber optic,Bank transfer (automatic),76.65,333.6,Medium
9314-QDMDW,No,0,0.2871163973018391,Male,0,No,No,11,One year,DSL,Electronic check,61.25,729.95,Low
8073-IJDCM,Yes,0,0.268536243122099,Female,0,No,No,1,Month-to-month,No,Mailed check,20.3,20.3,Low
3308-JSGML,No,0,0.031375313235887166,Male,1,Yes,No,59,Two year,DSL,Credit card (automatic),64.05,3886.85,Low
3584-WKTTW,No,0,0.23073843900561442,Male,0,Yes,No,51,One year,Fiber optic,Electronic check,111.55,5720.35,Low
1386-ZIKUV,No,0,0.20130508659250404,Male,0,No,No,7,Month-to-month,No,Mailed check,18.95,130.55,Low
5384-ZTTWP,No,0,0.09642202397809713,Female,0,Yes,Yes,15,Month-to-month,No,Mailed check,19.8,272.95,Low
0708-SJDIS,No,0,0.13588077858982395,Female,0,No,No,34,Month-to-month,DSL,Mailed check,65.0,2157.5,Low
7711-YIJWC,No,0,0.021623047967883974,Male,0,Yes,Yes,61,One year,DSL,Bank transfer (automatic),84.9,5264.5,Low
9680-NIAUV,No,0,0.05170332539936216,Female,0,Yes,Yes,72,Two year,Fiber optic,Credit card (automatic),109.7,8129.3,Low
7501-IWUNG,No,0,0.02197887942110466,Female,0,Yes,Yes,61,Two year,DSL,Bank transfer (automatic),73.8,4616.05,Low
8701-DGLVH,No,0,0.005002821166654344,Male,0,No,No,51,Two year,No,Mailed check,20.45,1042.65,Low
5708-EVONK,Yes,0,0.20754418042472733,Female,0,Yes,Yes,58,Month-to-month,Fiber optic,Bank transfer (automatic),93.4,5435.6,Low
3588-WSTTJ,No,1,0.5915708179988409,Female,1,No,No,35,Month-to-month,Fiber optic,Electronic check,99.05,3554.6,Medium
3411-WLRSQ,No,1,0.6381628018018027,Female,1,Yes,No,3,Month-to-month,Fiber optic,Bank transfer (automatic),74.6,239.05,High
4807-IZYOZ,No,0,0.005333103752835653,Female,0,No,No,51,Two year,No,Bank transfer (automatic),20.65,1020.75,Low
2452-SNHFZ,No,0,0.12989230714027955,Female,0,No,No,47,Month-to-month,Fiber optic,Credit card (automatic),75.45,3545.1,Low
5052-PNLOS,Yes,1,0.7089168832799473,Male,0,No,No,3,Month-to-month,Fiber optic,Bank transfer (automatic),105.35,323.25,High
1935-IMVBB,No,0,0.22703200475922902,Male,0,Yes,No,56,Month-to-month,Fiber optic,Mailed check,89.7,4952.95,Low
8413-YNHNV,No,0,0.014128956760625278,Male,0,No,No,69,Two year,DSL,Mailed check,90.65,6322.1,Low
7643-RCHXS,No,0,0.0033057671383093057,Female,0,Yes,Yes,63,Two year,No,Electronic check,19.35,1263.85,Low
7649-PHJVR,No,0,0.07347628423429442,Male,0,No,No,11,One year,No,Mailed check,19.5,226.8,Low
5160-UXJED,No,0,0.10798111282086426,Male,0,No,Yes,17,One year,DSL,Mailed check,44.6,681.4,Low
3976-BWUCK,Yes,0,0.3579638189219869,Female,0,Yes,No,30,Month-to-month,Fiber optic,Credit card (automatic),94.1,2804.45,Medium
7636-OWBPG,No,0,0.45589278475488937,Male,1,No,No,12,Month-to-month,DSL,Credit card (automatic),29.35,381.2,Medium
3285-UCQVC,Yes,0,0.09211764592502962,Female,0,No,No,37,Month-to-month,DSL,Credit card (automatic),28.6,973.55,Low
7909-FIOIY,No,0,0.33447842112459136,Female,0,Yes,Yes,19,Month-to-month,DSL,Mailed check,24.85,434.8,Medium
2045-BMBTJ,No,0,0.30966837361252564,Female,1,No,No,33,Month-to-month,DSL,Bank transfer (automatic),59.45,1884.65,Medium
4554-YGZIH,Yes,0,0.31039353364986794,Male,1,Yes,No,49,Month-to-month,Fiber optic,Credit card (automatic),90.05,4547.25,Medium
8809-RIHDD,Yes,0,0.11027314541857518,Male,0,Yes,Yes,72,Two year,Fiber optic,Electronic check,103.4,7372.65,Low
3948-KXDUF,No,0,0.0067541132391470094,Male,0,No,No,66,Two year,DSL,Bank transfer (automatic),68.75,4447.55,Low
3244-DCJWY,Yes,1,0.6903566906112326,Female,0,No,No,1,Month-to-month,Fiber optic,Electronic check,70.25,70.25,High
7089-XXAYG,No,0,0.21366447239192746,Male,0,Yes,No,25,One year,DSL,Credit card (automatic),38.1,970.4,Low
9061-TIHDA,Yes,1,0.7800785992681724,Male,1,Yes,No,13,Month-to-month,Fiber optic,Electronic check,95.25,1233.65,High
6976-BWGLQ,No,0,0.0022274167557180865,Female,0,Yes,Yes,72,Two year,No,Bank transfer (automatic),25.2,1787.35,Low
7168-HDQHG,No,0,0.03521965390005553,Female,0,Yes,Yes,36,Month-to-month,No,Bank transfer (automatic),19.2,702.9,Low
4116-IQRFR,No,0,0.1037534362821333,Male,0,Yes,Yes,4,One year,No,Credit card (automatic),24.1,73.1,Low
3887-PBQAO,No,0,0.022707396297856914,Female,0,Yes,Yes,45,One year,No,Credit card (automatic),25.9,1216.6,Low
7733-UDMTP,No,0,0.24283012809374052,Female,1,No,No,57,Month-to-month,DSL,Electronic check,55.0,3094.05,Low
7675-OZCZG,Yes,0,0.47812086899296075,Female,1,No,No,3,Month-to-month,DSL,Electronic check,45.0,127.1,Medium
3752-CQSJI,No,0,0.14466849129435783,Female,0,Yes,Yes,13,Month-to-month,No,Mailed check,20.45,254.5,Low
0621-TWIEM,Yes,0,0.4116359966566007,Male,0,No,No,10,Month-to-month,DSL,Electronic check,45.55,402.6,Medium
7905-TVXTA,No,0,0.3286806697659485,Female,0,No,No,5,Month-to-month,DSL,Electronic check,64.35,352.65,Medium
3298-QEICA,No,0,0.03612800251068485,Female,0,Yes,Yes,23,Two year,DSL,Mailed check,34.6,813.45,Low
3511-BFTJW,No,0,0.00479972835608616,Male,0,Yes,Yes,72,Two year,DSL,Credit card (automatic),38.5,2763.0,Low
9278-VZKCD,No,0,0.48282296092301813,Female,1,Yes,No,52,Month-to-month,Fiber optic,Electronic check,109.1,5647.95,Medium
7488-MXJIV,Yes,1,0.7508792732119138,Female,0,No,No,4,Month-to-month,Fiber optic,Electronic check,85.65,321.65,High
2371-JUNGC,No,0,0.1266690986745456,Male,0,No,No,11,Month-to-month,No,Mailed check,20.25,208.0,Low
5440-VHLUL,No,0,0.14132586306143577,Male,0,No,No,69,One year,Fiber optic,Bank transfer (automatic),105.2,7386.05,Low
7632-YUTXB,No,0,0.03400604048208469,Female,0,Yes,Yes,25,One year,No,Mailed check,20.05,520.1,Low
0064-YIJGF,No,0,0.40663995347518633,Male,0,Yes,Yes,27,Month-to-month,Fiber optic,Bank transfer (automatic),75.75,1929.0,Medium
6794-HKIAJ,No,0,0.12269645103953979,Male,0,No,No,62,Month-to-month,Fiber optic,Bank transfer (automatic),90.7,5586.45,Low
9974-JFBHQ,No,0,0.14122073630052087,Male,0,No,Yes,64,Month-to-month,Fiber optic,Credit card (automatic),99.15,6171.2,Low
3736-BLEPA,No,0,0.1964942398912291,Male,0,No,No,28,One year,Fiber optic,Bank transfer (automatic),91.25,2483.65,Low
9086-YJYXS,No,0,0.14087238017137432,Male,0,Yes,Yes,34,One year,DSL,Bank transfer (automatic),77.2,2753.8,Low
0083-PIVIK,No,0,0.032711398779858354,Male,0,No,No,64,One year,DSL,Electronic check,81.25,5567.55,Low
8097-OMULG,No,0,0.025571490915608727,Male,0,Yes,Yes,59,One year,DSL,Credit card (automatic),76.75,4541.9,Low
9846-GKXAS,Yes,1,0.6496876124978481,Female,0,No,No,9,Month-to-month,Fiber optic,Bank transfer (automatic),90.8,809.75,High
8966-KZXXA,No,0,0.011678734411160348,Male,0,Yes,Yes,36,Two year,No,Credit card (automatic),25.1,930.95,Low
7242-QZLXF,Yes,1,0.6131141124841702,Male,0,No,Yes,1,Month-to-month,DSL,Electronic check,25.3,25.3,High
7228-OMTPN,Yes,1,0.7313002636549699,Male,0,No,No,4,Month-to-month,Fiber optic,Electronic check,88.45,370.65,High
4083-BFNYK,No,0,0.1997981069006878,Female,1,Yes,No,38,One year,Fiber optic,Credit card (automatic),95.0,3591.25,Low
9076-AXYIK,No,0,0.10521706610950923,Male,1,Yes,No,64,Two year,Fiber optic,Electronic check,102.1,6538.45,Low
4431-EDMIQ,No,0,0.2616995967537793,Female,0,Yes,Yes,7,Month-to-month,DSL,Electronic check,75.7,554.05,Low
7564-GHCVB,No,0,0.022183429217306268,Female,0,Yes,Yes,72,Two year,Fiber optic,Bank transfer (automatic),79.05,5730.7,Low
2676-SSLTO,No,0,0.032382486112911495,Male,0,No,No,49,Two year,DSL,Bank transfer (automatic),66.15,3199.0,Low
4763-PGDPO,Yes,1,0.5854447942098607,Female,0,No,No,4,Month-to-month,Fiber optic,Electronic check,70.4,281.0,Medium
0215-BQKGS,No,0,0.2507615052999415,Male,0,No,No,30,Month-to-month,Fiber optic,Credit card (automatic),84.3,2438.6,Low
5035-PGZXH,No,0,0.33332694765277276,Female,0,No,No,56,One year,Fiber optic,Electronic check,106.8,5914.4,Medium
3096-WPXBT,No,0,0.11750452679281652,Female,0,Yes,Yes,61,One year,Fiber optic,Credit card (automatic),100.7,6018.65,Low
8784-CGILN,Yes,1,0.5510961976396102,Female,0,No,No,18,Month-to-month,Fiber optic,Bank transfer (automatic),99.85,1776.95,Medium
2969-QWUBZ,No,1,0.6275788784906754,Female,0,No,No,2,Month-to-month,DSL,Electronic check,51.4,96.8,High
6500-JVEGC,No,0,0.0904652864568355,Male,0,No,No,68,One year,Fiber optic,Bank transfer (automatic),101.35,7110.75,Low
2207-QPJED,No,0,0.3437152753220809,Female,1,Yes,No,37,Month-to-month,Fiber optic,Electronic check,90.0,3371.75,Medium
0078-XZMHT,No,0,0.024968217444647296,Male,0,Yes,No,72,Two year,DSL,Bank transfer (automatic),85.15,6316.2,Low
1723-HKXJQ,Yes,1,0.5366449983085538,Male,0,No,No,42,Month-to-month,Fiber optic,Electronic check,101.75,4273.45,Medium
0617-FHSGK,Yes,0,0.17251037258478222,Male,0,No,Yes,49,Month-to-month,Fiber optic,Credit card (automatic),75.2,3678.3,Low
6603-QWSPR,No,0,0.10620300330632791,Female,0,No,No,46,Two year,Fiber optic,Bank transfer (automatic),104.4,4904.2,Low
8943-URTMR,Yes,1,0.6456925612275111,Female,0,No,No,2,Month-to-month,Fiber optic,Mailed check,79.65,152.7,High
2858-EIMXH,No,0,0.3074495248116248,Female,1,Yes,No,53,One year,Fiber optic,Credit card (automatic),95.85,5016.25,Medium
8485-GJCDN,Yes,1,0.6404701201347492,Female,1,No,No,5,Month-to-month,Fiber optic,Mailed check,69.05,318.5,High
8718-PTMEZ,Yes,0,0.49156070670315605,Female,0,No,No,13,Month-to-month,DSL,Electronic check,31.05,347.25,Medium
7636-XUHWW,No,0,0.23196294779546633,Male,0,No,No,2,Month-to-month,No,Credit card (automatic),19.9,33.7,Low
3161-GETRM,No,0,0.42529197139742897,Male,0,Yes,Yes,34,Month-to-month,Fiber optic,Credit card (automatic),90.05,3097.0,Medium
5863-OOKCL,No,0,0.1380584412333275,Female,0,No,No,10,Month-to-month,No,Mailed check,18.85,163.2,Low
7851-WZEKY,Yes,1,0.7995553130369552,Female,0,No,No,2,Month-to-month,Fiber optic,Electronic check,95.15,196.9,High
0619-OLYUR,No,0,0.058570553637968086,Male,0,Yes,No,72,Two year,Fiber optic,Credit card (automatic),111.9,8071.05,Low
8597-CTXVJ,No,0,0.00930672183657524,Male,0,No,Yes,70,One year,DSL,Bank transfer (automatic),64.95,4551.5,Low
9845-QOMAD,No,0,0.055449992776816066,Male,0,Yes,Yes,14,One year,No,Mailed check,19.75,309.35,Low
9068-FHQHD,No,0,0.00798649852235463,Female,0,Yes,Yes,40,Two year,No,Bank transfer (automatic),20.15,777.35,Low
6266-QHOJZ,No,0,0.08152485494784441,Female,0,No,No,65,One year,Fiber optic,Electronic check,89.85,5844.65,Low
7993-PYKOF,Yes,0,0.4494521982719102,Male,0,Yes,No,8,Month-to-month,Fiber optic,Electronic check,75.0,632.95,Medium
3873-WOSBC,No,0,0.0030269049130797077,Male,0,Yes,No,67,Two year,No,Credit card (automatic),25.6,1784.9,Low
9236-NDUCW,No,0,0.04623536676951532,Female,0,No,No,21,Two year,DSL,Mailed check,35.1,770.4,Low
3523-QRQLL,Yes,0,0.1826195718270971,Female,0,Yes,Yes,22,One year,DSL,Bank transfer (automatic),69.5,1498.2,Low
4402-FTBXC,No,0,0.14312738933025593,Male,0,No,No,54,Month-to-month,Fiber optic,Mailed check,89.8,4667.0,Low
2225-ZRGSG,Yes,0,0.018471488986083452,Female,0,Yes,Yes,70,Two year,Fiber optic,Bank transfer (automatic),93.9,6579.05,Low
8084-OIVBS,No,0,0.07737874698094531,Female,0,No,No,11,One year,No,Mailed check,20.0,211.95,Low
8404-GFGCZ,No,1,0.5040895311062388,Male,0,Yes,No,4,Month-to-month,DSL,Electronic check,65.6,250.1,Medium
0265-EDXBD,Yes,1,0.5380850810992519,Male,1,Yes,No,32,Month-to-month,Fiber optic,Electronic check,74.9,2303.35,Medium
4429-WYGFR,No,0,0.10732038288131139,Male,0,No,No,26,Month-to-month,DSL,Bank transfer (automatic),49.15,1237.3,Low
5539-HIVAK,No,0,0.10176279163814264,Female,1,Yes,No,28,Month-to-month,No,Mailed check,25.7,734.6,Low
5349-IECLD,Yes,1,0.6732232357594778,Male,0,No,No,2,Month-to-month,Fiber optic,Electronic check,94.95,178.1,High
2774-LVQUS,Yes,1,0.6062573886203443,Female,1,Yes,No,15,Month-to-month,Fiber optic,Electronic check,83.05,1258.3,High
7994-XIRTR,No,0,0.040017034866454866,Male,1,No,No,54,One year,DSL,Bank transfer (automatic),65.25,3529.95,Low
5762-TJXGK,No,0,0.043411785659125235,Female,0,No,No,52,Two year,DSL,Bank transfer (automatic),58.75,3038.55,Low
9033-EOXWV,Yes,0,0.20096070341852248,Female,0,No,No,12,One year,DSL,Mailed check,74.05,872.65,Low
9489-UTFKA,No,0,0.3050120739612308,Male,1,Yes,No,8,Month-to-month,DSL,Bank transfer (automatic),60.9,551.95,Medium
8496-DMZUK,No,0,0.1707519398616943,Male,0,No,No,30,One year,Fiber optic,Bank transfer (automatic),90.4,2820.65,Low
6993-YCOBK,No,0,0.08890615636876496,Male,0,Yes,Yes,60,Two year,Fiber optic,Electronic check,110.6,6586.85,Low
9909-IDLEK,No,0,0.31069568229785804,Male,0,Yes,Yes,20,Month-to-month,Fiber optic,Mailed check,96.8,1826.7,Medium
9867-NNXLC,No,0,0.11116610183674203,Female,0,No,No,22,Month-to-month,No,Mailed check,20.05,470.2,Low
0188-GWFLE,No,0,0.18780026335472597,Male,0,No,No,2,Month-to-month,No,Mailed check,20.05,33.7,Low
2985-JUUBZ,No,0,0.30375651615708854,Male,0,Yes,Yes,40,Month-to-month,DSL,Electronic check,74.55,3015.75,Medium
2511-ALLCS,No,0,0.013859484784984284,Female,0,Yes,Yes,35,Two year,No,Bank transfer (automatic),24.3,821.6,Low
9392-XBGTD,No,0,0.01455286194055329,Male,0,No,Yes,27,Two year,No,Mailed check,20.6,581.85,Low
3935-TBRZZ,No,0,0.01688417471128062,Male,0,Yes,Yes,44,One year,No,Mailed check,25.7,1110.5,Low
6332-FBZRI,No,0,0.015038189113723397,Male,0,Yes,Yes,67,One year,DSL,Credit card (automatic),69.35,4653.25,Low
3528-HFRIQ,No,0,0.1104243673360015,Male,1,Yes,No,71,Month-to-month,DSL,Bank transfer (automatic),52.3,3765.05,Low
9489-DEDVP,No,0,0.012709609560772788,Female,0,Yes,Yes,70,Two year,DSL,Credit card (automatic),69.2,4872.35,Low
4480-MBMLB,No,0,0.38565593992018365,Female,0,No,No,36,One year,Fiber optic,Bank transfer (automatic),104.8,3886.45,Medium
9473-CBZOP,No,0,0.08828574298825227,Female,0,No,No,28,One year,DSL,Mailed check,59.0,1654.45,Low
5609-CEBID,Yes,1,0.6923574987608859,Female,1,No,No,20,Month-to-month,Fiber optic,Electronic check,94.1,1782.4,High
1131-SUEKT,No,0,0.10521979536130954,Male,0,Yes,Yes,61,One year,Fiber optic,Bank transfer (automatic),98.45,6145.2,Low
7908-QCBCA,Yes,1,0.6242914303063498,Female,0,Yes,No,1,Month-to-month,Fiber optic,Mailed check,69.4,69.4,High
6108-OQZDQ,Yes,1,0.7381346585060159,Female,0,Yes,Yes,4,Month-to-month,Fiber optic,Electronic check,97.95,384.5,High
8457-XIGKN,No,0,0.10526262281823366,Male,0,No,No,20,Month-to-month,No,Credit card (automatic),19.6,356.15,Low
3070-FNFZQ,No,0,0.019268910465561288,Female,0,Yes,Yes,23,Two year,No,Bank transfer (automatic),20.4,478.75,Low
2495-TTHBQ,No,0,0.12649667576836113,Female,0,No,Yes,4,One year,No,Mailed check,20.4,84.75,Low
0135-NMXAP,Yes,1,0.6078184883749786,Female,0,No,No,12,Month-to-month,Fiber optic,Bank transfer (automatic),89.75,1052.4,High
0795-GMVQO,No,0,0.1133001631073302,Male,0,Yes,No,67,One year,Fiber optic,Credit card (automatic),109.9,7332.4,Low
6016-NXBNJ,No,0,0.030813099473646077,Male,0,No,No,35,One year,No,Mailed check,19.15,638.0,Low
7434-SHXLS,Yes,0,0.20605126472078733,Female,0,No,No,1,Month-to-month,No,Mailed check,20.9,20.9,Low
0212-ISBBF,No,1,0.5051176857344516,Female,0,No,No,22,Month-to-month,DSL,Electronic check,50.35,1098.85,Medium
7658-UYUQS,No,0,0.47609193853139453,Male,1,Yes,No,21,Month-to-month,Fiber optic,Bank transfer (automatic),86.55,1857.25,Medium
5197-LQXXH,No,0,0.022396324191714424,Female,0,Yes,No,71,Two year,DSL,Credit card (automatic),83.3,5894.5,Low
4797-AXPXK,Yes,0,0.26686145866286204,Female,0,No,Yes,1,Month-to-month,DSL,Electronic check,60.0,60.0,Low
9031-ZVQPT,No,0,0.09803814136915735,Male,0,Yes,No,72,Two year,Fiber optic,Electronic check,108.2,7840.6,Low
1763-WQFUK,No,0,0.3135511618849198,Male,0,No,No,3,Month-to-month,DSL,Mailed check,50.5,147.75,Medium
0822-QGCXA,No,0,0.32039234889011603,Female,1,Yes,No,27,Month-to-month,DSL,Electronic check,83.85,2310.2,Medium
5935-FCCNB,No,1,0.7668957873936669,Female,1,No,No,17,Month-to-month,Fiber optic,Electronic check,94.2,1608.15,High
7249-WBIYX,Yes,1,0.7037526841026602,Male,0,Yes,No,10,Month-to-month,Fiber optic,Electronic check,85.6,813.85,High
6689-TCZHQ,Yes,1,0.6810967934613527,Female,1,No,No,5,Month-to-month,Fiber optic,Electronic check,78.95,378.4,High
6476-EPYZR,No,0,0.10653987550674196,Male,0,Yes,Yes,12,Month-to-month,No,Mailed check,20.5,255.5,Low
5630-AHZIL,No,0,0.2586740971487765,Female,0,No,Yes,3,Month-to-month,DSL,Bank transfer (automatic),64.5,177.4,Low
5312-TSZVC,No,0,0.05405252171707944,Female,0,No,Yes,15,One year,No,Mailed check,19.65,270.6,Low
3329-WDIOK,Yes,1,0.6960505964439538,Female,0,No,No,3,Month-to-month,DSL,Electronic check,50.6,155.35,High
8382-SHQEH,Yes,1,0.7479738694714705,Female,0,Yes,No,8,Month-to-month,Fiber optic,Electronic check,84.9,764.95,High
8597-CWYHH,No,0,0.23859538071849473,Male,0,No,No,43,One year,Fiber optic,Mailed check,94.35,3921.3,Low
7102-JJVTX,No,0,0.11530046981700866,Female,0,Yes,Yes,9,One year,DSL,Mailed check,48.6,422.3,Low
3963-RYFNS,No,0,0.05783421917806668,Female,0,No,No,72,Two year,Fiber optic,Bank transfer (automatic),116.45,8013.55,Low
7167-PCEYD,No,0,0.0030525080256291826,Male,0,No,No,67,Two year,No,Mailed check,19.8,1311.3,Low
0040-HALCW,No,0,0.003380882627186185,Male,0,Yes,Yes,54,Two year,No,Credit card (automatic),20.4,1090.6,Low
1293-HHSHJ,No,0,0.024111677775518186,Female,0,No,No,35,One year,No,Mailed check,21.1,741.0,Low
9574-BOSMD,No,0,0.0025135224729072344,Male,0,Yes,Yes,68,Two year,No,Bank transfer (automatic),25.4,1620.2,Low
3810-DVDQQ,No,0,0.054721533193150276,Female,0,Yes,Yes,72,Two year,Fiber optic,Bank transfer (automatic),117.6,8308.9,Low
7133-VBDCG,Yes,0,0.31151315910717264,Female,0,No,No,25,Month-to-month,Fiber optic,Bank transfer (automatic),79.85,2015.35,Medium
5405-ZMYXQ,No,1,0.6013342220400674,Female,0,No,No,8,Month-to-month,Fiber optic,Credit card (automatic),74.6,548.9,High
2724-FJDYW,No,0,0.0822540127448046,Male,0,No,Yes,39,One year,DSL,Bank transfer (automatic),54.85,2191.7,Low
5567-WSELE,Yes,1,0.8245450327117195,Male,1,Yes,No,3,Month-to-month,Fiber optic,Electronic check,94.6,279.55,High
9227-YBAXE,No,0,0.01614536922243244,Female,0,Yes,Yes,65,Two year,DSL,Bank transfer (automatic),82.5,5215.1,Low
8821-XNHVZ,Yes,1,0.618518789892407,Female,0,Yes,Yes,1,Month-to-month,Fiber optic,Mailed check,80.05,80.05,High
2122-SZZZD,No,0,0.012904913441530344,Male,0,No,No,44,One year,No,Credit card (automatic),19.5,835.5,Low
2634-HCZGT,Yes,0,0.05255072326203847,Male,1,Yes,No,53,One year,DSL,Electronic check,60.05,3229.65,Low
1422-DGUBX,No,0,0.2602246831457976,Male,0,Yes,No,32,One year,Fiber optic,Electronic check,79.25,2619.15,Low
8402-EIVQS,No,0,0.10358284241819662,Male,0,Yes,No,67,One year,Fiber optic,Credit card (automatic),100.9,6733.15,Low
7465-ZZRVX,No,1,0.6776371519965048,Male,0,No,No,1,Month-to-month,Fiber optic,Electronic check,70.35,70.35,High
6813-GZQCG,No,0,0.01122753121158705,Female,0,Yes,Yes,45,Two year,No,Credit card (automatic),24.65,1171.3,Low
9504-YAZWB,No,0,0.004734639534577344,Female,0,No,No,53,Two year,No,Mailed check,20.25,1048.45,Low
2722-VOJQL,Yes,0,0.1473164135906262,Male,0,No,No,64,One year,Fiber optic,Credit card (automatic),105.65,6903.1,Low
9546-KDTRB,No,0,0.12041200258205392,Female,0,No,No,19,Month-to-month,No,Bank transfer (automatic),24.7,465.85,Low
9117-SHLZX,Yes,0,0.43689686041500886,Male,0,No,No,1,Month-to-month,DSL,Mailed check,45.7,45.7,Medium
6317-YPKDH,Yes,0,0.47868801148431206,Female,0,No,No,1,Month-to-month,DSL,Bank transfer (automatic),29.95,29.95,Medium
3078-ZKNTS,No,0,0.04410773826051135,Female,0,Yes,Yes,13,Two year,No,Bank transfer (automatic),19.75,246.7,Low
1541-ETJZO,Yes,0,0.31597593806034424,Male,0,No,No,1,Month-to-month,DSL,Mailed check,62.05,62.05,Medium
0455-ENTCR,No,0,0.01794561955577654,Male,0,Yes,No,66,Two year,DSL,Electronic check,85.25,5538.35,Low
4475-NVTLU,No,0,0.00785999005680311,Male,0,Yes,Yes,45,Two year,No,Electronic check,19.2,903.7,Low
7077-XJMET,No,0,0.39011414891566637,Male,0,Yes,No,12,Month-to-month,DSL,Electronic check,74.15,741.4,Medium
6877-TJMBR,Yes,1,0.6121780890877079,Male,0,Yes,No,1,Month-to-month,Fiber optic,Electronic check,84.8,84.8,High
9746-UGFAC,No,0,0.046197394356689875,Female,0,No,No,22,One year,No,Bank transfer (automatic),20.85,450.65,Low
1596-OQSPS,No,0,0.3114688792956824,Female,0,No,No,11,Month-to-month,DSL,Electronic check,51.1,531.15,Medium
1077-HUUJM,No,1,0.601582038740607,Female,0,No,Yes,7,Month-to-month,Fiber optic,Electronic check,71.05,472.65,High
2400-XIWIO,No,0,0.018278236850544742,Female,0,Yes,No,71,Two year,DSL,Electronic check,90.1,6310.9,Low
1304-SEGFY,No,0,0.130606945145521,Female,0,Yes,No,72,Two year,Fiber optic,Electronic check,97.85,6841.3,Low
8258-GSTJK,Yes,1,0.7651320219924924,Male,1,No,No,3,Month-to-month,Fiber optic,Electronic check,77.0,237.75,High
0516-QREYC,No,0,0.12387827183372714,Female,1,No,No,24,Month-to-month,No,Mailed check,20.3,459.95,Low
1370-GGAWX,No,0,0.325586911372752,Female,0,No,No,46,One year,Fiber optic,Electronic check,94.15,4408.45,Medium
5136-KCKGI,Yes,0,0.30131819588923997,Female,0,Yes,Yes,33,One year,Fiber optic,Mailed check,103.7,3467.0,Medium
9972-NKTFD,No,0,0.09825329583575329,Female,0,No,No,28,Month-to-month,DSL,Bank transfer (automatic),54.65,1517.5,Low
7271-AJDTL,No,0,0.29479977433869065,Female,0,Yes,No,55,Month-to-month,Fiber optic,Credit card (automatic),94.45,5073.1,Low
7157-SMCFK,No,0,0.002429472939524419,Male,0,No,Yes,61,Two year,No,Mailed check,19.75,1124.2,Low
0687-ZVTHB,Yes,0,0.02252165433164902,Male,0,Yes,Yes,65,One year,DSL,Credit card (automatic),72.45,4653.85,Low
9513-DXHDA,No,0,0.09926267474366345,Male,0,No,No,27,One year,DSL,Electronic check,81.7,2212.55,Low
0932-YIXYU,No,0,0.0061339577056757294,Female,0,No,No,47,Two year,No,Credit card (automatic),20.25,1029.8,Low
4588-YBNIB,Yes,0,0.2681069874341555,Female,0,No,No,1,Month-to-month,No,Mailed check,19.6,19.6,Low
5055-BRMNE,No,0,0.036048509387678035,Female,0,Yes,Yes,67,Two year,Fiber optic,Credit card (automatic),106.7,7009.5,Low
1785-BPHTP,No,0,0.38126060362537006,Male,0,Yes,Yes,28,Month-to-month,Fiber optic,Electronic check,85.45,2289.9,Medium
8917-SZTTJ,No,0,0.0024393265880852215,Male,0,Yes,Yes,60,Two year,No,Credit card (automatic),19.65,1161.75,Low
6322-PJJDJ,No,0,0.15698203661443844,Male,0,Yes,No,49,Two year,Fiber optic,Electronic check,94.8,4690.65,Low
2085-BOJKI,No,0,0.4396918219708676,Male,0,Yes,No,17,One year,Fiber optic,Bank transfer (automatic),96.65,1588.25,Medium
1452-KIOVK,No,0,0.45373918306392313,Male,0,No,Yes,22,Month-to-month,Fiber optic,Credit card (automatic),89.1,1949.4,Medium
1564-HJUVY,No,0,0.30980255703990117,Male,0,No,No,4,Month-to-month,DSL,Bank transfer (automatic),63.75,226.2,Medium
9154-QDGTH,No,0,0.2112987397326936,Male,0,Yes,Yes,43,One year,Fiber optic,Credit card (automatic),104.3,4451.85,Low
7527-QNRUS,No,0,0.04440113057796681,Male,0,Yes,Yes,17,Two year,No,Mailed check,25.15,412.6,Low
0336-PIKEI,No,0,0.007296177513382756,Male,1,Yes,No,72,Two year,DSL,Bank transfer (automatic),74.4,5360.75,Low
5923-GXUOC,Yes,1,0.5927955686363692,Male,0,No,No,10,Month-to-month,Fiber optic,Electronic check,104.4,1081.45,Medium
4815-YOSUK,No,0,0.06363669515936876,Male,0,Yes,Yes,72,One year,Fiber optic,Credit card (automatic),104.9,7537.5,Low
6202-JVYEU,No,0,0.14420068549330306,Male,0,No,No,9,One year,No,Electronic check,19.9,164.6,Low
6972-SNKKW,No,0,0.16610641435418388,Female,0,No,No,6,Month-to-month,No,Mailed check,20.0,109.2,Low
6101-IMRMM,Yes,1,0.5340553538098677,Male,0,No,Yes,6,Month-to-month,Fiber optic,Mailed check,94.5,575.45,Medium
4118-CEVPF,No,0,0.2650280133541328,Female,1,No,No,35,One year,Fiber optic,Bank transfer (automatic),110.8,3836.3,Low
5650-VDUDS,Yes,1,0.5564993322467069,Female,0,No,No,4,Month-to-month,DSL,Mailed check,24.25,96.05,Medium
6728-CZFEI,No,0,0.17573585772015346,Female,0,No,No,15,One year,DSL,Mailed check,56.15,931.9,Low
2569-WGERO,No,0,0.002546809959955562,Female,0,No,No,72,Two year,No,Bank transfer (automatic),21.15,1419.4,Low
8559-CIZFV,Yes,0,0.06999544062237621,Male,0,Yes,Yes,21,One year,DSL,Mailed check,77.5,1625.0,Low
3541-ZNUHK,No,0,0.20940307638594535,Female,0,Yes,Yes,55,Month-to-month,Fiber optic,Electronic check,85.1,4600.95,Low
8409-WQJUX,No,0,0.2112849208166368,Female,0,No,No,25,One year,DSL,Electronic check,54.2,1423.15,Low
5883-GTGVD,Yes,1,0.6786104204226673,Male,0,No,No,19,Month-to-month,Fiber optic,Electronic check,99.95,1931.75,High
5424-RLQLC,No,0,0.35798541877645157,Male,0,No,No,10,Month-to-month,DSL,Mailed check,59.65,638.95,Medium
2607-DHDAK,No,0,0.0018686187300039634,Male,0,Yes,Yes,72,Two year,No,Credit card (automatic),19.8,1414.65,Low
9351-HXDMR,No,0,0.061378097632227575,Male,0,Yes,No,72,Two year,Fiber optic,Credit card (automatic),110.9,8240.85,Low
9046-JBFWA,No,0,0.05082150796251136,Male,0,No,Yes,27,Month-to-month,No,Mailed check,19.15,537.35,Low
1928-BXYIV,No,0,0.3672614244661957,Male,0,No,No,1,Month-to-month,DSL,Electronic check,61.15,61.15,Medium
8168-UQWWF,Yes,1,0.700903116810933,Female,0,No,No,11,Month-to-month,Fiber optic,Bank transfer (automatic),97.85,1105.4,High
2984-TBYKU,No,0,0.03466380335309674,Male,0,Yes,Yes,72,Two year,Fiber optic,Credit card (automatic),104.9,7732.65,Low
8630-QSGXK,No,0,0.04404400122466024,Male,0,Yes,No,51,Two year,DSL,Bank transfer (automatic),75.2,3901.25,Low
4130-MZLCC,No,0,0.30316549979744756,Female,0,No,No,5,Month-to-month,DSL,Bank transfer (automatic),50.55,244.75,Medium
3365-SAIGS,No,1,0.5672671660054379,Female,0,No,No,17,Month-to-month,Fiber optic,Electronic check,83.55,1329.15,Medium
8544-GOQSH,No,0,0.35618960301368535,Female,0,No,No,14,Month-to-month,Fiber optic,Credit card (automatic),80.05,1112.3,Medium
7579-KKLOE,No,0,0.01660741735750241,Male,0,Yes,Yes,71,Two year,DSL,Mailed check,91.25,6589.6,Low
9477-LGWQI,No,0,0.014407440417073434,Male,0,Yes,Yes,70,Two year,DSL,Credit card (automatic),80.15,5600.15,Low
9971-ZWPBF,No,1,0.5133439496035922,Male,1,Yes,Yes,34,Month-to-month,Fiber optic,Electronic check,108.9,3625.2,Medium
5482-VXSXJ,No,1,0.5187349668985216,Male,0,No,No,22,Month-to-month,Fiber optic,Mailed check,93.2,2157.3,Medium
4616-EWBNJ,No,0,0.06161426708542805,Female,0,No,No,16,One year,No,Bank transfer (automatic),20.1,318.6,Low
0244-LGNFY,No,0,0.012506988566414788,Female,0,Yes,Yes,72,Two year,DSL,Bank transfer (automatic),92.65,6733.0,Low
9835-ZIITK,Yes,0,0.2624627472404264,Male,1,Yes,No,66,One year,Fiber optic,Electronic check,110.85,7491.75,Low
5067-XJQFU,No,0,0.20782663297530085,Male,1,Yes,Yes,66,One year,Fiber optic,Electronic check,108.45,7076.35,Low
8752-IMQOS,No,0,0.08449448650937731,Male,0,Yes,Yes,5,One year,No,Mailed check,20.1,85.1,Low
8696-JKZNU,Yes,1,0.5192348158968297,Female,1,No,No,37,Month-to-month,Fiber optic,Electronic check,76.25,2841.55,Medium
6619-RPLQZ,No,0,0.00614974833047688,Female,0,Yes,Yes,45,Two year,No,Mailed check,20.85,892.15,Low
6176-YJWAS,No,0,0.04860412122049633,Male,0,Yes,No,72,Two year,Fiber optic,Credit card (automatic),97.95,7114.25,Low
2446-BEGGB,Yes,1,0.7974209586093214,Female,1,No,No,6,Month-to-month,Fiber optic,Electronic check,98.25,560.6,High
2462-XIIJB,Yes,1,0.7392429942284746,Male,0,No,No,5,Month-to-month,Fiber optic,Electronic check,92.5,452.7,High
8042-JVNFH,Yes,1,0.6079569929509929,Male,0,No,No,1,Month-to-month,Fiber optic,Mailed check,71.35,71.35,High
2739-CACDQ,No,1,0.6070686186581796,Female,1,No,No,17,Month-to-month,Fiber optic,Credit card (automatic),82.65,1470.05,High
7801-KICAO,No,1,0.6145261033340288,Female,0,No,No,18,Month-to-month,Fiber optic,Electronic check,74.15,1345.75,High
3933-DQPWX,No,0,0.015275199481857623,Female,0,No,No,50,Two year,DSL,Credit card (automatic),39.7,1932.75,Low
5884-FBCTL,No,0,0.0022758659959412884,Female,0,Yes,Yes,72,Two year,No,Bank transfer (automatic),25.1,1857.85,Low
1661-CZBAU,No,0,0.05600749499995578,Male,0,No,No,48,One year,DSL,Bank transfer (automatic),70.95,3629.2,Low
5480-TBGPH,Yes,1,0.5127917548591142,Female,0,Yes,No,24,Month-to-month,Fiber optic,Credit card (automatic),99.3,2431.35,Medium
3402-XRIUO,No,0,0.19073975400269333,Female,1,Yes,No,22,Month-to-month,DSL,Mailed check,63.55,1381.8,Low
2999-AANRQ,No,0,0.03090743173158183,Female,0,No,No,21,Two year,DSL,Credit card (automatic),71.05,1524.85,Low
8100-PNJMH,No,0,0.015719118852062532,Male,0,Yes,Yes,68,Two year,DSL,Credit card (automatic),88.85,6132.7,Low
4299-SIMNS,No,1,0.5935225378306486,Male,0,No,No,9,Month-to-month,Fiber optic,Electronic check,81.15,784.45,Medium
8884-ADFVN,Yes,1,0.8119990008483188,Male,1,Yes,No,7,Month-to-month,Fiber optic,Electronic check,101.95,700.85,High
3181-VTHOE,No,0,0.029557146767927416,Male,0,Yes,No,70,One year,DSL,Bank transfer (automatic),51.05,3635.15,Low
2452-MRMZF,No,0,0.004540049625296195,Female,1,Yes,No,72,Two year,No,Credit card (automatic),25.7,1937.4,Low
6257-RJOHI,No,0,0.3049781783078631,Male,0,No,No,4,Month-to-month,DSL,Mailed check,50.8,202.3,Medium
5593-SUAOO,No,0,0.2321258172218363,Female,0,Yes,Yes,24,One year,Fiber optic,Bank transfer (automatic),83.15,2033.05,Low
0383-CLDDA,No,0,0.0194351113517336,Female,0,No,No,69,Two year,DSL,Credit card (automatic),85.35,5897.4,Low
7337-CINUD,No,0,0.04057919960001858,Female,0,Yes,Yes,8,Two year,No,Bank transfer (automatic),19.5,159.35,Low
6100-FJZDG,No,0,0.04277681163647545,Male,0,Yes,Yes,26,One year,No,Bank transfer (automatic),20.05,505.9,Low
3658-QQJYD,No,0,0.039071089980617785,Male,0,No,No,62,One year,DSL,Credit card (automatic),74.3,4698.05,Low
9313-QOLTZ,No,0,0.06291490080823872,Male,0,No,No,26,Month-to-month,No,Mailed check,20.9,518.3,Low
2821-WARNZ,No,0,0.00892139017474631,Female,0,No,Yes,49,One year,No,Credit card (automatic),19.45,921.3,Low
0122-OAHPZ,Yes,1,0.6992302017288257,Female,0,No,No,7,Month-to-month,Fiber optic,Electronic check,73.85,511.25,High
3662-FXJFO,No,0,0.006302236758190951,Female,0,No,No,54,Two year,No,Mailed check,20.5,1035.7,Low
4822-LPTYJ,No,0,0.0978110484114907,Male,0,Yes,No,72,Two year,Fiber optic,Bank transfer (automatic),103.75,7346.2,Low
0979-MOZQI,No,0,0.01663496278785794,Male,0,Yes,No,62,Two year,DSL,Bank transfer (automatic),39.0,2337.45,Low
9575-IWCAZ,No,0,0.12044198140705366,Male,0,Yes,No,6,One year,No,Mailed check,25.1,171.0,Low
8262-COGGB,No,0,0.25716447496436917,Male,0,No,No,1,Month-to-month,No,Mailed check,20.45,20.45,Low
0654-PQKDW,No,0,0.020949335196659823,Female,0,Yes,Yes,62,One year,DSL,Bank transfer (automatic),70.75,4263.45,Low
2832-SCUCO,No,0,0.2514386660445451,Female,0,No,No,2,Month-to-month,No,Electronic check,19.9,57.4,Low
2260-USTRB,Yes,1,0.6688174615665128,Female,1,No,No,2,Month-to-month,Fiber optic,Bank transfer (automatic),70.2,115.95,High
5125-CNDSP,No,0,0.01487810485089563,Male,0,No,Yes,63,One year,DSL,Bank transfer (automatic),40.6,2588.95,Low
2418-TPEUN,No,0,0.004556043249651214,Female,0,Yes,Yes,56,Two year,No,Credit card (automatic),19.8,1119.9,Low
0396-YCHWO,No,1,0.595961801812967,Male,0,Yes,No,36,Month-to-month,Fiber optic,Electronic check,95.4,3474.2,Medium
3914-FDRHP,No,0,0.46139924908955443,Male,0,No,No,9,Month-to-month,Fiber optic,Electronic check,86.25,770.5,Medium
7421-ZLUPA,No,0,0.47651334852998195,Female,0,No,No,8,Month-to-month,DSL,Mailed check,29.25,226.95,Medium
8267-ZNYVZ,Yes,0,0.25001497997633004,Female,0,Yes,No,33,One year,Fiber optic,Electronic check,103.75,3361.05,Low
6439-LAJXL,No,0,0.20544914792023433,Male,0,Yes,No,9,Month-to-month,DSL,Mailed check,68.95,593.85,Low
4548-SDBKE,Yes,1,0.7486865559552577,Female,0,No,No,5,Month-to-month,Fiber optic,Electronic check,85.2,474.8,High
3133-PZNSR,No,0,0.027319806150173428,Male,0,Yes,Yes,72,Two year,Fiber optic,Credit card (automatic),97.75,6991.6,Low
2817-LVCPP,No,0,0.0051396574386396035,Female,0,No,No,50,Two year,No,Credit card (automatic),19.4,1023.95,Low
8788-DOXSU,No,0,0.053391516668192855,Male,0,No,No,59,One year,DSL,Bank transfer (automatic),61.35,3645.5,Low
9110-HSGTV,No,0,0.013686361252094444,Female,0,No,No,69,Two year,DSL,Credit card (automatic),82.45,5555.3,Low
7957-RYHQD,Yes,0,0.24285407091448066,Female,1,No,No,40,Month-to-month,Fiber optic,Credit card (automatic),79.2,3233.85,Low
5117-IFGPS,No,1,0.6331993141472632,Male,1,Yes,No,29,Month-to-month,Fiber optic,Electronic check,84.3,2357.75,High
1009-IRMNA,Yes,0,0.16094182923667585,Female,0,No,No,7,Month-to-month,No,Bank transfer (automatic),20.0,137.6,Low
0743-HRVFF,No,0,0.10303032606505068,Female,0,Yes,Yes,51,One year,DSL,Electronic check,56.15,2898.95,Low
4659-NZRUF,Yes,1,0.5601945384114814,Female,0,No,No,19,Month-to-month,Fiber optic,Electronic check,95.15,1789.25,Medium
6661-HBGWL,Yes,1,0.542584915152789,Female,1,No,No,42,Month-to-month,Fiber optic,Bank transfer (automatic),104.75,4323.45,Medium
4097-YODCF,No,0,0.3088999984844331,Male,0,No,Yes,34,One year,Fiber optic,Electronic check,103.8,3470.8,Medium
3780-DDGSE,No,0,0.22800000704067339,Male,1,Yes,Yes,35,Month-to-month,DSL,Electronic check,76.05,2747.2,Low
9606-PBKBQ,Yes,1,0.6135814553016843,Male,1,Yes,No,32,Month-to-month,Fiber optic,Electronic check,85.0,2642.05,High
2868-SNELZ,Yes,1,0.5942949918377756,Female,0,No,No,2,Month-to-month,Fiber optic,Mailed check,80.6,155.8,Medium
6258-PVZWJ,No,0,0.01965766635860948,Male,0,Yes,No,68,Two year,DSL,Credit card (automatic),90.8,6302.85,Low
9972-EWRJS,No,0,0.002859938131012929,Female,0,Yes,Yes,67,Two year,No,Bank transfer (automatic),19.25,1372.9,Low
8450-UYIBU,No,0,0.38865231239841697,Female,1,No,No,35,Month-to-month,DSL,Electronic check,39.85,1434.6,Medium
0428-IKYCP,No,0,0.4883571639027449,Male,0,Yes,No,22,Month-to-month,Fiber optic,Bank transfer (automatic),87.0,1850.65,Medium
8685-WHQPW,Yes,1,0.5714950931700304,Female,1,No,No,22,Month-to-month,Fiber optic,Bank transfer (automatic),74.4,1692.6,Medium
4324-AHJKS,No,0,0.24083007490879768,Female,0,No,No,5,Month-to-month,DSL,Credit card (automatic),55.8,300.4,Low
2360-RDGRO,No,0,0.3475500906754331,Male,0,Yes,No,65,Month-to-month,Fiber optic,Electronic check,104.25,6812.95,Medium
3451-VAWLI,No,0,0.009556946264150752,Female,0,Yes,Yes,35,Two year,No,Credit card (automatic),19.7,730.4,Low
2521-NPUZR,No,0,0.020954725792600274,Male,0,Yes,No,70,Two year,Fiber optic,Credit card (automatic),101.0,7085.5,Low
3540-RZJYU,Yes,0,0.44415413293525347,Female,0,No,No,15,Month-to-month,Fiber optic,Electronic check,86.2,1270.2,Medium
2962-XPMCQ,Yes,1,0.5026229006692544,Male,0,No,No,2,Month-to-month,DSL,Electronic check,45.15,98.5,Medium
2845-HSJCY,Yes,1,0.6740679671804417,Female,0,Yes,Yes,14,Month-to-month,Fiber optic,Electronic check,87.25,1258.6,High
9565-AXSMR,No,0,0.004054864731026507,Male,0,Yes,Yes,52,Two year,No,Mailed check,19.2,1054.75,Low
4657-FWVFY,No,0,0.3712753767485451,Female,0,Yes,Yes,40,Month-to-month,Fiber optic,Credit card (automatic),96.35,3915.4,Medium
6402-ZFPPI,Yes,1,0.5575585263410541,Female,1,No,No,25,Month-to-month,Fiber optic,Mailed check,102.8,2660.2,Medium
3761-FLYZI,No,0,0.4309079120017385,Female,1,Yes,No,65,Month-to-month,Fiber optic,Bank transfer (automatic),108.8,7082.45,Medium
9128-CPXKI,No,0,0.10683933118762934,Female,0,No,No,59,Two year,Fiber optic,Electronic check,95.8,5655.45,Low
5909-ECHUI,Yes,1,0.5798244836959136,Female,0,No,No,1,Month-to-month,DSL,Electronic check,56.25,56.25,Medium
5439-WIKXB,No,1,0.5170569716874988,Male,1,Yes,No,41,Month-to-month,Fiber optic,Electronic check,94.55,3851.45,Medium
3814-MLAXC,Yes,0,0.3122255479527195,Female,0,No,No,31,Month-to-month,Fiber optic,Credit card (automatic),79.85,2404.15,Medium
2107-FBPTK,No,1,0.687168418761809,Female,1,No,No,30,Month-to-month,Fiber optic,Electronic check,104.1,3121.1,High
3005-NFMTA,Yes,0,0.4482622784361029,Male,1,No,No,55,Month-to-month,Fiber optic,Electronic check,98.8,5617.75,Medium
6559-RAKOZ,No,0,0.24135942759816215,Male,0,Yes,Yes,49,One year,Fiber optic,Electronic check,97.95,4917.9,Low
3427-GGZZI,No,1,0.6420064765275154,Female,0,Yes,No,19,Month-to-month,Fiber optic,Electronic check,89.1,1620.8,High
3689-MOZGR,No,0,0.2506527963612577,Female,0,No,No,29,Month-to-month,DSL,Electronic check,31.2,926.2,Low
0308-GIQJT,No,0,0.11636428065466392,Male,1,No,No,71,One year,Fiber optic,Bank transfer (automatic),105.75,7382.85,Low
4884-LEVMQ,No,0,0.013381460088597537,Male,0,Yes,No,39,Two year,No,Bank transfer (automatic),20.45,790.0,Low
7055-VKGDA,Yes,0,0.09923331155766259,Male,0,No,No,54,One year,Fiber optic,Credit card (automatic),105.4,5643.4,Low
3768-NLUBH,Yes,0,0.4452058369487907,Male,1,Yes,No,57,Month-to-month,Fiber optic,Electronic check,100.6,5746.15,Medium
0426-TIRNE,Yes,0,0.20605126472078733,Female,0,No,No,1,Month-to-month,No,Mailed check,20.9,20.9,Low
9418-RUKPH,No,0,0.012420740252052248,Female,0,Yes,Yes,38,Two year,No,Mailed check,19.95,756.4,Low
3669-LVWZB,Yes,1,0.5972695217705696,Male,0,No,No,5,Month-to-month,DSL,Mailed check,51.0,305.95,Medium
8149-RSOUN,Yes,1,0.8031038216940312,Female,0,No,No,1,Month-to-month,Fiber optic,Electronic check,93.85,93.85,High
8896-RAZCR,No,0,0.0063469444022031096,Female,0,No,Yes,44,Two year,No,Mailed check,19.9,868.1,Low
4452-ROHMO,No,0,0.033165118718638295,Female,0,No,No,15,Two year,No,Mailed check,19.6,331.6,Low
9681-OXGVC,Yes,1,0.7890292675303916,Female,0,No,No,5,Month-to-month,Fiber optic,Electronic check,100.5,514.0,High
2592-HODOV,No,0,0.061699020298832626,Male,0,No,No,13,One year,No,Credit card (automatic),19.3,259.65,Low
1395-WSWXR,No,0,0.019816355101901974,Male,0,No,No,24,Two year,No,Mailed check,20.75,487.05,Low
8000-REIQB,Yes,1,0.7391911522141132,Female,1,No,No,1,Month-to-month,Fiber optic,Electronic check,69.95,69.95,High
7531-GQHME,No,0,0.11379441789591492,Male,0,No,No,12,Month-to-month,No,Credit card (automatic),20.05,265.45,Low
1087-UDSIH,Yes,0,0.2483238527395015,Female,0,No,No,3,Month-to-month,No,Mailed check,19.6,59.75,Low
6377-WHAOX,No,0,0.46279148058875486,Female,0,Yes,No,60,Month-to-month,Fiber optic,Electronic check,106.15,6411.25,Medium
9618-LFJRU,No,0,0.16997732140361696,Female,0,No,No,4,Month-to-month,No,Credit card (automatic),20.45,82.85,Low
8777-PVYGU,No,0,0.05064876621528028,Female,0,Yes,No,52,One year,DSL,Mailed check,64.3,3410.6,Low
5876-QMYLD,No,0,0.036848602137729176,Female,0,Yes,Yes,23,One year,No,Mailed check,20.05,415.1,Low
6214-EDAKZ,Yes,0,0.13919621677029476,Female,0,Yes,Yes,22,Month-to-month,DSL,Electronic check,55.15,1206.05,Low
3640-JQGJG,No,0,0.21711966562847776,Male,0,Yes,Yes,13,Month-to-month,DSL,Bank transfer (automatic),44.8,559.2,Low
2931-VUVJN,No,0,0.1276743060290695,Female,1,Yes,No,59,One year,Fiber optic,Electronic check,94.05,5483.9,Low
2988-PLAHS,No,0,0.44911075610465756,Female,0,No,No,3,One year,DSL,Electronic check,69.95,220.45,Medium
5245-VDBUR,No,0,0.03618597384552102,Female,0,Yes,No,52,One year,DSL,Mailed check,35.45,1958.95,Low
8384-FZBJK,No,0,0.4003195320827484,Female,0,Yes,Yes,57,Month-to-month,Fiber optic,Electronic check,100.6,5611.7,Medium
6519-ZHPXP,No,0,0.03513655396540298,Female,0,Yes,Yes,72,Two year,Fiber optic,Bank transfer (automatic),108.3,7679.65,Low
0723-VSOBE,No,0,0.13184248269156013,Female,1,No,No,45,One year,DSL,Electronic check,34.2,1596.6,Low
8443-ZRDBZ,Yes,1,0.711914167286503,Male,0,No,No,4,Month-to-month,Fiber optic,Electronic check,76.05,318.9,High
4635-EJYPD,No,0,0.011168556531195584,Male,0,Yes,Yes,32,Two year,No,Mailed check,18.95,613.95,Low
6928-ONTRW,No,0,0.001384117421426277,Female,0,Yes,Yes,72,Two year,No,Credit card (automatic),19.7,1379.8,Low
5144-TVGLP,No,1,0.550501845292825,Male,1,No,No,38,Month-to-month,Fiber optic,Electronic check,94.75,3653.0,Medium
4250-WAROZ,No,0,0.2945923012463693,Male,1,Yes,Yes,60,Month-to-month,Fiber optic,Electronic check,93.25,5774.55,Low
8909-BOLNL,No,0,0.10709302196787535,Male,0,No,No,3,One year,No,Mailed check,21.2,52.05,Low
2322-VCZHZ,No,1,0.5060268237310832,Male,1,Yes,No,23,Month-to-month,Fiber optic,Electronic check,90.0,2024.1,Medium
5442-BXVND,No,0,0.05530152495425236,Female,0,Yes,Yes,33,Month-to-month,No,Bank transfer (automatic),24.25,838.5,Low
9210-IAHGH,Yes,0,0.3547402790686217,Female,0,No,No,7,Month-to-month,DSL,Credit card (automatic),70.75,450.8,Medium
5414-OFQCB,No,0,0.06644135148628634,Male,0,No,No,57,Two year,Fiber optic,Credit card (automatic),90.45,5229.8,Low
5696-QURRL,Yes,0,0.4363974395898448,Male,0,No,No,1,Month-to-month,DSL,Mailed check,45.05,45.05,Medium
7661-CPURM,No,0,0.26584160438277676,Male,0,No,No,19,One year,Fiber optic,Credit card (automatic),87.7,1725.95,Low
9603-OAIHC,No,1,0.7276863541396308,Male,1,No,No,1,Month-to-month,Fiber optic,Electronic check,70.05,70.05,High
0178-CIIKR,No,0,0.1891050847434005,Female,0,No,No,3,Month-to-month,No,Mailed check,19.95,58.0,Low
7508-MYBOG,Yes,1,0.6826099872113494,Male,0,Yes,No,14,Month-to-month,Fiber optic,Electronic check,86.1,1235.55,High
5236-XMZJY,No,0,0.06675901201764542,Female,0,No,No,42,Month-to-month,DSL,Bank transfer (automatic),59.65,2536.55,Low
0027-KWYKW,No,1,0.5789388618726384,Female,0,Yes,Yes,23,Month-to-month,Fiber optic,Electronic check,83.75,1849.95,Medium
5392-AKEMH,No,0,0.40664057763629263,Female,0,No,No,12,Month-to-month,DSL,Electronic check,45.05,523.1,Medium
2568-BRGYX,Yes,1,0.6504010300606878,Male,0,No,No,4,Month-to-month,Fiber optic,Electronic check,70.2,237.95,High
8008-ESFLK,No,0,0.12312580682144247,Female,0,Yes,No,53,One year,Fiber optic,Electronic check,110.5,5835.5,Low
2725-KXXWT,Yes,1,0.7522418685276864,Male,0,Yes,No,1,Month-to-month,Fiber optic,Electronic check,90.75,90.75,High
6988-CJEYV,No,0,0.3976925829648717,Male,0,No,No,49,Month-to-month,Fiber optic,Electronic check,98.7,4920.55,Medium
9470-YFUYI,No,0,0.01942544718541477,Male,1,Yes,No,71,One year,DSL,Bank transfer (automatic),71.0,5012.1,Low
4504-YOULA,No,0,0.11841457446167525,Female,0,Yes,Yes,35,Month-to-month,DSL,Credit card (automatic),59.45,2136.9,Low
2761-OCIAX,Yes,1,0.6949958704022718,Male,1,No,No,2,Month-to-month,Fiber optic,Electronic check,74.7,165.4,High
3668-QPYBK,Yes,0,0.30814420771770634,Male,0,No,No,2,Month-to-month,DSL,Mailed check,53.85,108.15,Medium
5850-BDWCY,No,0,0.16680581622986135,Female,0,No,No,6,Month-to-month,No,Mailed check,20.2,123.65,Low
2853-CWQFQ,No,0,0.3401375840668055,Male,0,No,Yes,1,Month-to-month,DSL,Mailed check,59.55,59.55,Medium
9717-IOAAF,No,0,0.02591692409995609,Male,0,No,Yes,27,Two year,No,Credit card (automatic),25.85,788.55,Low
4183-WCSEP,Yes,0,0.3012894525911902,Male,0,No,No,31,Month-to-month,Fiber optic,Electronic check,78.45,2435.15,Medium
3173-NVMPX,No,0,0.3671147654579699,Female,0,Yes,Yes,9,Month-to-month,DSL,Mailed check,55.3,501.2,Medium
9873-MNDKV,No,0,0.34429850867335277,Female,0,No,No,11,Month-to-month,DSL,Mailed check,44.65,472.25,Medium
5561-NWEVX,Yes,1,0.72057872361604,Female,1,Yes,No,2,Month-to-month,Fiber optic,Electronic check,79.2,172.85,High
8903-XEBGX,No,1,0.5122943549009573,Male,0,No,Yes,2,Month-to-month,DSL,Electronic check,55.3,108.65,Medium
0314-TKOSI,No,0,0.2210300872806418,Female,0,No,No,6,Month-to-month,DSL,Mailed check,55.15,322.9,Low
9588-YRFHY,No,0,0.007266382760962963,Male,0,No,No,49,Two year,No,Credit card (automatic),19.9,1022.6,Low
9919-FZDED,No,0,0.027672014571568326,Male,1,Yes,No,72,Two year,DSL,Credit card (automatic),84.1,5981.65,Low
5960-MVTUK,No,1,0.5223760286770657,Male,0,No,No,3,Month-to-month,DSL,Electronic check,29.75,96.85,Medium
7410-YTJIK,Yes,1,0.5455367904789227,Female,0,No,No,7,Month-to-month,Fiber optic,Mailed check,75.45,480.75,Medium
1705-GUHPV,No,0,0.004082706703685122,Female,0,No,No,63,Two year,No,Mailed check,24.2,1618.2,Low
5673-FSSMF,Yes,1,0.6402812222580737,Female,0,No,No,1,Month-to-month,DSL,Electronic check,60.15,60.15,High
5260-UMPWX,No,0,0.07330075923230256,Female,0,Yes,Yes,26,Month-to-month,No,Credit card (automatic),20.25,493.95,Low
8510-BBWMU,No,0,0.024540007324259948,Female,0,No,No,41,One year,No,Mailed check,19.75,806.95,Low
5445-GLVOT,No,0,0.23582535480495845,Female,0,No,No,22,Month-to-month,DSL,Electronic check,49.8,1049.05,Low
5876-HZVZM,Yes,0,0.1855827551708984,Female,0,Yes,Yes,6,Month-to-month,DSL,Credit card (automatic),55.9,365.35,Low
6581-NQCBA,Yes,0,0.4945261701422969,Female,0,Yes,No,16,Month-to-month,DSL,Electronic check,49.95,810.2,Medium
6582-PLFUU,No,0,0.0040051248689679094,Male,0,Yes,Yes,51,Two year,No,Credit card (automatic),19.55,1086.75,Low
4547-LYTDD,Yes,1,0.545444953240774,Female,0,No,No,16,Month-to-month,Fiber optic,Electronic check,72.65,1194.3,Medium
0943-ZQPXH,No,0,0.3561529956936826,Male,0,Yes,Yes,44,Month-to-month,Fiber optic,Bank transfer (automatic),92.95,4122.9,Medium
2229-VWQJH,No,0,0.22564943160403955,Female,0,No,No,24,Month-to-month,DSL,Credit card (automatic),49.3,1233.25,Low
9702-AIUJO,No,0,0.040507855710666237,Male,0,Yes,Yes,50,One year,DSL,Bank transfer (automatic),44.8,2230.85,Low
4529-CKBCL,Yes,1,0.7123797758141533,Female,0,No,No,2,Month-to-month,Fiber optic,Electronic check,80.2,146.05,High
5913-INRQV,No,0,0.12862158201992543,Male,1,Yes,No,34,One year,Fiber optic,Mailed check,90.15,3128.8,Low
6777-TGHTM,Yes,0,0.23168345661804457,Female,0,No,No,53,One year,Fiber optic,Credit card (automatic),106.95,5785.5,Low
0362-ZBZWJ,Yes,1,0.5263301704482344,Male,0,No,No,36,Month-to-month,Fiber optic,Electronic check,84.9,3067.2,Medium
0057-QBUQH,No,0,0.01763801127908589,Female,0,No,Yes,43,Two year,No,Electronic check,25.1,1070.15,Low
7609-NRNCA,No,0,0.05701591603045561,Female,0,No,No,17,One year,No,Mailed check,19.55,280.85,Low
2091-RFFBA,Yes,1,0.5558068214728061,Female,1,No,No,31,Month-to-month,Fiber optic,Electronic check,73.9,2217.15,Medium
9451-WLYRI,No,0,0.00869571680472641,Female,0,Yes,No,53,One year,No,Credit card (automatic),19.05,990.45,Low
5126-RCXYW,No,0,0.015988363094745415,Male,0,Yes,Yes,54,Two year,DSL,Credit card (automatic),46.0,2424.05,Low
3806-DXQOM,Yes,1,0.5085612565216437,Female,0,No,No,4,Month-to-month,DSL,Electronic check,33.65,137.85,Medium
7856-GANIL,No,0,0.22384845507995296,Male,1,Yes,No,45,One year,Fiber optic,Bank transfer (automatic),98.7,4525.8,Low
4568-TTZRT,No,0,0.1391140888728019,Male,0,No,No,9,Month-to-month,No,Mailed check,20.4,181.8,Low
8896-BQTTI,No,0,0.30912856270698363,Male,0,No,No,1,Month-to-month,No,Mailed check,25.0,25.0,Medium
7072-MBHEV,No,1,0.60553079219582,Female,1,Yes,Yes,11,Month-to-month,Fiber optic,Credit card (automatic),78.1,864.85,High
0022-TCJCI,Yes,0,0.051106930543418076,Male,1,No,No,45,One year,DSL,Credit card (automatic),62.7,2791.5,Low
1465-LNTLJ,No,0,0.3655424654842908,Male,1,Yes,No,8,Month-to-month,DSL,Credit card (automatic),64.4,581.7,Medium
0519-DRGTI,No,0,0.07777846808696429,Female,0,Yes,Yes,20,Month-to-month,No,Mailed check,20.35,442.6,Low
7601-GNDYK,No,0,0.009635498165830073,Male,0,Yes,Yes,35,Two year,No,Mailed check,19.6,686.95,Low
8851-RAGOV,No,0,0.14636907780401243,Female,0,Yes,No,25,Month-to-month,DSL,Mailed check,71.05,1837.7,Low
4567-AKPIA,No,0,0.23513867663284424,Female,0,Yes,Yes,41,One year,Fiber optic,Bank transfer (automatic),109.1,4454.25,Low
5183-SNMJQ,No,0,0.4945507236142182,Male,0,No,No,10,Month-to-month,Fiber optic,Credit card (automatic),95.1,865.1,Medium
1945-XISKS,No,0,0.0023399234660627624,Female,0,Yes,No,67,Two year,No,Mailed check,19.65,1335.2,Low
4514-GFCFI,Yes,1,0.7242876073776475,Female,1,No,No,16,Month-to-month,Fiber optic,Electronic check,84.75,1350.15,High
0234-TEVTT,No,0,0.04633324167844533,Female,0,Yes,Yes,48,One year,DSL,Credit card (automatic),45.0,2196.3,Low
5119-KEPFY,No,1,0.5202432861774078,Male,0,Yes,No,36,Month-to-month,Fiber optic,Bank transfer (automatic),95.0,3440.25,Medium
9412-GHEEC,Yes,0,0.32375684067456123,Male,0,No,No,40,Month-to-month,Fiber optic,Bank transfer (automatic),104.8,4131.95,Medium
5196-WPYOW,No,0,0.00725893928585454,Male,0,Yes,Yes,67,One year,DSL,Mailed check,60.05,3994.05,Low
2969-VAPYH,No,0,0.007970241783295558,Female,0,No,No,67,One year,DSL,Credit card (automatic),60.5,3870.0,Low
2120-SMPEX,No,0,0.0918779042031658,Male,0,No,No,25,Month-to-month,No,Mailed check,20.15,536.35,Low
8486-AYEQH,No,0,0.4981481267028231,Female,0,No,No,31,Month-to-month,Fiber optic,Electronic check,76.05,2227.8,Medium
3716-BDVDB,Yes,1,0.6767836684104277,Male,0,No,No,1,Month-to-month,Fiber optic,Electronic check,69.1,69.1,High
6345-HOVES,No,0,0.21071332721461122,Male,0,No,No,34,Month-to-month,DSL,Bank transfer (automatic),25.05,852.7,Low
2122-YWVYA,No,0,0.4608110038813331,Female,0,No,No,18,Month-to-month,Fiber optic,Electronic check,75.4,1380.4,Medium
1732-FEKLD,No,0,0.20926936287593176,Female,0,No,No,54,One year,Fiber optic,Bank transfer (automatic),94.75,5121.75,Low
2208-UGTGR,No,0,0.35072324811262484,Male,0,No,No,56,Month-to-month,Fiber optic,Electronic check,98.6,5581.05,Medium
6147-CBCRA,No,0,0.04803672159699581,Female,0,Yes,No,33,Month-to-month,No,Mailed check,20.05,669.45,Low
0810-BDHAW,No,0,0.15556960305078255,Female,0,Yes,Yes,24,One year,DSL,Electronic check,78.4,1832.4,Low
1450-SKCVI,Yes,0,0.2194067129179505,Female,0,No,No,56,Month-to-month,Fiber optic,Electronic check,73.85,4092.85,Low
7479-NITWS,Yes,1,0.6420850279326283,Male,0,No,No,7,Month-to-month,Fiber optic,Credit card (automatic),89.35,631.85,High
9685-WKZGT,Yes,1,0.687005023146725,Male,1,No,No,14,Month-to-month,Fiber optic,Electronic check,74.95,1036.75,High
4706-AXVKM,Yes,1,0.6887538051225605,Female,1,No,No,11,Month-to-month,Fiber optic,Credit card (automatic),84.8,906.85,High
3992-YWPKO,Yes,1,0.5851784154531162,Female,0,No,No,6,Month-to-month,Fiber optic,Credit card (automatic),109.9,669.45,Medium
4945-RVMTE,No,0,0.24906513282929543,Female,0,No,No,28,Month-to-month,DSL,Bank transfer (automatic),59.55,1646.45,Low
4139-DETXS,No,0,0.008715105963547107,Female,0,Yes,Yes,72,Two year,DSL,Bank transfer (automatic),64.45,4528.0,Low
8785-CJSHH,No,0,0.42684567945497714,Female,0,Yes,No,60,Month-to-month,Fiber optic,Electronic check,99.8,5985.75,Medium
8992-OBVDG,No,0,0.24503472428523565,Male,0,No,No,21,Month-to-month,DSL,Mailed check,61.65,1393.6,Low
8610-WFCJF,Yes,0,0.48307810808438517,Female,0,Yes,Yes,49,Month-to-month,Fiber optic,Electronic check,95.6,4783.5,Medium
4929-BSTRX,Yes,0,0.4853790207960327,Female,0,No,No,1,Month-to-month,DSL,Mailed check,53.55,53.55,Medium
3799-ISUZQ,Yes,1,0.5218390489154721,Male,0,Yes,Yes,7,Month-to-month,Fiber optic,Bank transfer (automatic),69.95,529.5,Medium
2898-MRKPI,No,0,0.14987368478023716,Male,0,Yes,Yes,68,One year,Fiber optic,Credit card (automatic),101.05,6770.5,Low
4703-MQYKT,No,0,0.02273681103127649,Male,0,No,No,21,Two year,No,Mailed check,19.6,390.4,Low
8395-ETZKQ,No,0,0.004340738404935609,Male,1,Yes,Yes,68,One year,No,Bank transfer (automatic),19.5,1193.55,Low
1848-LBZHY,No,0,0.3097870481359783,Female,0,Yes,No,7,Month-to-month,DSL,Bank transfer (automatic),50.3,355.1,Medium
1724-IQWNM,No,0,0.22552860475827463,Male,0,No,Yes,1,Month-to-month,No,Mailed check,19.3,19.3,Low
8818-DOPVL,No,1,0.5991322631154885,Female,1,No,No,46,Month-to-month,Fiber optic,Electronic check,104.45,4863.85,Medium
4248-HCETZ,Yes,0,0.40204587360228855,Male,1,Yes,No,30,Month-to-month,Fiber optic,Mailed check,79.65,2365.15,Medium
1740-CSDJP,Yes,1,0.6321042903307433,Male,0,No,No,1,Month-to-month,DSL,Bank transfer (automatic),35.25,35.25,High
1656-DRSMG,No,0,0.27038964793888204,Female,0,No,No,63,Month-to-month,Fiber optic,Credit card (automatic),109.85,7002.95,Low
6288-LBEAR,No,0,0.30442774821521223,Female,0,No,No,23,Month-to-month,Fiber optic,Mailed check,79.1,1783.75,Medium
7996-MHXLW,No,0,0.00458630507894344,Female,0,No,No,66,Two year,No,Credit card (automatic),25.15,1683.6,Low
1064-FBXNK,No,0,0.09506007534711379,Male,0,Yes,Yes,1,One year,No,Credit card (automatic),19.85,19.85,Low
1265-ZFOSD,No,0,0.01730074644807064,Female,0,Yes,No,64,Two year,DSL,Mailed check,81.3,5129.3,Low
2791-SFVEW,No,0,0.14989554460737994,Female,0,No,No,9,Month-to-month,No,Bank transfer (automatic),20.15,238.15,Low
3812-LRZIR,No,0,0.028645801284554663,Female,0,Yes,Yes,27,Two year,No,Electronic check,24.5,761.95,Low
9782-LGXMC,No,0,0.03375758636861917,Female,0,Yes,Yes,49,Month-to-month,DSL,Bank transfer (automatic),61.75,3024.15,Low
4976-LNFVV,No,0,0.37859216782634325,Male,1,Yes,No,19,Month-to-month,DSL,Credit card (automatic),34.3,577.15,Medium
3570-YUEKJ,No,0,0.14629813673552966,Female,0,No,No,42,Month-to-month,DSL,Electronic check,49.55,2077.95,Low
1086-LXKFY,Yes,1,0.5835791254523316,Female,0,Yes,Yes,1,Month-to-month,Fiber optic,Mailed check,69.1,69.1,Medium
1980-KXVPM,Yes,1,0.7009728388084489,Female,1,No,No,3,Month-to-month,Fiber optic,Credit card (automatic),75.05,256.25,High
1965-AKTSX,Yes,1,0.6753897450025745,Female,1,No,No,14,Month-to-month,Fiber optic,Electronic check,78.95,1101.85,High
3466-WAESX,No,0,0.327993707433419,Male,0,No,Yes,16,Month-to-month,DSL,Electronic check,69.1,1083.7,Medium
9432-RUVSL,No,0,0.06946100600652551,Female,0,No,No,48,Two year,Fiber optic,Credit card (automatic),102.5,4904.25,Low
7716-YTYHG,Yes,0,0.21284808841681413,Female,0,Yes,Yes,48,One year,Fiber optic,Mailed check,82.05,4029.95,Low
2027-CWDNU,No,0,0.4601236889461299,Male,0,Yes,Yes,18,Month-to-month,Fiber optic,Electronic check,85.6,1601.5,Medium
9497-QCMMS,Yes,1,0.830140493933022,Male,1,No,No,1,Month-to-month,Fiber optic,Electronic check,93.55,93.55,High
6898-RBTLU,No,0,0.027845135408964737,Female,0,Yes,Yes,49,Two year,DSL,Bank transfer (automatic),79.3,3902.45,Low
8189-HBVRW,No,0,0.21468654078208158,Female,0,No,No,53,Month-to-month,Fiber optic,Electronic check,90.8,4921.2,Low
1907-YLNYW,No,0,0.41329549242302605,Male,0,No,No,8,Month-to-month,DSL,Electronic check,66.7,579.0,Medium
8835-VSDSE,Yes,1,0.6863761919509724,Female,0,Yes,No,2,Month-to-month,Fiber optic,Electronic check,70.7,141.45,High
6857-TKDJV,No,0,0.0026575140448023777,Male,0,Yes,Yes,67,Two year,No,Bank transfer (automatic),24.65,1620.45,Low
4177-JPDFU,No,0,0.24741636317765112,Male,0,No,No,12,Month-to-month,DSL,Mailed check,34.0,442.45,Low
7817-OMJNA,No,0,0.06421687385221302,Male,0,No,No,14,One year,No,Bank transfer (automatic),20.4,275.7,Low
6427-FEFIG,No,0,0.06700958023869093,Female,0,Yes,Yes,24,Two year,DSL,Credit card (automatic),78.6,1846.65,Low
4503-BDXBD,Yes,0,0.47880736312089545,Male,0,No,No,11,Month-to-month,Fiber optic,Electronic check,74.95,815.5,Medium
5993-JSUWV,No,0,0.010763112691957162,Female,0,No,No,66,Two year,DSL,Bank transfer (automatic),61.15,4017.45,Low
7901-TBKJX,No,1,0.5311215245113217,Male,1,No,No,56,Month-to-month,Fiber optic,Electronic check,101.05,5594.0,Medium
6961-MJKBO,No,0,0.0061767609170935035,Male,0,No,No,47,Two year,No,Bank transfer (automatic),20.45,943.0,Low
8824-RWFXJ,Yes,0,0.3534839633011714,Male,0,Yes,Yes,3,Month-to-month,DSL,Mailed check,56.15,168.15,Medium
9127-QRZMH,No,0,0.029630541830549428,Male,0,Yes,No,44,One year,DSL,Bank transfer (automatic),59.85,2603.95,Low
4795-WRNVT,No,0,0.08418600861755958,Female,0,No,No,40,Month-to-month,DSL,Mailed check,65.1,2586.0,Low
0468-YRPXN,No,0,0.3743865092802166,Male,0,No,No,29,Month-to-month,Fiber optic,Credit card (automatic),98.8,2807.1,Medium
6348-SNFUS,No,0,0.008310430854635686,Male,0,Yes,Yes,72,Two year,DSL,Credit card (automatic),55.45,4179.2,Low
6869-FGJJC,No,0,0.05062531050565493,Male,0,No,No,68,One year,Fiber optic,Credit card (automatic),79.6,5461.45,Low
3468-DRVQJ,No,0,0.19174754489142037,Female,0,Yes,Yes,10,One year,DSL,Electronic check,70.3,676.15,Low
6992-TKNYO,No,0,0.0702620160058537,Male,0,Yes,No,38,One year,DSL,Credit card (automatic),69.0,2669.45,Low
6620-HVDUJ,No,0,0.07964024929667658,Male,0,No,No,24,Month-to-month,DSL,Bank transfer (automatic),60.45,1440.75,Low
4198-VFOEA,No,0,0.17270225845189333,Female,0,No,No,12,One year,DSL,Mailed check,33.6,435.45,Low
4903-UYAVB,Yes,0,0.16862965927404885,Male,0,Yes,No,5,Month-to-month,No,Mailed check,19.35,126.05,Low
5889-JTMUL,Yes,0,0.49779827344090677,Female,1,Yes,No,50,Month-to-month,Fiber optic,Electronic check,95.05,4888.7,Medium
2662-NNTDK,No,0,0.006316671795824013,Male,0,No,No,65,One year,No,Credit card (automatic),24.8,1600.95,Low
9605-WGJVW,No,1,0.739341667345614,Female,1,No,No,1,Month-to-month,Fiber optic,Electronic check,70.2,70.2,High
0674-DGMAQ,No,1,0.6082582273231951,Male,1,Yes,No,32,Month-to-month,Fiber optic,Electronic check,93.5,2970.8,High
2684-EIWEO,Yes,0,0.31410930167379864,Female,1,No,No,30,Month-to-month,Fiber optic,Credit card (automatic),91.7,2758.15,Medium
0549-CYCQN,No,0,0.18550222565161886,Male,1,No,No,51,One year,Fiber optic,Bank transfer (automatic),79.6,3974.7,Low
2065-MMKGR,No,0,0.21891392507747845,Female,0,No,No,29,One year,DSL,Credit card (automatic),71.0,2080.1,Low
3190-FZATL,No,0,0.09484222988795435,Male,0,No,Yes,14,Month-to-month,No,Mailed check,19.95,268.4,Low
4609-KNNWG,No,0,0.015489915578852232,Female,0,Yes,Yes,27,Two year,No,Mailed check,19.9,550.1,Low
4184-VODJZ,No,0,0.18119898713245797,Male,0,Yes,Yes,63,One year,Fiber optic,Electronic check,91.35,5764.7,Low
4849-PYRLQ,No,0,0.01982686949561145,Female,1,No,No,56,Two year,DSL,Bank transfer (automatic),73.25,4054.2,Low
7268-WNTCP,No,0,0.002490981421392904,Male,0,Yes,Yes,62,Two year,No,Bank transfer (automatic),20.45,1297.35,Low
1814-WFGVS,No,0,0.005537357529447405,Male,0,Yes,Yes,72,Two year,DSL,Mailed check,48.9,3527.0,Low
5980-BDHPY,No,0,0.01660310334591558,Male,0,Yes,No,72,Two year,DSL,Bank transfer (automatic),87.1,6230.1,Low
4194-FJARJ,No,0,0.009654983066714575,Female,0,Yes,Yes,54,Two year,DSL,Bank transfer (automatic),60.0,3273.95,Low
2311-QYMUQ,Yes,0,0.45773325129764975,Female,0,Yes,Yes,16,Month-to-month,Fiber optic,Credit card (automatic),89.45,1430.25,Medium
2379-ENZGV,Yes,1,0.6461694503867448,Male,0,No,No,6,Month-to-month,Fiber optic,Electronic check,84.85,523.5,High
7401-RUBNK,No,0,0.3837620452488511,Female,0,Yes,No,18,Month-to-month,Fiber optic,Electronic check,74.8,1438.05,Medium
2135-RXIHG,Yes,1,0.5133476468744582,Male,0,No,No,1,Month-to-month,DSL,Electronic check,45.65,45.65,Medium
8707-RMEZH,No,0,0.06402849988480715,Female,1,Yes,No,69,One year,Fiber optic,Credit card (automatic),87.3,6055.55,Low
6416-JNVRK,No,0,0.0566154683290417,Female,0,No,No,46,One year,DSL,Credit card (automatic),55.65,2688.85,Low
2338-BQEZT,No,0,0.05119959095482747,Female,0,No,No,55,Month-to-month,DSL,Credit card (automatic),50.55,2832.75,Low
5394-MEITZ,No,0,0.022752850535963747,Female,0,Yes,Yes,60,Two year,DSL,Bank transfer (automatic),80.6,4946.7,Low
8417-FMLZI,Yes,1,0.5267873242132444,Male,0,Yes,Yes,6,Month-to-month,Fiber optic,Credit card (automatic),83.55,477.55,Medium
1852-QSWCD,No,0,0.0042823012878735155,Male,0,Yes,Yes,64,Two year,No,Mailed check,24.8,1514.85,Low
3097-FQTVJ,No,0,0.008766491591076208,Female,0,No,No,41,Two year,No,Mailed check,20.0,810.3,Low
9360-AHGNL,Yes,0,0.26312417668572996,Female,1,Yes,No,43,One year,Fiber optic,Mailed check,109.55,4830.25,Low
7480-QNVZJ,Yes,1,0.5548071918920598,Male,1,No,No,50,Month-to-month,Fiber optic,Electronic check,95.7,4816.7,Medium
3891-NLXJB,No,0,0.026603930392401016,Male,0,No,No,37,Two year,DSL,Mailed check,40.55,1390.85,Low
2372-HWUHI,Yes,0,0.4143985613969081,Male,0,No,No,2,Month-to-month,DSL,Electronic check,44.35,81.25,Medium
3976-HXHCE,No,0,0.0016840535261884657,Male,0,No,No,72,Two year,No,Bank transfer (automatic),19.3,1414.8,Low
1352-VHKAJ,No,0,0.18047374234733662,Male,0,Yes,Yes,27,Month-to-month,DSL,Bank transfer (automatic),71.6,1957.1,Low
7047-FWEYA,No,0,0.2743481443298759,Female,0,Yes,No,46,One year,Fiber optic,Electronic check,103.15,4594.65,Low
2651-ZCBXV,No,0,0.06797527759162214,Male,0,No,No,54,Two year,Fiber optic,Credit card (automatic),108.0,5760.65,Low
0704-VCUMB,No,0,0.003003516518241377,Female,0,Yes,No,61,Two year,No,Credit card (automatic),20.25,1278.8,Low
5791-KAJFD,No,0,0.053270207753883324,Female,0,Yes,Yes,56,One year,DSL,Bank transfer (automatic),68.75,3808.0,Low
4654-GGUII,No,0,0.12414821243447467,Female,0,No,No,18,One year,DSL,Mailed check,40.2,711.95,Low
9305-CDSKC,Yes,1,0.7752205764687594,Female,0,No,No,8,Month-to-month,Fiber optic,Electronic check,99.65,820.5,High
8639-NHQEI,No,0,0.04551124052726913,Female,0,Yes,Yes,72,Two year,Fiber optic,Bank transfer (automatic),95.9,6954.15,Low
3754-DXMRT,Yes,1,0.561384685602583,Male,1,No,No,2,Month-to-month,DSL,Electronic check,44.15,92.65,Medium
9348-ROUAI,No,0,0.014884538014101143,Female,0,Yes,Yes,59,Two year,DSL,Credit card (automatic),90.3,5194.05,Low
6985-HAYWX,No,0,0.36648072058118863,Female,0,Yes,No,26,Month-to-month,Fiber optic,Bank transfer (automatic),79.3,2015.8,Medium
8687-BAFGU,No,0,0.4866183650981766,Male,0,No,No,1,Month-to-month,Fiber optic,Electronic check,74.0,74.0,Medium
1015-OWJKI,No,0,0.19562942166802966,Male,0,No,No,1,Month-to-month,No,Mailed check,19.05,19.05,Low
6861-XWTWQ,Yes,1,0.8091481559160743,Male,1,Yes,No,7,Month-to-month,Fiber optic,Electronic check,99.25,665.45,High
6022-KOUQO,No,0,0.3521507092830527,Female,0,Yes,Yes,2,Month-to-month,DSL,Bank transfer (automatic),29.05,44.75,Medium
7409-KIUTL,Yes,1,0.7059232173696292,Female,1,No,Yes,1,Month-to-month,Fiber optic,Electronic check,71.0,71.0,High
5980-NOPLP,Yes,1,0.5652554038118012,Female,0,Yes,No,44,Month-to-month,Fiber optic,Electronic check,96.1,4364.1,Medium
6519-CFDBX,No,1,0.5162247679953826,Female,0,No,No,2,Month-to-month,DSL,Electronic check,45.4,80.95,Medium
6968-URWQU,No,0,0.08257138998901628,Male,0,Yes,No,43,One year,DSL,Mailed check,56.35,2391.15,Low
0604-THJFP,No,0,0.019285073231895527,Female,0,Yes,Yes,59,Two year,DSL,Credit card (automatic),75.95,4542.35,Low
5868-YWPDW,Yes,1,0.7152002718279368,Male,1,Yes,No,6,Month-to-month,Fiber optic,Electronic check,84.2,519.15,High
3148-BLQJT,Yes,0,0.1961460226268824,Male,0,No,No,1,Month-to-month,No,Mailed check,20.1,20.1,Low
7079-QRCBC,Yes,1,0.6902136433509822,Female,0,No,No,24,Month-to-month,Fiber optic,Electronic check,98.75,2407.3,High
8868-WOZGU,Yes,1,0.6371964045367687,Male,0,No,No,28,Month-to-month,Fiber optic,Electronic check,105.7,2979.5,High
2578-JQPHZ,No,0,0.07920428960538739,Male,0,No,No,44,Two year,Fiber optic,Bank transfer (automatic),100.1,4378.35,Low
9501-UKKNL,No,0,0.13003080815035514,Male,0,No,No,59,Month-to-month,DSL,Electronic check,51.7,3005.8,Low
9978-HYCIN,No,0,0.18188287821172114,Male,1,Yes,Yes,47,One year,Fiber optic,Bank transfer (automatic),84.95,4018.05,Low
0324-BRPCJ,Yes,0,0.4384612238553414,Female,1,Yes,No,68,Month-to-month,Fiber optic,Electronic check,100.2,6851.65,Medium
2609-IAICY,Yes,1,0.743776393027126,Female,0,No,No,1,Month-to-month,Fiber optic,Electronic check,77.15,77.15,High
5644-PDMZC,Yes,1,0.729719109821595,Female,1,No,No,2,Month-to-month,Fiber optic,Electronic check,89.5,161.5,High
5959-BELXA,Yes,1,0.5787733516048226,Male,1,No,No,32,Month-to-month,Fiber optic,Credit card (automatic),96.15,3019.25,Medium
2840-XANRC,Yes,1,0.6651078806897254,Male,1,Yes,No,24,Month-to-month,Fiber optic,Electronic check,93.15,2231.05,High
2040-LDIWQ,No,0,0.023224026844585126,Male,0,Yes,Yes,65,Two year,DSL,Bank transfer (automatic),84.2,5324.5,Low
1971-DTCZB,No,0,0.019123778215110052,Female,0,Yes,No,72,Two year,DSL,Bank transfer (automatic),90.95,6468.6,Low
2454-RPBRZ,Yes,1,0.7335821145023639,Female,1,Yes,No,12,Month-to-month,Fiber optic,Electronic check,98.1,1060.2,High
7874-ECPQJ,No,0,0.21177324215933252,Female,0,No,Yes,4,Month-to-month,No,Bank transfer (automatic),20.05,85.5,Low
6941-KXRRV,No,0,0.088315073496397,Female,1,Yes,No,48,One year,DSL,Bank transfer (automatic),58.95,2789.7,Low
1053-MXTTK,No,0,0.03566436416476696,Female,0,Yes,Yes,72,Two year,Fiber optic,Bank transfer (automatic),108.65,7726.35,Low
9796-MVYXX,No,0,0.08348404577361977,Female,1,No,No,14,Two year,DSL,Mailed check,39.7,692.35,Low
6029-WTIPC,Yes,1,0.6572952552326721,Male,1,No,No,37,Month-to-month,Fiber optic,Electronic check,101.1,3744.05,High
0523-VNGTF,No,0,0.15982041077896758,Female,1,No,No,52,Month-to-month,DSL,Electronic check,50.5,2566.3,Low
2746-DIJLO,No,0,0.0869052066143274,Female,0,No,No,41,One year,DSL,Credit card (automatic),56.3,2364.0,Low
6445-TNRXS,No,0,0.055867946752167906,Male,0,Yes,Yes,68,Two year,Fiber optic,Bank transfer (automatic),114.7,7849.85,Low
4958-GZWIY,Yes,0,0.3317642843724534,Male,0,Yes,Yes,7,Month-to-month,DSL,Electronic check,48.7,340.25,Medium
5044-LRQAQ,No,1,0.5738925567564425,Female,0,Yes,No,7,Month-to-month,Fiber optic,Bank transfer (automatic),69.2,477.55,Medium
5049-GLYVG,Yes,0,0.19639238531426953,Male,0,No,No,1,Month-to-month,No,Mailed check,20.6,20.6,Low
2877-VDUER,No,0,0.07052282881000589,Female,0,Yes,Yes,35,One year,DSL,Mailed check,40.9,1383.6,Low
1216-JWVUX,No,0,0.41049879581847726,Male,0,Yes,Yes,25,Month-to-month,Fiber optic,Electronic check,75.5,1901.05,Medium
3319-DWOEP,Yes,1,0.7723716767651525,Male,1,Yes,No,6,Month-to-month,Fiber optic,Electronic check,95.75,573.75,High
3902-FOIGH,Yes,1,0.7671712223614363,Male,1,Yes,No,12,Month-to-month,Fiber optic,Electronic check,101.35,1218.55,High
6591-QGOYB,No,0,0.3706407030432806,Male,0,No,No,17,Month-to-month,Fiber optic,Bank transfer (automatic),106.65,1672.1,Medium
2363-BJLSL,No,0,0.0783066657207105,Male,0,No,No,62,Month-to-month,DSL,Bank transfer (automatic),80.4,4981.15,Low
8070-AAWZP,No,0,0.2158703927167853,Male,1,Yes,No,24,Month-to-month,DSL,Mailed check,34.25,828.2,Low
7277-OZCGZ,No,0,0.3831417450572757,Female,0,No,No,22,Month-to-month,Fiber optic,Electronic check,89.05,1886.25,Medium
6702-OHFWR,Yes,1,0.7221456274435795,Male,1,No,No,1,Month-to-month,DSL,Electronic check,43.3,43.3,High
2519-TWKFS,No,0,0.10395911611337257,Male,0,Yes,Yes,25,One year,DSL,Mailed check,55.1,1466.1,Low
0564-JJHGS,Yes,1,0.7532599106655972,Male,0,No,No,9,Month-to-month,Fiber optic,Electronic check,95.5,829.1,High
1768-ZAIFU,Yes,1,0.7169892232482148,Female,1,No,No,1,Month-to-month,DSL,Electronic check,25.2,25.2,High
5377-NDTOU,No,0,0.011396954432352866,Female,0,Yes,Yes,71,Two year,DSL,Mailed check,91.05,6293.75,Low
4250-FDVOU,Yes,0,0.2831808082197197,Female,0,No,No,6,Month-to-month,DSL,Electronic check,56.25,389.1,Low
0224-HJAPT,Yes,0,0.44392267923571443,Male,0,No,No,5,Month-to-month,DSL,Electronic check,47.15,223.15,Medium
6376-GAHQE,Yes,1,0.6044834761658984,Male,0,No,No,4,Month-to-month,Fiber optic,Electronic check,77.85,299.2,High
4373-VVHQL,No,1,0.5126453331951712,Male,0,No,No,1,Month-to-month,DSL,Electronic check,44.75,44.75,Medium
4074-SJFFA,Yes,1,0.5025106181954443,Female,0,No,No,1,Month-to-month,DSL,Mailed check,54.75,54.75,Medium
8439-LTUGF,No,0,0.16673573074825707,Male,0,No,No,10,Month-to-month,No,Credit card (automatic),20.0,198.6,Low
2890-WFBHU,No,0,0.026390369678984893,Female,0,No,No,59,One year,DSL,Credit card (automatic),79.85,4786.1,Low
2357-COQEK,Yes,1,0.6257271007681499,Female,1,No,No,28,Month-to-month,Fiber optic,Electronic check,103.3,2890.65,High
7351-KYHQH,No,1,0.5405895485217284,Female,1,No,No,7,Month-to-month,DSL,Electronic check,64.95,493.65,Medium
6979-TNDEU,No,0,0.152293178944133,Female,0,No,No,8,Month-to-month,No,Mailed check,19.2,156.85,Low
4915-BFSXL,No,0,0.009704309224446706,Male,0,Yes,Yes,70,Two year,DSL,Credit card (automatic),68.95,4858.7,Low
4290-BSXUX,Yes,1,0.5529818665299685,Male,0,Yes,No,3,Month-to-month,Fiber optic,Bank transfer (automatic),79.65,251.75,Medium
7055-JCGNI,No,0,0.05481434625944975,Female,0,No,No,70,Two year,Fiber optic,Credit card (automatic),111.95,7795.95,Low
9146-JRIOX,No,0,0.13120103930957364,Female,0,Yes,Yes,14,Month-to-month,No,Mailed check,25.55,372.45,Low
4847-TAJYI,No,1,0.7771573234699443,Female,1,No,No,6,Month-to-month,Fiber optic,Electronic check,89.35,567.8,High
4827-USJHP,No,0,0.23553168149950837,Male,0,No,No,20,Month-to-month,DSL,Mailed check,51.8,1023.85,Low
1399-UBQIU,No,1,0.5079202338653088,Male,0,No,No,11,Month-to-month,DSL,Electronic check,69.35,712.25,Medium
8963-MQVYN,No,0,0.1256869350922511,Female,0,No,Yes,22,Month-to-month,No,Electronic check,20.55,469.85,Low
8670-MEFCP,No,0,0.04446738510465118,Female,0,Yes,Yes,36,Two year,DSL,Credit card (automatic),92.9,3379.25,Low
7997-EASSD,No,0,0.08046741824535227,Female,0,Yes,No,63,One year,Fiber optic,Credit card (automatic),81.2,4965.1,Low
2041-JIJCI,No,1,0.576372876309441,Female,0,No,No,5,Month-to-month,DSL,Electronic check,64.0,370.25,Medium
4418-LZMSV,No,0,0.14394554985844096,Male,0,Yes,Yes,13,Month-to-month,DSL,Bank transfer (automatic),61.8,750.1,Low
8631-NBHFZ,Yes,0,0.00961153548171685,Male,1,Yes,Yes,66,Two year,DSL,Credit card (automatic),79.4,5154.6,Low
8393-JMVMB,No,0,0.19582610052376176,Male,0,No,No,1,Month-to-month,No,Mailed check,19.45,19.45,Low
3457-PQBYH,No,0,0.002908687637764839,Female,0,Yes,Yes,58,Two year,No,Credit card (automatic),20.3,1160.75,Low
0374-FIUCA,No,0,0.003319901053923151,Male,0,Yes,No,65,Two year,No,Credit card (automatic),20.4,1414.45,Low
4188-FRABG,No,0,0.22710876726953513,Male,0,Yes,No,57,Month-to-month,Fiber optic,Electronic check,103.05,5925.75,Low
1839-UMACK,No,0,0.028209354184681755,Male,0,No,No,42,One year,No,Electronic check,25.05,949.85,Low
9959-WOFKT,No,0,0.05070027857208608,Male,0,No,Yes,71,Two year,Fiber optic,Bank transfer (automatic),106.7,7382.25,Low
4749-OJKQU,No,1,0.722643054688596,Female,0,No,No,4,Month-to-month,Fiber optic,Electronic check,75.65,302.35,High
9586-JGQKH,No,0,0.08940916420184025,Female,0,Yes,No,64,Two year,Fiber optic,Bank transfer (automatic),105.4,6794.75,Low
5734-EJKXG,No,0,0.20519113340388062,Female,0,No,No,61,One year,Fiber optic,Electronic check,118.6,7365.7,Low
3594-UVONA,Yes,0,0.10748625310560138,Female,0,No,No,35,One year,DSL,Credit card (automatic),85.95,3110.1,Low
6142-VSJQO,Yes,0,0.4155953567921351,Female,0,Yes,Yes,1,Month-to-month,DSL,Bank transfer (automatic),44.35,44.35,Medium
7471-MQPOS,No,0,0.033971727453248064,Male,1,Yes,Yes,71,One year,DSL,Bank transfer (automatic),72.9,5139.65,Low
9761-XUJWD,No,0,0.3200178686745217,Male,0,No,No,5,Month-to-month,DSL,Bank transfer (automatic),65.6,339.9,Medium
8083-YTZES,Yes,1,0.707509845914424,Male,0,No,No,4,Month-to-month,Fiber optic,Electronic check,74.35,265.35,High
6461-SZMCV,No,0,0.013805656135569333,Female,0,Yes,No,71,Two year,DSL,Bank transfer (automatic),87.95,6365.35,Low
0835-DUUIQ,No,0,0.03601818000303627,Female,0,No,Yes,24,One year,No,Bank transfer (automatic),21.05,531.55,Low
1813-JLKWR,No,0,0.004771126369318214,Female,0,Yes,Yes,64,One year,No,Bank transfer (automatic),19.8,1336.65,Low
4505-EXZHB,Yes,1,0.6282955639991241,Female,1,No,No,6,Month-to-month,Fiber optic,Electronic check,74.4,434.1,High
9279-CJEOJ,No,1,0.6891009751479089,Female,1,No,No,21,Month-to-month,Fiber optic,Bank transfer (automatic),95.4,2025.1,High
0439-IFYUN,No,1,0.576044827193811,Female,1,No,No,18,Month-to-month,Fiber optic,Electronic check,74.7,1294.6,Medium
6362-QHAFM,No,0,0.34333389843083395,Male,0,Yes,No,42,One year,Fiber optic,Electronic check,108.3,4586.15,Medium
5651-CRHKQ,No,0,0.12450156737541081,Female,0,Yes,No,41,One year,Fiber optic,Bank transfer (automatic),86.2,3339.05,Low
5899-OUVKV,No,1,0.5298938402705043,Male,0,No,No,31,Month-to-month,Fiber optic,Electronic check,94.5,2979.2,Medium
5502-RLUYV,Yes,0,0.37175836816301483,Female,0,Yes,Yes,69,Month-to-month,Fiber optic,Electronic check,103.95,7446.9,Medium
4361-FEBGN,No,0,0.005380327928216335,Male,0,No,No,48,Two year,No,Credit card (automatic),20.15,982.95,Low
2924-KHUVI,No,0,0.24510533436494517,Male,0,Yes,No,56,One year,Fiber optic,Electronic check,100.55,5514.95,Low
8739-WWKDU,Yes,1,0.6264867316377296,Male,1,No,No,25,Month-to-month,Fiber optic,Electronic check,89.5,2196.15,High
1218-VKFPE,Yes,0,0.11121010903655475,Female,0,Yes,Yes,12,Month-to-month,No,Mailed check,19.0,233.55,Low
4926-UMJZD,No,0,0.1285124214362524,Female,0,Yes,No,31,Month-to-month,DSL,Mailed check,49.2,1498.55,Low
5176-LDKUH,No,0,0.13495990816900705,Female,0,No,No,48,One year,Fiber optic,Electronic check,75.15,3772.65,Low
5649-TJHOV,Yes,0,0.3223298949827806,Male,1,Yes,No,27,Month-to-month,DSL,Bank transfer (automatic),36.5,1032.0,Medium
6034-YMTOB,No,0,0.4802540044591741,Female,0,No,No,5,Month-to-month,Fiber optic,Mailed check,75.65,399.45,Medium
5815-HGGHV,No,0,0.1006108392550872,Male,0,Yes,No,20,One year,DSL,Mailed check,64.15,1274.45,Low
6695-FRVEC,No,0,0.005892327172478554,Male,0,Yes,Yes,67,Two year,DSL,Bank transfer (automatic),60.4,3953.7,Low
5590-YRFJT,Yes,0,0.43648893973849945,Female,0,Yes,No,20,Month-to-month,DSL,Electronic check,24.45,482.8,Medium
1684-FLBGS,No,0,0.19986728006846716,Female,0,Yes,Yes,23,Month-to-month,DSL,Credit card (automatic),69.5,1652.1,Low
0927-LCSMG,Yes,0,0.47366228270931976,Male,0,No,No,7,Month-to-month,Fiber optic,Mailed check,74.65,544.55,Medium
8241-JUIQO,No,0,0.006597584765388828,Female,0,No,No,61,One year,No,Bank transfer (automatic),19.45,1336.35,Low
9453-PATOS,No,0,0.00943907839866886,Female,0,Yes,No,72,Two year,DSL,Mailed check,85.1,6155.4,Low
4501-EQDRN,Yes,1,0.538762094404682,Female,0,No,No,1,Month-to-month,Fiber optic,Bank transfer (automatic),69.7,69.7,Medium
9495-SKLKD,No,0,0.36553331076080764,Male,0,Yes,Yes,45,Month-to-month,Fiber optic,Bank transfer (automatic),95.95,4456.65,Medium
8800-ZKRFW,No,0,0.4951575256903609,Female,0,Yes,Yes,30,Month-to-month,Fiber optic,Electronic check,107.5,3242.5,Medium
3186-BAXNB,Yes,1,0.50710150924249,Female,0,No,No,1,Month-to-month,Fiber optic,Electronic check,91.7,91.7,Medium
2453-SAFNS,No,0,0.04914624157614807,Female,1,No,No,54,One year,DSL,Mailed check,72.1,3886.05,Low
6689-VRRTK,No,0,0.29739480469784846,Female,1,No,No,44,One year,Fiber optic,Credit card (automatic),109.8,4860.35,Low
3452-FLHYD,No,0,0.05307199679561011,Male,0,Yes,No,25,One year,No,Bank transfer (automatic),20.95,495.15,Low
0278-YXOOG,Yes,0,0.1665380397791389,Male,0,No,No,5,Month-to-month,No,Mailed check,21.05,113.85,Low
1131-ALZWV,No,0,0.05507095707764153,Female,0,No,No,24,One year,No,Bank transfer (automatic),24.6,605.25,Low
9137-NOQKA,No,0,0.285481703996563,Male,1,No,No,2,Month-to-month,No,Electronic check,19.2,37.2,Low
2082-CEFLT,Yes,1,0.5133086308049073,Male,0,No,No,1,Month-to-month,DSL,Electronic check,45.6,45.6,Medium
6386-SZZKH,Yes,0,0.11063493725756061,Female,0,Yes,Yes,49,Two year,Fiber optic,Bank transfer (automatic),107.95,5293.2,Low
7061-OVMIM,No,0,0.02663004181494047,Female,0,Yes,Yes,30,One year,No,Bank transfer (automatic),19.55,608.5,Low
8982-NHAVY,No,0,0.43837687680689524,Male,0,No,No,27,One year,Fiber optic,Bank transfer (automatic),100.5,2673.45,Medium
4039-HEUNW,Yes,1,0.616989361855095,Male,1,Yes,No,36,Month-to-month,Fiber optic,Electronic check,96.5,3436.1,High
9967-ATRFS,No,0,0.09227440482626534,Female,0,No,No,19,Month-to-month,No,Mailed check,19.9,367.55,Low
7398-SKNQZ,No,1,0.7341666446090817,Female,0,Yes,No,3,Month-to-month,Fiber optic,Electronic check,94.9,273.2,High
9896-UYMIE,No,0,0.11865134146790421,Male,0,No,No,66,One year,Fiber optic,Bank transfer (automatic),114.3,7383.7,Low
9027-YFHQJ,No,0,0.24966863750008023,Male,0,No,No,7,Month-to-month,No,Bank transfer (automatic),25.05,152.95,Low
1623-NLDOT,Yes,0,0.044289487114269784,Female,0,Yes,No,42,One year,DSL,Mailed check,33.55,1445.3,Low
1810-BOHSY,No,0,0.15729852045417658,Male,0,Yes,No,51,One year,Fiber optic,Credit card (automatic),96.4,4911.05,Low
5197-YPYBZ,No,0,0.039436440205050466,Female,0,Yes,Yes,12,Two year,No,Credit card (automatic),25.25,274.7,Low
1116-DXXDF,No,0,0.1634203952412271,Male,0,No,No,39,Two year,Fiber optic,Electronic check,100.45,3801.7,Low
9134-CEQMF,Yes,1,0.7653601473039551,Male,1,Yes,No,7,Month-to-month,Fiber optic,Electronic check,89.5,676.7,High
4193-ORFCL,Yes,0,0.4245159382011807,Female,1,No,No,1,Month-to-month,DSL,Mailed check,45.1,45.1,Medium
7660-HDPJV,Yes,1,0.6896551746261235,Female,0,No,No,1,Month-to-month,Fiber optic,Electronic check,69.2,69.2,High
1035-IPQPU,No,0,0.48296241476404844,Female,1,Yes,No,63,Month-to-month,Fiber optic,Electronic check,103.5,6479.4,Medium
6599-GZWCM,No,0,0.3403749345484599,Female,0,No,No,13,One year,Fiber optic,Mailed check,74.65,966.25,Medium
3585-YNADK,No,0,0.03927007166059706,Female,0,Yes,No,57,One year,DSL,Bank transfer (automatic),74.6,4368.95,Low
6390-DSAZX,Yes,0,0.4850500283261196,Female,0,No,Yes,1,Month-to-month,Fiber optic,Mailed check,73.6,73.6,Medium
6128-AQBMT,No,0,0.3706300326410775,Male,1,Yes,No,41,Month-to-month,DSL,Electronic check,53.95,2215.4,Medium
1226-IENZN,No,1,0.6618057719890439,Male,1,No,No,16,Month-to-month,Fiber optic,Electronic check,78.75,1218.25,High
8050-XGRVL,No,0,0.014163255710550477,Female,0,Yes,Yes,62,One year,DSL,Credit card (automatic),54.75,3425.35,Low
9087-EYCPR,No,0,0.004697251977034839,Female,0,No,No,60,Two year,No,Mailed check,25.0,1505.05,Low
2956-GGUCQ,Yes,1,0.5167099628121334,Male,1,Yes,No,24,Month-to-month,Fiber optic,Electronic check,78.85,1772.25,Medium
0547-HURJB,No,0,0.09723659628921975,Male,0,No,Yes,12,Month-to-month,No,Credit card (automatic),21.05,235.8,Low
4487-ZYJZK,No,0,0.016202787441181903,Female,0,Yes,Yes,38,One year,No,Credit card (automatic),19.6,763.1,Low
7460-ITWWP,No,0,0.47592096977533116,Female,1,Yes,No,45,Month-to-month,Fiber optic,Electronic check,86.1,3861.45,Medium
5174-ITUMV,No,0,0.22913156287222172,Male,0,Yes,Yes,67,One year,Fiber optic,Electronic check,105.4,6989.45,Low
5748-RNCJT,Yes,0,0.08543645111085676,Male,0,No,No,69,Two year,Fiber optic,Bank transfer (automatic),106.5,7348.8,Low
1767-TGTKO,No,0,0.4174848052816943,Female,0,Yes,Yes,8,Month-to-month,DSL,Electronic check,45.45,411.75,Medium
5515-RUGKN,No,0,0.3973075424311097,Male,0,No,No,8,Month-to-month,DSL,Credit card (automatic),54.75,438.05,Medium
7234-FECYN,Yes,1,0.7544757350778256,Female,1,No,No,8,Month-to-month,Fiber optic,Electronic check,101.35,780.5,High
8400-WZICQ,No,0,0.044362855389272926,Female,0,Yes,Yes,55,Month-to-month,DSL,Electronic check,55.7,3131.8,Low
6408-WHTEF,No,0,0.014625261954334152,Male,0,Yes,Yes,72,Two year,DSL,Mailed check,89.4,6376.55,Low
3519-ZKXGG,Yes,1,0.7345583012456715,Female,0,Yes,No,3,Month-to-month,Fiber optic,Electronic check,75.85,256.6,High
2972-YDYUW,No,0,0.13722917159340664,Female,0,No,No,57,One year,Fiber optic,Electronic check,94.7,5468.95,Low
5382-TEMLV,No,0,0.07785407675013496,Male,0,No,No,45,Month-to-month,DSL,Bank transfer (automatic),50.9,2298.55,Low
4488-KQFDT,No,0,0.30301234395820087,Female,0,No,No,61,One year,Fiber optic,Electronic check,103.95,6423.0,Medium
4919-MOAVT,Yes,1,0.5383040940344083,Male,0,No,Yes,3,Month-to-month,Fiber optic,Electronic check,69.65,220.1,Medium
1544-JJMYL,No,0,0.05247737521602266,Male,0,No,No,27,One year,DSL,Credit card (automatic),69.35,1927.3,Low
0709-TVGUR,Yes,1,0.7321105598921309,Female,1,No,No,9,Month-to-month,Fiber optic,Electronic check,74.55,622.9,High
8444-WRIDW,Yes,0,0.2003724737506094,Female,1,No,No,66,Month-to-month,Fiber optic,Credit card (automatic),80.45,5224.35,Low
9540-JYROE,Yes,1,0.5445780238717585,Male,0,No,No,8,Month-to-month,Fiber optic,Mailed check,70.1,551.35,Medium
9531-NSBMR,No,0,0.031594193320881765,Female,0,No,No,36,One year,No,Bank transfer (automatic),19.25,679.8,Low
9142-XMYJH,No,0,0.053393311295102386,Female,0,No,No,29,Month-to-month,No,Credit card (automatic),19.35,601.6,Low
1897-RCFUM,No,0,0.03131042228557695,Female,0,Yes,Yes,39,One year,No,Mailed check,24.2,914.6,Low
3494-JCHRQ,Yes,1,0.6774324236792751,Male,0,No,No,1,Month-to-month,Fiber optic,Electronic check,70.05,70.05,High
3896-ZVNET,No,0,0.023759170137132312,Female,0,Yes,Yes,24,Two year,No,Mailed check,24.7,571.75,Low
6624-JDRDS,No,0,0.3574047311162083,Female,0,No,No,6,Month-to-month,DSL,Bank transfer (automatic),29.45,161.45,Medium
9367-WXLCH,Yes,1,0.5830084696386564,Male,0,No,No,8,Month-to-month,Fiber optic,Bank transfer (automatic),84.5,662.65,Medium
9950-MTGYX,No,0,0.017643108382440275,Male,0,Yes,Yes,28,Two year,No,Credit card (automatic),20.3,487.95,Low
6897-RWMUB,No,0,0.007844509058259548,Male,0,Yes,Yes,61,Two year,DSL,Bank transfer (automatic),68.05,4158.25,Low
0895-LMRSF,No,0,0.20955251957644264,Male,0,No,No,23,One year,DSL,Bank transfer (automatic),64.9,1509.8,Low
4349-GFQHK,Yes,0,0.49252935449903035,Male,0,No,No,1,Month-to-month,DSL,Electronic check,54.35,54.35,Medium
9993-LHIEB,No,0,0.006169012704976067,Male,0,Yes,Yes,67,Two year,DSL,Mailed check,67.85,4627.65,Low
1376-HHBDV,No,0,0.1421228407452419,Female,0,No,No,30,Month-to-month,DSL,Mailed check,48.8,1536.75,Low
6844-DZKRF,No,0,0.3058403898574603,Male,0,No,No,2,Month-to-month,DSL,Credit card (automatic),50.2,109.25,Medium
2159-TURXX,No,0,0.15446183129490695,Male,0,No,No,5,Month-to-month,No,Credit card (automatic),20.05,95.55,Low
6458-CYIDZ,No,1,0.5116990772929377,Female,1,No,No,5,Month-to-month,Fiber optic,Electronic check,80.7,374.8,Medium
0742-LAFQK,No,0,0.08149952546633402,Male,0,Yes,No,72,Two year,Fiber optic,Electronic check,99.15,7422.1,Low
0684-AOSIH,Yes,1,0.674480187102487,Male,0,Yes,No,1,Month-to-month,Fiber optic,Electronic check,95.0,95.0,High
9708-HPXWZ,No,0,0.4171585929231862,Male,1,No,No,5,Month-to-month,DSL,Credit card (automatic),45.4,214.75,Medium
3211-AAPKX,No,1,0.5235361655894137,Male,0,No,No,20,Month-to-month,Fiber optic,Mailed check,98.55,2031.95,Medium
2773-OVBPK,No,0,0.09097330816202351,Male,0,Yes,No,67,Two year,Fiber optic,Bank transfer (automatic),111.3,7567.2,Low
6137-MFAJN,No,0,0.1467688420845617,Female,0,No,No,48,Month-to-month,DSL,Electronic check,44.8,2104.55,Low
6937-GCDGQ,No,0,0.10438549344009564,Male,0,Yes,Yes,19,One year,DSL,Bank transfer (automatic),48.95,955.6,Low
4957-SREEC,No,0,0.0015032630179907074,Male,0,Yes,Yes,70,Two year,No,Credit card (automatic),20.35,1458.1,Low
9092-GDZKO,No,0,0.12388081067394702,Male,0,No,No,22,Month-to-month,No,Credit card (automatic),24.85,493.4,Low
0804-YGEQV,No,0,0.025902868676828422,Female,0,Yes,Yes,43,One year,No,Bank transfer (automatic),24.45,993.15,Low
8720-RQSBJ,No,0,0.4851198293484836,Male,1,No,No,1,Month-to-month,DSL,Electronic check,44.0,44.0,Medium
3744-ZBHON,No,0,0.24134066103696963,Female,0,No,No,3,Month-to-month,No,Electronic check,20.2,65.95,Low
0504-HHAPI,Yes,1,0.5022325906196361,Female,1,No,No,27,Month-to-month,Fiber optic,Credit card (automatic),88.3,2467.75,Medium
5681-LLOEI,No,0,0.10221058444595398,Male,0,Yes,Yes,43,One year,Fiber optic,Credit card (automatic),91.25,4013.8,Low
6410-LEFEN,Yes,0,0.35762270593319445,Female,0,No,No,9,Month-to-month,DSL,Electronic check,45.15,416.45,Medium
7305-ZWMAJ,No,0,0.027003807159343307,Male,0,Yes,No,30,One year,No,Credit card (automatic),20.7,587.1,Low
5357-TZHPP,Yes,1,0.6890632402732678,Male,1,No,No,9,Month-to-month,Fiber optic,Credit card (automatic),84.4,732.5,High
4737-HOBAX,No,0,0.02076642509197299,Male,0,Yes,No,63,Two year,DSL,Credit card (automatic),79.8,5034.05,Low
2309-OSFEU,Yes,1,0.5216746639677962,Male,0,No,No,10,Month-to-month,DSL,Mailed check,33.9,298.45,Medium
6481-OGDOO,Yes,0,0.07527157324655359,Male,0,Yes,No,67,One year,Fiber optic,Credit card (automatic),90.6,6056.15,Low
4369-NYSCF,No,0,0.04971001054880937,Male,0,No,No,56,One year,DSL,Bank transfer (automatic),75.75,4284.65,Low
3370-HXOPH,No,1,0.6579529206220889,Female,0,No,No,3,Month-to-month,Fiber optic,Electronic check,76.1,257.6,High
6741-EGCBI,No,0,0.44508641987206143,Male,1,No,No,30,Month-to-month,Fiber optic,Credit card (automatic),90.5,2595.85,Medium
0939-YAPAF,Yes,1,0.6261669040047139,Female,0,No,No,35,Month-to-month,Fiber optic,Electronic check,100.25,3527.6,High
0168-XZKBB,No,1,0.6546548544853443,Female,0,Yes,No,19,Month-to-month,Fiber optic,Electronic check,86.85,1564.4,High
8406-LNMHF,No,0,0.08598008854087853,Male,1,Yes,No,59,One year,Fiber optic,Credit card (automatic),82.95,4903.15,Low
7067-KSAZT,Yes,0,0.3478309246018709,Female,1,Yes,No,65,One year,Fiber optic,Electronic check,106.25,6979.8,Medium
6211-WHMYA,No,0,0.0901728174024797,Female,1,No,No,64,Month-to-month,DSL,Electronic check,43.85,2751.0,Low
6954-OOYZZ,No,0,0.2708329560352105,Male,0,Yes,No,18,Month-to-month,DSL,Bank transfer (automatic),44.35,768.05,Low
0326-VDYXE,No,0,0.26149802344931783,Female,0,Yes,No,70,One year,Fiber optic,Electronic check,97.65,6982.5,Low
9074-KGVOX,No,0,0.08519684285452472,Male,0,Yes,Yes,50,Month-to-month,DSL,Credit card (automatic),39.45,2021.35,Low
3164-AALRN,Yes,0,0.3436572464894076,Male,0,No,No,5,One year,DSL,Mailed check,70.0,347.4,Medium
2511-MORQY,No,0,0.04195956068248396,Male,0,Yes,Yes,50,One year,DSL,Bank transfer (automatic),54.9,2614.1,Low
6210-KBBPI,Yes,1,0.7033923262498594,Male,1,No,No,9,Month-to-month,Fiber optic,Credit card (automatic),99.45,919.4,High
8749-TZYEC,No,0,0.0023263071105580637,Male,0,Yes,No,72,Two year,No,Credit card (automatic),24.8,1874.3,Low
7617-EYGLW,No,0,0.24875499013686866,Male,0,No,No,1,Month-to-month,No,Electronic check,19.45,19.45,Low
3589-PPVKW,No,0,0.3482459748489588,Male,0,No,No,9,Month-to-month,DSL,Mailed check,44.4,348.15,Medium
9631-XEYKE,No,0,0.39580621043944764,Male,0,No,No,3,Month-to-month,DSL,Bank transfer (automatic),50.4,137.25,Medium
7136-IHZJA,No,0,0.07675281934332084,Female,0,Yes,Yes,40,Month-to-month,DSL,Mailed check,71.35,2847.2,Low
4355-CVPVS,No,0,0.12685184349102707,Female,0,Yes,Yes,56,One year,Fiber optic,Bank transfer (automatic),88.9,4968.0,Low
0885-HMGPY,No,0,0.007981936568351711,Male,0,No,No,62,Two year,DSL,Bank transfer (automatic),69.4,4237.5,Low
9801-NOSHQ,No,0,0.034768553673971955,Male,0,No,Yes,23,One year,No,Mailed check,19.8,465.45,Low
5934-TSSAU,No,0,0.3781362439413391,Female,0,Yes,Yes,23,Month-to-month,Fiber optic,Credit card (automatic),75.3,1702.9,Medium
6285-FTQBF,No,0,0.001964674224915444,Male,0,Yes,Yes,72,Two year,No,Credit card (automatic),25.55,1867.7,Low
4462-CYWMH,No,0,0.3154305194036773,Male,1,Yes,No,62,Month-to-month,Fiber optic,Bank transfer (automatic),89.8,5629.55,Medium
2081-KJSQF,No,0,0.2570451558699987,Male,0,No,No,1,Month-to-month,No,Mailed check,20.25,20.25,Low
2929-QNSRW,Yes,0,0.30513468827411366,Female,0,Yes,No,56,One year,Fiber optic,Electronic check,98.25,5508.35,Medium
7233-PAHHL,No,0,0.019089736168685763,Male,0,Yes,Yes,66,Two year,DSL,Mailed check,84.0,5714.25,Low
8097-VBQTZ,No,0,0.0496781991146714,Male,0,No,No,54,Month-to-month,DSL,Mailed check,69.9,3883.3,Low
7570-WELNY,No,0,0.04028596694302727,Female,0,Yes,No,68,Two year,Fiber optic,Bank transfer (automatic),84.7,5711.05,Low
7054-DMVAS,No,0,0.019562673646725683,Male,0,No,No,54,Two year,DSL,Bank transfer (automatic),65.3,3512.9,Low
8016-ZMGMO,No,0,0.07140505789948373,Female,1,Yes,No,66,One year,DSL,Bank transfer (automatic),70.85,4738.85,Low
1260-TTRXI,Yes,0,0.44476071233546205,Male,0,No,No,4,Month-to-month,DSL,Electronic check,54.3,195.3,Medium
6681-ZSEXG,No,0,0.018200029171573616,Male,0,Yes,No,56,Two year,DSL,Credit card (automatic),59.5,3389.25,Low
2824-MYYBN,No,1,0.5425331989853729,Female,0,Yes,Yes,37,Month-to-month,Fiber optic,Electronic check,95.25,3314.15,Medium
4234-XTNEA,No,1,0.7018038550961393,Male,0,No,No,2,Month-to-month,Fiber optic,Electronic check,79.95,174.45,High
4186-ZBUEW,No,0,0.10175667233449938,Female,0,No,No,36,One year,DSL,Mailed check,70.7,2511.95,Low
5828-AVIPD,Yes,0,0.41504774459703286,Male,0,Yes,Yes,19,One year,Fiber optic,Electronic check,100.95,1875.55,Medium
8999-YPYBV,No,0,0.024495276733862592,Male,0,Yes,Yes,45,Two year,DSL,Mailed check,84.35,3858.05,Low
9178-JHUVJ,No,0,0.031931301680029424,Male,0,Yes,Yes,24,Two year,No,Bank transfer (automatic),24.1,587.4,Low
4301-VVZKA,No,1,0.6210573789728283,Male,0,Yes,No,16,Month-to-month,Fiber optic,Electronic check,75.4,1189.4,High
2129-ALKBS,No,0,0.07453796895018484,Female,0,Yes,Yes,40,Month-to-month,No,Electronic check,26.2,1077.5,Low
6119-SPUDB,No,0,0.01444409030881411,Male,0,No,No,46,Two year,DSL,Mailed check,38.25,1755.35,Low
3745-HRPHI,No,0,0.014605972035278835,Male,0,Yes,Yes,66,Two year,DSL,Bank transfer (automatic),54.65,3632.0,Low
4816-LXZYW,Yes,1,0.5373268382183046,Female,0,No,No,23,Month-to-month,Fiber optic,Electronic check,79.15,1676.95,Medium
7595-EHCDL,No,0,0.2322646615140649,Male,0,Yes,Yes,32,Month-to-month,DSL,Credit card (automatic),50.6,1653.45,Low
3170-GWYKC,No,0,0.18673626476305613,Female,0,No,No,60,Month-to-month,Fiber optic,Bank transfer (automatic),104.95,6236.75,Low
0666-UXTJO,No,0,0.4303202476574045,Male,1,Yes,No,34,Month-to-month,Fiber optic,Credit card (automatic),85.2,2874.45,Medium
2387-KDZQY,No,0,0.07480988968049514,Male,0,No,No,17,One year,No,Mailed check,20.1,279.5,Low
1306-RPWXZ,No,0,0.004614417416381131,Female,0,No,Yes,49,Two year,No,Credit card (automatic),20.45,1024.65,Low
2452-KDRRH,No,0,0.37446206725731546,Male,1,No,No,67,Month-to-month,Fiber optic,Credit card (automatic),101.4,6841.05,Medium
8398-TBIYD,No,0,0.026953461192752836,Female,0,No,No,72,Two year,Fiber optic,Bank transfer (automatic),84.7,6185.15,Low
4080-OGPJL,Yes,0,0.3005150012317434,Female,0,No,No,8,Month-to-month,DSL,Electronic check,71.15,563.65,Medium
5897-ZYEKH,No,0,0.25041109387682003,Female,1,Yes,No,67,One year,Fiber optic,Electronic check,105.6,7112.15,Low
3352-ALMCK,No,0,0.4756400887215316,Male,0,No,No,40,Month-to-month,Fiber optic,Mailed check,102.65,4108.15,Medium
3932-IJWDZ,No,0,0.3799792143776484,Male,0,No,No,45,Month-to-month,Fiber optic,Bank transfer (automatic),103.65,4747.85,Medium
2323-ARSVR,No,0,0.06177436523011947,Male,0,Yes,No,67,Two year,Fiber optic,Electronic check,111.05,7321.05,Low
5206-HPJKM,No,0,0.18278198580395175,Male,0,No,No,17,Month-to-month,DSL,Credit card (automatic),55.5,934.15,Low
2790-XUYMV,No,0,0.05303786918869786,Male,0,No,Yes,71,One year,Fiber optic,Credit card (automatic),85.45,6028.95,Low
3692-JHONH,No,0,0.4264781988702514,Female,1,Yes,No,52,One year,Fiber optic,Electronic check,106.5,5621.85,Medium
1134-YWTYF,No,0,0.1680777608716599,Male,0,Yes,No,27,Month-to-month,DSL,Electronic check,53.8,1389.85,Low
1596-BBVTG,Yes,0,0.2868430947020113,Male,0,No,No,35,Month-to-month,Fiber optic,Credit card (automatic),75.35,2636.05,Low
5688-KZTSN,Yes,0,0.16307561347008173,Male,0,Yes,Yes,15,Month-to-month,No,Electronic check,20.0,288.05,Low
1981-INRFU,Yes,1,0.7132910142370312,Female,0,No,No,2,Month-to-month,Fiber optic,Electronic check,79.75,164.5,High
3969-GYXEL,No,0,0.43397215133224243,Female,0,No,No,11,Month-to-month,Fiber optic,Electronic check,76.4,838.7,Medium
8107-RZLNV,No,0,0.10464029272173817,Male,0,Yes,No,72,Two year,Fiber optic,Bank transfer (automatic),106.3,7565.35,Low
7137-RYLPP,Yes,1,0.5681040821176231,Male,1,Yes,No,37,Month-to-month,Fiber optic,Electronic check,85.7,3171.15,Medium
1355-KUSBG,No,0,0.40339169601940383,Female,0,Yes,Yes,7,Month-to-month,DSL,Electronic check,48.8,349.8,Medium
8799-OXZMD,No,0,0.2817928644624936,Female,0,No,No,28,Month-to-month,DSL,Mailed check,29.75,790.7,Low
8577-QSOCG,No,0,0.012390061532643607,Female,0,Yes,Yes,38,Two year,No,Mailed check,20.2,746.05,Low
9367-OIUXP,No,0,0.1727716511930963,Male,0,No,No,4,Month-to-month,No,Mailed check,20.7,73.05,Low
9589-ABEPT,No,0,0.047554635242709635,Male,0,Yes,No,69,Two year,Fiber optic,Mailed check,92.45,6460.55,Low
2882-DDZPG,No,0,0.12849235755510932,Female,0,No,No,12,Month-to-month,No,Bank transfer (automatic),19.45,227.45,Low
4837-QUSFT,No,0,0.0899955768174621,Female,0,Yes,No,65,One year,Fiber optic,Bank transfer (automatic),100.15,6643.5,Low
1163-ONYEY,No,0,0.12033504394949034,Male,0,Yes,Yes,41,Month-to-month,DSL,Credit card (automatic),74.55,3023.55,Low
8361-LTMKD,Yes,1,0.6996925496372847,Male,1,Yes,No,4,Month-to-month,Fiber optic,Mailed check,74.4,306.6,High
9944-HKVVB,Yes,1,0.725777382508946,Female,0,No,No,3,Month-to-month,Fiber optic,Electronic check,95.1,307.4,High
0420-HLGXF,No,1,0.6640378835961733,Female,1,No,No,39,Month-to-month,Fiber optic,Electronic check,99.75,4036.0,High
0402-CQAJN,Yes,0,0.4925248452593767,Female,0,No,No,37,Month-to-month,Fiber optic,Bank transfer (automatic),101.9,3545.35,Medium
8249-THVEC,No,0,0.008454642139665703,Male,0,Yes,Yes,51,One year,No,Mailed check,19.4,997.75,Low
5793-YOLJN,No,0,0.0038150131817199454,Female,0,Yes,Yes,55,Two year,No,Mailed check,21.0,1210.3,Low
6870-ZWMNX,No,0,0.010791520222254847,Male,0,Yes,No,70,Two year,DSL,Credit card (automatic),76.1,5264.25,Low
6199-IWKGC,No,0,0.29003809166610234,Female,1,Yes,No,46,One year,Fiber optic,Electronic check,100.25,4753.85,Low
6650-VJONK,No,0,0.43826113455072646,Male,0,No,No,1,Month-to-month,DSL,Bank transfer (automatic),43.85,43.85,Medium
2636-OHFMN,Yes,1,0.6760959882765524,Male,0,Yes,No,4,Month-to-month,DSL,Electronic check,48.55,201.0,High
9135-MGVPY,No,0,0.013693629184983843,Male,0,Yes,No,69,Two year,DSL,Mailed check,84.7,5878.9,Low
1320-REHCS,No,0,0.4635586194255161,Male,1,No,No,52,Month-to-month,Fiber optic,Electronic check,110.75,5832.0,Medium
0866-QLSIR,Yes,0,0.05826610337588348,Female,0,No,No,34,One year,DSL,Mailed check,64.4,2088.75,Low
9732-KPKBW,Yes,0,0.31535519318353855,Male,0,No,No,1,Month-to-month,DSL,Electronic check,53.95,53.95,Medium
4581-LNWUM,No,1,0.5473647834250753,Female,0,No,No,13,Month-to-month,DSL,Electronic check,49.15,649.4,Medium
1569-TTNYJ,Yes,1,0.6803122795758481,Male,0,Yes,No,5,Month-to-month,Fiber optic,Electronic check,78.75,412.1,High
8802-UNOJF,Yes,0,0.4421643100447336,Male,1,No,No,12,Month-to-month,Fiber optic,Mailed check,83.8,1029.75,Medium
9483-GCPWE,No,0,0.06928449807104428,Male,0,No,Yes,9,One year,No,Mailed check,20.1,190.25,Low
4423-YLHDV,Yes,1,0.5624549892821322,Female,0,Yes,No,21,Month-to-month,Fiber optic,Bank transfer (automatic),104.4,2200.25,Medium
4123-DVHPH,No,1,0.644638382690641,Male,0,Yes,No,9,Month-to-month,Fiber optic,Electronic check,88.05,801.3,High
3750-CKVKH,Yes,1,0.6664304078089198,Male,0,No,No,2,Month-to-month,Fiber optic,Electronic check,67.75,116.65,High
1730-VFMWO,No,0,0.08913565115982777,Female,0,Yes,No,34,Month-to-month,DSL,Bank transfer (automatic),50.2,1815.3,Low
8908-SLFCJ,No,0,0.0317788328579373,Female,0,No,No,21,Two year,No,Credit card (automatic),20.85,435.25,Low
6439-GTPCA,Yes,0,0.32774698258587887,Female,0,No,No,45,Month-to-month,Fiber optic,Electronic check,87.25,3941.7,Medium
8748-HFWBO,No,0,0.042727858382583854,Male,0,Yes,Yes,19,One year,No,Mailed check,19.9,357.7,Low
2154-KVJFF,Yes,1,0.608071500306833,Female,0,No,No,15,Month-to-month,Fiber optic,Electronic check,79.75,1111.85,High
4526-EXKKN,No,0,0.016715181761017335,Male,0,No,No,40,Two year,No,Mailed check,24.6,973.95,Low
2209-XADXF,No,1,0.5110242641973006,Female,0,No,No,1,Month-to-month,DSL,Bank transfer (automatic),25.25,25.25,Medium
3675-YDUPJ,No,0,0.1780075059074455,Male,0,No,No,10,Month-to-month,No,Mailed check,19.85,193.05,Low
8133-ANHHJ,No,0,0.13005707405097652,Female,1,No,No,49,One year,Fiber optic,Bank transfer (automatic),103.0,5166.2,Low
6072-NUQCB,No,0,0.038047803137654185,Male,0,Yes,Yes,22,One year,No,Bank transfer (automatic),20.25,488.25,Low
2373-NTKOD,No,1,0.5372646859377027,Male,0,No,No,8,Month-to-month,DSL,Electronic check,66.25,546.45,Medium
4283-FUTGF,Yes,1,0.6550305934245796,Male,1,No,No,19,Month-to-month,Fiber optic,Electronic check,79.85,1471.75,High
8778-LMWTJ,No,1,0.5384256349586203,Female,0,No,No,9,Month-to-month,Fiber optic,Electronic check,74.85,708.2,Medium
7684-XSZIY,No,0,0.0020031334885327956,Male,0,Yes,Yes,72,Two year,No,Bank transfer (automatic),24.3,1643.25,Low
6877-LGWXO,Yes,1,0.5709325052650198,Male,1,Yes,No,18,Month-to-month,Fiber optic,Electronic check,78.55,1422.65,Medium
5229-DTFYB,No,0,0.10477754486921693,Female,0,No,No,41,Two year,Fiber optic,Bank transfer (automatic),98.8,3959.15,Low
3671-SHRSP,Yes,0,0.4801664710988658,Male,0,Yes,No,4,Month-to-month,Fiber optic,Mailed check,80.6,319.15,Medium
1820-DJFPH,No,0,0.0030686426588041496,Female,0,Yes,Yes,72,Two year,No,Bank transfer (automatic),24.05,1709.15,Low
8819-IMISP,No,0,0.46607859415875846,Male,0,No,No,31,Month-to-month,Fiber optic,Electronic check,80.45,2429.1,Medium
1839-FBNFR,No,0,0.012221796520105804,Female,0,Yes,Yes,39,Two year,No,Bank transfer (automatic),19.85,854.8,Low
6770-UAYGJ,No,0,0.006943621677760876,Female,0,Yes,Yes,49,Two year,No,Mailed check,25.25,1211.65,Low
5243-SAOTC,No,0,0.2345949212874413,Male,0,No,No,54,Month-to-month,Fiber optic,Bank transfer (automatic),79.85,4308.25,Low
9281-PKKZE,No,0,0.2799019108343589,Female,0,Yes,No,46,Month-to-month,DSL,Electronic check,43.95,2007.85,Low
0872-CASZJ,No,0,0.03499471803491156,Male,0,Yes,No,59,One year,DSL,Mailed check,69.1,4096.9,Low
6505-OZNPG,No,0,0.15174430403785463,Female,0,No,No,6,Two year,DSL,Mailed check,63.4,348.8,Low
8791-GFXLZ,No,0,0.30065272189390424,Male,0,No,No,12,Month-to-month,DSL,Bank transfer (automatic),49.05,593.05,Medium
4910-AQFFX,Yes,1,0.5688514683245343,Male,0,Yes,Yes,9,Month-to-month,Fiber optic,Bank transfer (automatic),79.35,661.25,Medium
0419-YAAPX,No,0,0.2519459400132245,Male,0,Yes,No,49,Month-to-month,Fiber optic,Credit card (automatic),85.3,4297.95,Low
5898-IGSLP,No,0,0.23048617594810783,Male,0,Yes,Yes,31,Month-to-month,Fiber optic,Electronic check,89.3,2823.0,Low
5148-HKFIR,No,0,0.02562289951668171,Female,0,No,No,20,Two year,No,Mailed check,19.7,406.95,Low
0898-XCGTF,No,0,0.2180364248097302,Male,0,Yes,No,61,One year,Fiber optic,Bank transfer (automatic),96.5,5673.7,Low
2153-MREFK,Yes,0,0.25159294724132986,Female,0,Yes,No,37,One year,Fiber optic,Electronic check,99.2,3754.6,Low
7781-EWARA,No,0,0.0316849538688228,Male,0,Yes,Yes,70,One year,DSL,Electronic check,60.35,4138.7,Low
3097-IDVPU,No,0,0.20485640733012078,Male,0,Yes,Yes,19,Month-to-month,DSL,Credit card (automatic),50.1,910.45,Low
2592-YKDIF,No,0,0.20577036372590285,Female,0,No,No,1,Month-to-month,No,Mailed check,20.35,20.35,Low
1159-WFSGR,No,0,0.12222970428473462,Female,0,Yes,Yes,16,Month-to-month,No,Electronic check,20.4,321.4,Low
2101-RANCD,No,0,0.3077223421940794,Female,0,No,No,55,Month-to-month,Fiber optic,Electronic check,73.1,4144.9,Medium
2273-QCKXA,No,0,0.2589992950562148,Male,0,No,No,1,Month-to-month,DSL,Mailed check,49.05,49.05,Low
2144-BFDSO,No,0,0.3394788767019339,Female,1,Yes,No,50,Month-to-month,Fiber optic,Bank transfer (automatic),108.75,5431.9,Medium
5505-OVWQW,No,0,0.058333756631777464,Female,0,No,No,17,One year,No,Mailed check,20.15,353.65,Low
4900-MSOMT,No,0,0.007420845909596801,Female,0,Yes,Yes,72,Two year,DSL,Bank transfer (automatic),80.2,5714.2,Low
9747-DDZOS,Yes,1,0.5406904954893886,Female,0,No,No,1,Month-to-month,Fiber optic,Bank transfer (automatic),73.5,73.5,Medium
9842-EFSYY,No,0,0.48357329647296865,Female,0,No,Yes,4,Month-to-month,DSL,Mailed check,57.2,223.75,Medium
4833-QTJNO,No,0,0.11773267989857926,Male,1,Yes,No,67,Month-to-month,Fiber optic,Bank transfer (automatic),83.85,5588.8,Low
4086-YQSNZ,Yes,1,0.7559748617969031,Female,1,Yes,No,3,Month-to-month,Fiber optic,Electronic check,80.4,224.05,High
6900-PXRMS,Yes,1,0.5828557739664589,Male,1,Yes,Yes,26,Month-to-month,Fiber optic,Electronic check,105.75,2710.25,Medium
2546-KZAAT,No,0,0.05833526474760105,Male,0,Yes,No,52,One year,DSL,Mailed check,75.4,3865.45,Low
9129-UXERG,No,1,0.557025265232989,Female,1,No,No,18,Month-to-month,Fiber optic,Credit card (automatic),103.6,1806.35,Medium
9800-ONTFE,No,0,0.46843460234076223,Female,0,Yes,Yes,22,Month-to-month,Fiber optic,Bank transfer (automatic),75.8,1615.1,Medium
1043-UXOVO,No,0,0.055160022609688754,Female,0,No,No,71,Two year,Fiber optic,Credit card (automatic),113.15,7993.3,Low
0015-UOCOJ,No,0,0.4278400151966604,Female,1,No,No,7,Month-to-month,DSL,Electronic check,48.2,340.35,Medium
1635-HDGFT,No,0,0.022973687208185507,Female,0,No,Yes,19,Two year,No,Mailed check,20.5,398.55,Low
1522-VVDMG,Yes,0,0.4930072220323814,Male,0,Yes,Yes,7,Month-to-month,Fiber optic,Electronic check,89.75,608.8,Medium
0068-FIGTF,No,0,0.09504131900212896,Female,0,No,No,27,One year,DSL,Mailed check,78.2,2078.95,Low
0983-TATYJ,No,0,0.07240060649897431,Female,0,Yes,No,33,One year,DSL,Mailed check,51.45,1758.9,Low
8540-ZQGEA,No,0,0.004256631891464809,Female,0,Yes,No,54,Two year,No,Credit card (automatic),20.05,1102.4,Low
3696-DFHHB,No,0,0.0033075194977200354,Female,0,No,No,68,Two year,No,Bank transfer (automatic),25.5,1821.8,Low
0305-SQECB,No,0,0.15691250803010828,Female,0,No,Yes,11,One year,DSL,Mailed check,36.05,402.6,Low
5678-VFNEQ,No,0,0.15076477394857324,Female,0,Yes,No,71,One year,Fiber optic,Credit card (automatic),104.1,7412.25,Low
4323-ELYYB,No,0,0.05706643954122137,Male,0,Yes,Yes,13,One year,No,Mailed check,20.0,218.55,Low
5788-YPOEG,No,0,0.025287267447021113,Female,0,Yes,Yes,34,Two year,DSL,Mailed check,84.75,2839.45,Low
6513-EECDB,Yes,1,0.7776795009054593,Male,1,Yes,No,1,Month-to-month,Fiber optic,Electronic check,73.55,73.55,High
5671-UUNXD,No,0,0.3448366803582373,Female,1,Yes,No,50,One year,Fiber optic,Electronic check,100.65,5189.75,Medium
2192-CKRLV,No,0,0.019672531022889777,Female,0,Yes,No,72,Two year,DSL,Electronic check,49.2,3580.95,Low
7379-FNIUJ,No,1,0.5519505060731046,Male,0,No,No,2,Month-to-month,Fiber optic,Electronic check,100.2,198.5,Medium
9640-ZSLDC,No,0,0.04017628743558224,Female,0,Yes,Yes,53,One year,DSL,Credit card (automatic),60.6,3297.0,Low
3787-TRIAL,No,0,0.3748074306798525,Male,0,Yes,Yes,21,Month-to-month,DSL,Electronic check,26.05,565.75,Medium
2439-QKJUL,No,0,0.16605196709657538,Male,0,No,No,5,Month-to-month,No,Mailed check,20.25,109.8,Low
9802-CAQUT,No,0,0.04812742603145363,Female,0,Yes,Yes,72,Two year,Fiber optic,Credit card (automatic),109.55,7887.25,Low
2378-HTWFW,No,0,0.33713792674515697,Male,1,No,No,35,Month-to-month,Fiber optic,Credit card (automatic),91.0,3180.5,Medium
3001-UNBTL,No,1,0.674249835216775,Male,1,Yes,Yes,29,Month-to-month,Fiber optic,Electronic check,103.95,2964.8,High
9786-IJYDL,No,0,0.1256660707866731,Female,0,No,No,35,Two year,Fiber optic,Mailed check,113.2,3914.05,Low
4636-QRJKY,Yes,1,0.5756815531528282,Female,0,Yes,Yes,6,Month-to-month,Fiber optic,Electronic check,80.5,502.85,Medium
9436-ZBZCT,Yes,1,0.5704652224468751,Male,0,No,No,14,Month-to-month,Fiber optic,Electronic check,89.95,1178.4,Medium
2433-KMEAS,Yes,0,0.27784598115470466,Male,0,No,No,22,Month-to-month,DSL,Electronic check,54.45,1127.35,Low
8535-SFUTN,No,0,0.3619254086455894,Male,0,No,No,61,Month-to-month,Fiber optic,Electronic check,106.45,6300.15,Medium
3091-FYHKI,Yes,1,0.6980191058164027,Male,0,No,No,1,Month-to-month,DSL,Electronic check,35.45,35.45,High
9692-TUSXH,Yes,1,0.574597788457134,Female,0,No,No,18,Month-to-month,Fiber optic,Electronic check,96.05,1740.7,Medium
3417-TSCIC,No,0,0.15834525675446273,Male,0,No,No,29,One year,DSL,Mailed check,24.85,788.05,Low
2967-MXRAV,No,0,0.10197575334470022,Male,0,Yes,Yes,1,One year,No,Mailed check,18.8,18.8,Low
6837-HAEVO,No,0,0.1264172692412006,Male,0,Yes,Yes,69,Two year,Fiber optic,Electronic check,105.0,7297.75,Low
9711-FJTBX,No,0,0.06857758655540919,Male,0,Yes,Yes,56,One year,Fiber optic,Mailed check,85.85,4793.8,Low
1929-ZCBHE,No,0,0.03197117265075822,Male,0,Yes,Yes,47,One year,DSL,Electronic check,40.3,1794.8,Low
8099-MZPUJ,No,0,0.05392827218589171,Male,0,Yes,Yes,48,Two year,Fiber optic,Credit card (automatic),111.8,5443.65,Low
1696-HXOWK,No,0,0.07527417466742377,Female,0,Yes,No,71,One year,Fiber optic,Mailed check,95.65,6856.95,Low
8631-WUXGY,No,0,0.3988297550175402,Female,0,No,Yes,46,Month-to-month,Fiber optic,Electronic check,99.8,4391.25,Medium
4501-UYKBC,No,0,0.09699318229093538,Female,1,No,No,46,One year,DSL,Credit card (automatic),69.1,3255.35,Low
6478-HRRCZ,No,0,0.044251515162714125,Male,0,Yes,No,32,One year,DSL,Mailed check,70.5,2201.75,Low
4747-LCAQL,No,0,0.15648011825243302,Male,0,No,No,25,Month-to-month,DSL,Mailed check,79.0,1902.0,Low
8143-ETQTI,No,0,0.026520450908070804,Female,0,Yes,Yes,23,Two year,No,Mailed check,19.65,451.55,Low
8580-QVLOC,Yes,0,0.013232625653275192,Female,1,Yes,Yes,72,Two year,DSL,Credit card (automatic),92.45,6440.25,Low
2037-SGXHH,Yes,0,0.4559540044468554,Male,0,Yes,Yes,38,Month-to-month,Fiber optic,Electronic check,94.65,3624.3,Medium
4415-WNGVR,No,0,0.25490561419995733,Female,1,Yes,No,12,One year,DSL,Electronic check,79.2,943.85,Low
1557-EMYVT,No,0,0.07422376373485486,Female,0,No,No,43,Two year,Fiber optic,Credit card (automatic),115.05,4895.1,Low
2027-FECZV,Yes,1,0.7225995541598715,Male,0,No,No,12,Month-to-month,Fiber optic,Electronic check,106.7,1253.9,High
3144-AUDBS,Yes,0,0.36809535913504643,Female,0,Yes,No,6,Month-to-month,DSL,Electronic check,49.15,270.8,Medium
9584-EXCDZ,No,0,0.3943897288856765,Female,0,No,No,17,Month-to-month,Fiber optic,Bank transfer (automatic),70.5,1165.6,Medium
7923-IYJWY,No,0,0.07822252657215413,Male,1,No,No,67,Two year,Fiber optic,Credit card (automatic),116.1,7839.85,Low
5760-IFJOZ,No,1,0.6305148270320433,Male,0,No,No,3,Month-to-month,Fiber optic,Mailed check,107.95,313.6,High
8111-SLLHI,Yes,1,0.6428581170492929,Male,1,Yes,No,39,Month-to-month,Fiber optic,Electronic check,105.65,4284.8,High
2188-SXWVT,No,0,0.04723943968478851,Female,0,No,No,34,One year,DSL,Mailed check,55.0,1885.15,Low
5320-BRKGK,No,0,0.012522090486906914,Female,0,Yes,Yes,58,Two year,DSL,Mailed check,75.8,4415.75,Low
7094-MSZAO,No,0,0.14728954769431118,Male,0,Yes,Yes,10,Month-to-month,No,Credit card (automatic),20.05,218.5,Low
4884-TVUQF,No,0,0.055984506741762884,Female,1,No,No,57,Two year,Fiber optic,Credit card (automatic),101.3,5779.6,Low
8590-OHDIW,No,0,0.017509433651827163,Female,0,Yes,Yes,38,One year,No,Mailed check,20.3,749.35,Low
6379-RXJRQ,Yes,1,0.6034603624003525,Male,0,Yes,No,10,Month-to-month,Fiber optic,Electronic check,70.1,659.65,High
1169-SAOCL,No,0,0.20917160871780238,Male,0,No,No,49,One year,Fiber optic,Bank transfer (automatic),106.65,5168.1,Low
3422-GALYP,No,1,0.6967991153332838,Male,0,No,No,2,Month-to-month,Fiber optic,Electronic check,79.45,145.15,High
7218-HKQFK,Yes,1,0.6518192615659033,Male,0,Yes,No,2,Month-to-month,Fiber optic,Electronic check,94.2,167.5,High
7055-HNEOJ,No,0,0.3198067170929357,Male,0,Yes,No,3,Month-to-month,DSL,Mailed check,55.8,154.55,Medium
7375-WMVMT,No,0,0.04522450031958374,Male,1,Yes,No,71,Two year,Fiber optic,Credit card (automatic),95.5,6707.15,Low
7109-MFBYV,No,0,0.20182379826823216,Male,0,No,No,26,Month-to-month,DSL,Electronic check,45.45,1233.15,Low
4550-VBOFE,Yes,0,0.41549820875428944,Male,1,Yes,No,70,Month-to-month,Fiber optic,Electronic check,102.95,7101.5,Medium
9643-YBLUR,No,0,0.43603205344867946,Male,0,Yes,No,9,Month-to-month,DSL,Credit card (automatic),69.05,653.95,Medium
2105-PHWON,No,0,0.38049912955793047,Female,0,Yes,No,33,Month-to-month,Fiber optic,Credit card (automatic),95.0,3008.15,Medium
9475-NNDGC,No,0,0.15315676809971912,Male,0,Yes,No,71,One year,Fiber optic,Bank transfer (automatic),113.15,7953.25,Low
6893-ODYYE,No,0,0.066089748512761,Male,0,No,No,50,One year,Fiber optic,Credit card (automatic),90.1,4549.45,Low
2257-BOVXD,No,0,0.3039678438377397,Male,0,Yes,No,14,Month-to-month,DSL,Credit card (automatic),66.6,979.5,Medium
7551-DACSP,Yes,0,0.32488209215399644,Male,0,Yes,Yes,6,Month-to-month,DSL,Mailed check,55.3,324.25,Medium
1702-CCFNJ,No,0,0.05335413368588875,Male,0,Yes,No,52,Month-to-month,DSL,Bank transfer (automatic),61.35,3169.55,Low
1991-VOPLL,No,0,0.14494833108582927,Female,0,No,No,9,Month-to-month,No,Mailed check,19.05,157.65,Low
9921-QFQUL,No,0,0.4927246356289785,Female,0,Yes,No,23,Month-to-month,Fiber optic,Mailed check,90.15,2044.95,Medium
6527-PZFPV,No,0,0.04335969386113467,Male,0,Yes,Yes,24,One year,No,Credit card (automatic),20.8,469.65,Low
7175-NTIXE,No,0,0.17618446746353345,Female,0,No,No,25,Month-to-month,DSL,Credit card (automatic),76.15,1992.95,Low
7771-CFQRQ,No,0,0.01611028938879639,Female,0,Yes,Yes,47,Two year,DSL,Bank transfer (automatic),63.8,3007.25,Low
3645-DEYGF,No,0,0.17109155879600255,Male,0,No,Yes,1,Month-to-month,No,Mailed check,20.75,20.75,Low
0323-XWWTN,No,0,0.08615764240009169,Male,0,No,Yes,3,Two year,No,Mailed check,26.4,121.25,Low
8309-PPCED,No,0,0.08273546128728021,Female,0,Yes,No,72,Two year,Fiber optic,Bank transfer (automatic),110.45,7982.5,Low
5322-TEUJK,No,0,0.03867395859519958,Female,0,Yes,Yes,71,Two year,Fiber optic,Bank transfer (automatic),114.6,8100.25,Low
6860-YRJZP,No,1,0.7235220332227238,Male,1,No,No,9,Month-to-month,Fiber optic,Electronic check,74.05,678.45,High
6963-EZQEE,No,0,0.022107527478138198,Male,1,Yes,No,70,Two year,DSL,Credit card (automatic),88.55,6306.5,Low
5387-ASZNZ,No,0,0.021239254445965798,Female,1,No,No,66,One year,DSL,Credit card (automatic),63.85,4174.35,Low
2439-LYPMQ,No,1,0.6345261241181677,Male,1,Yes,No,38,Month-to-month,Fiber optic,Electronic check,102.6,4009.2,High
6508-NJYRO,No,0,0.061176594917112095,Male,0,Yes,No,15,One year,No,Mailed check,18.8,294.95,Low
4940-KHCWD,No,0,0.007224411798171215,Female,0,Yes,No,60,Two year,DSL,Bank transfer (automatic),37.7,2288.7,Low
3199-NPKCN,No,0,0.17992916520023935,Female,0,Yes,No,67,One year,Fiber optic,Electronic check,111.25,7511.65,Low
1480-IVEVR,No,0,0.3205838606166334,Male,1,Yes,No,35,One year,Fiber optic,Bank transfer (automatic),81.6,2815.25,Medium
6968-MHOMU,No,0,0.0772353293578854,Male,0,Yes,No,58,One year,DSL,Credit card (automatic),45.0,2689.35,Low
4742-DRORA,No,0,0.12733570865959712,Male,0,Yes,Yes,60,One year,Fiber optic,Bank transfer (automatic),95.4,5812.0,Low
8329-UTMVM,No,0,0.37653984442980204,Male,1,No,No,27,One year,Fiber optic,Bank transfer (automatic),104.65,2964.0,Medium
8066-POXGX,Yes,1,0.5814497847813601,Female,0,No,No,13,Month-to-month,DSL,Electronic check,35.1,446.1,Medium
5310-NOOVA,No,0,0.008667866725626293,Male,0,No,No,46,Two year,No,Electronic check,19.95,907.05,Low
2074-GKOWZ,Yes,1,0.6487019025529177,Male,0,Yes,Yes,2,Month-to-month,Fiber optic,Bank transfer (automatic),89.55,185.55,High
1663-MHLHE,No,0,0.19570315871500224,Male,0,No,No,1,Month-to-month,No,Mailed check,19.2,19.2,Low
7285-KLOTR,No,0,0.2723954277930408,Female,0,Yes,No,12,One year,DSL,Electronic check,78.85,876.75,Low
9798-OPFEM,No,0,0.013138187100133536,Female,0,No,No,46,Two year,No,Electronic check,21.1,937.1,Low
4182-BGSIQ,No,0,0.16633903193764563,Female,0,Yes,Yes,10,Month-to-month,No,Bank transfer (automatic),19.8,196.75,Low
6145-NNPNO,No,0,0.3689262928992551,Female,0,No,No,1,Month-to-month,DSL,Bank transfer (automatic),44.15,44.15,Medium
2223-KAGMX,Yes,0,0.11214879254421393,Female,0,No,No,15,Month-to-month,No,Bank transfer (automatic),19.4,289.3,Low
0596-BQCEQ,Yes,0,0.32450548210866936,Female,0,Yes,Yes,62,Month-to-month,Fiber optic,Electronic check,100.15,6283.3,Medium
5862-BRIXZ,No,0,0.040740147429478527,Male,0,No,No,46,Two year,DSL,Bank transfer (automatic),60.75,2893.4,Low
1666-JXLKU,No,1,0.6194384167447159,Female,0,No,No,37,Month-to-month,Fiber optic,Electronic check,100.05,3810.55,High
3572-UOLYZ,No,0,0.22387243746955515,Female,0,No,Yes,46,Month-to-month,Fiber optic,Bank transfer (automatic),84.8,3958.85,Low
5057-RKGLH,No,0,0.03841820213993472,Female,0,Yes,Yes,9,Two year,No,Mailed check,20.35,191.1,Low
1360-RCYRT,No,0,0.20825644088576659,Male,0,Yes,Yes,23,Month-to-month,DSL,Bank transfer (automatic),30.35,678.75,Low
6185-TASNN,No,0,0.48691443815451146,Male,1,No,No,1,Month-to-month,DSL,Electronic check,46.3,46.3,Medium
5149-QYTTU,No,0,0.046834958341249185,Female,0,Yes,Yes,71,One year,Fiber optic,Credit card (automatic),95.15,6770.85,Low
1689-MRZQR,Yes,0,0.31810958356540586,Male,0,Yes,Yes,34,Month-to-month,Fiber optic,Electronic check,78.3,2564.3,Medium
2195-VVRJF,No,0,0.28006070706002345,Male,1,Yes,No,18,Month-to-month,DSL,Credit card (automatic),59.1,1011.05,Low
1722-LDZJS,No,0,0.007121963284156774,Male,0,Yes,Yes,53,One year,No,Credit card (automatic),20.2,1068.15,Low
2931-FSOHN,No,0,0.45945876839919375,Male,1,No,No,13,Month-to-month,DSL,Electronic check,59.9,788.35,Medium
3521-HTQTV,No,0,0.016982166336139318,Male,0,No,No,34,Two year,No,Bank transfer (automatic),26.1,980.35,Low
9378-FXTIZ,Yes,0,0.09987453290455382,Female,0,Yes,No,54,One year,DSL,Credit card (automatic),70.15,3715.65,Low
3462-BJQQA,No,1,0.7163808888069105,Female,0,No,No,6,Month-to-month,Fiber optic,Electronic check,89.75,552.65,High
8680-CGLTP,No,0,0.06754503193700287,Male,0,No,No,29,One year,DSL,Electronic check,58.75,1696.2,Low
8158-WPEZG,No,0,0.4014902680240588,Male,0,No,No,11,Month-to-month,DSL,Electronic check,35.65,425.1,Medium
5828-DWPIL,No,0,0.25728136457515666,Male,1,Yes,No,62,Month-to-month,Fiber optic,Electronic check,89.1,5618.3,Low
5843-TTHGI,No,0,0.2873818447170731,Female,0,No,No,18,Month-to-month,DSL,Mailed check,50.0,892.7,Low
1842-EZJMK,Yes,0,0.2640899117796418,Male,0,Yes,Yes,50,Month-to-month,Fiber optic,Electronic check,103.7,5071.05,Low
6114-TCFID,No,0,0.05179014553612356,Female,0,No,No,29,One year,DSL,Credit card (automatic),39.5,1082.75,Low
5365-LLFYV,No,0,0.441889270161769,Female,0,No,No,2,Month-to-month,DSL,Mailed check,45.85,105.6,Medium
8397-MVTAZ,Yes,1,0.6260263823435764,Male,0,Yes,No,34,Month-to-month,Fiber optic,Electronic check,100.05,3480.0,High
8201-AAXCB,No,0,0.26474762184745343,Male,0,Yes,Yes,25,Month-to-month,DSL,Electronic check,60.35,1404.65,Low
8058-DMYRU,No,0,0.43848556095633473,Male,1,No,No,54,Month-to-month,Fiber optic,Electronic check,90.05,4931.8,Medium
5840-NVDCG,No,0,0.03602061928283108,Female,0,Yes,Yes,16,Two year,DSL,Bank transfer (automatic),68.25,1114.85,Low
5317-FLPJF,No,0,0.020777591238828875,Female,0,No,No,66,Two year,DSL,Bank transfer (automatic),61.35,4193.4,Low
4510-HIMLV,Yes,1,0.6772617647334952,Male,0,No,No,1,Month-to-month,Fiber optic,Electronic check,69.8,69.8,High
5939-XAIXZ,No,0,0.3401231225145706,Female,0,No,No,19,Month-to-month,DSL,Mailed check,56.1,1033.9,Medium
0347-UBKUZ,No,0,0.11212273209742028,Female,0,No,No,15,Month-to-month,No,Mailed check,19.9,320.45,Low
8780-IHCRN,No,0,0.003009671928904615,Male,0,Yes,Yes,63,Two year,No,Credit card (automatic),24.65,1574.5,Low
6899-PPEEA,Yes,1,0.657233078468166,Female,1,No,No,37,Month-to-month,Fiber optic,Electronic check,96.55,3580.3,High
4937-QPZPO,No,0,0.2750498130586773,Male,0,Yes,Yes,61,One year,Fiber optic,Electronic check,99.9,6241.35,Low
0787-LHDYT,No,0,0.12855987236400734,Male,0,No,No,16,Month-to-month,No,Credit card (automatic),20.6,330.25,Low
2717-HVIZY,No,0,0.13220211881298136,Female,0,No,Yes,8,Month-to-month,No,Mailed check,20.05,163.6,Low
3771-PZOBW,No,1,0.5478470105888806,Male,0,No,No,20,Month-to-month,Fiber optic,Credit card (automatic),90.7,1781.35,Medium
9578-VRMNM,Yes,0,0.4096611690805881,Female,0,No,No,16,Month-to-month,DSL,Credit card (automatic),65.2,1043.35,Medium
6349-JDHQP,No,0,0.004363750719984158,Female,0,No,No,53,Two year,No,Credit card (automatic),19.85,1049.6,Low
1229-RCALF,No,0,0.18056782006528732,Female,0,Yes,No,64,One year,Fiber optic,Electronic check,115.0,7396.15,Low
5837-LXSDN,No,0,0.1385626171859864,Female,0,Yes,Yes,21,One year,DSL,Credit card (automatic),58.85,1215.45,Low
1697-LYYYX,No,0,0.004864212818610617,Female,0,Yes,Yes,61,One year,No,Credit card (automatic),19.1,1143.8,Low
9764-REAFF,No,0,0.003434730890317095,Female,0,Yes,No,59,Two year,No,Bank transfer (automatic),18.4,1057.85,Low
5724-BIDBU,No,0,0.0666052479062867,Male,0,Yes,No,49,One year,DSL,Electronic check,55.35,2633.95,Low
3908-BLSYF,Yes,1,0.624046792100709,Female,0,No,No,6,Month-to-month,Fiber optic,Electronic check,83.9,497.55,High
3249-ZPQRG,Yes,1,0.6039895756835945,Male,0,No,No,4,Month-to-month,Fiber optic,Electronic check,78.45,330.05,High
5148-ORICT,No,0,0.011937698674511879,Female,0,Yes,No,64,Two year,DSL,Mailed check,74.35,4759.55,Low
6698-OXETB,No,0,0.03809077101726703,Male,0,No,No,11,Two year,No,Mailed check,20.4,231.45,Low
7044-YAACC,No,1,0.7090669869739711,Male,1,Yes,No,4,Month-to-month,Fiber optic,Electronic check,70.2,280.35,High
8313-KTIHG,No,0,0.4108001226302274,Male,0,No,No,4,Month-to-month,DSL,Electronic check,61.3,249.4,Medium
8161-QYMTT,No,1,0.7664362573511927,Male,0,No,No,7,Month-to-month,Fiber optic,Electronic check,94.1,701.3,High
8755-IWJHN,No,0,0.28184279231985454,Male,1,Yes,No,69,Month-to-month,Fiber optic,Bank transfer (automatic),95.35,6382.0,Low
8380-PEFPE,Yes,1,0.6405177100734328,Male,0,No,Yes,1,Month-to-month,Fiber optic,Electronic check,71.65,71.65,High
8695-WDYEA,No,0,0.27279312790678784,Male,0,No,No,1,Month-to-month,DSL,Mailed check,51.25,51.25,Low
4925-LMHOK,Yes,0,0.23274773307441446,Male,0,No,No,15,Month-to-month,DSL,Credit card (automatic),58.6,939.7,Low
4558-FANTW,Yes,0,0.30101778934138285,Female,0,Yes,Yes,17,Month-to-month,Fiber optic,Electronic check,91.85,1574.45,Medium
0310-VQXAM,No,0,0.13881768282553894,Male,0,No,No,9,Month-to-month,No,Mailed check,19.85,178.8,Low
8714-EUHJO,Yes,1,0.5378965988072877,Female,0,Yes,Yes,31,Month-to-month,Fiber optic,Electronic check,91.15,2995.45,Medium
0277-BKSQP,No,0,0.44130224435354815,Male,0,Yes,Yes,8,Month-to-month,DSL,Electronic check,54.4,475.1,Medium
9522-ZSINC,No,0,0.12083163465431725,Male,0,No,No,13,One year,No,Electronic check,19.95,253.8,Low
9402-ROUMJ,No,0,0.08473510623324376,Female,0,Yes,Yes,67,One year,Fiber optic,Bank transfer (automatic),100.25,6689.0,Low
0942-KOWSM,No,0,0.04029337449778618,Female,0,Yes,Yes,30,Two year,DSL,Bank transfer (automatic),80.8,2369.3,Low
0991-BRRFB,Yes,0,0.1966807889640417,Male,0,No,No,18,Month-to-month,DSL,Electronic check,49.4,874.8,Low
6305-YLBMM,Yes,0,0.10983211125293502,Male,0,No,No,69,One year,Fiber optic,Bank transfer (automatic),104.05,7262.0,Low
8125-QPFJD,No,0,0.01916281114540158,Female,0,Yes,No,72,Two year,DSL,Bank transfer (automatic),84.9,6065.3,Low
4652-NNHNY,Yes,1,0.5555332261262637,Male,0,Yes,No,16,Month-to-month,Fiber optic,Bank transfer (automatic),73.85,1284.2,Medium
9402-CXWPL,No,0,0.17023609750536617,Female,0,No,No,70,One year,Fiber optic,Electronic check,98.9,6838.6,Low
6595-YGXIT,Yes,1,0.6329939920072132,Male,1,No,No,25,Month-to-month,Fiber optic,Electronic check,88.95,2291.2,High
8757-TFHHJ,No,0,0.3279443315632848,Male,0,No,No,1,Month-to-month,DSL,Credit card (automatic),49.8,49.8,Medium
3990-QYKBE,Yes,1,0.6372146371159997,Male,1,Yes,No,37,Month-to-month,Fiber optic,Electronic check,92.5,3473.4,High
5134-IKDAY,Yes,1,0.6563330059599733,Female,0,Yes,Yes,1,Month-to-month,Fiber optic,Electronic check,69.8,69.8,High
0361-HJRDX,No,0,0.011679049658336287,Female,0,No,No,68,Two year,DSL,Credit card (automatic),64.35,4539.6,Low
2927-CVULT,No,0,0.060140157410527355,Female,0,Yes,Yes,53,Two year,Fiber optic,Bank transfer (automatic),104.05,5566.4,Low
5600-PDUJF,No,0,0.27089412474063773,Male,0,No,No,6,Month-to-month,DSL,Credit card (automatic),49.5,312.7,Low
7219-TLZHO,No,0,0.15935238240535762,Female,0,Yes,Yes,4,Month-to-month,No,Mailed check,20.85,62.9,Low
5172-MIGPM,No,0,0.3315090570288927,Male,0,No,No,4,Month-to-month,DSL,Mailed check,65.55,237.2,Medium
8735-NBLWT,No,0,0.12011540839700441,Male,0,No,Yes,9,Month-to-month,No,Mailed check,20.4,184.1,Low
8226-BXGES,No,0,0.06629961358016731,Male,0,Yes,No,64,One year,Fiber optic,Bank transfer (automatic),89.45,5692.65,Low
5989-OMNJE,No,0,0.18233895787842394,Female,0,Yes,Yes,24,One year,DSL,Electronic check,57.6,1367.75,Low
3454-JFUBC,No,0,0.0034702064097275227,Male,1,No,No,68,Two year,No,Credit card (automatic),20.0,1396.0,Low
6556-DBKZF,No,0,0.032836850183906544,Female,0,Yes,Yes,71,Two year,Fiber optic,Electronic check,76.05,5436.45,Low
3786-WOVKF,No,0,0.18195608322634993,Female,1,Yes,No,72,One year,Fiber optic,Bank transfer (automatic),106.85,7677.4,Low
0388-EOPEX,Yes,1,0.5981219208984759,Female,0,Yes,No,2,Month-to-month,Fiber optic,Electronic check,74.4,139.4,Medium
3853-LYGAM,No,1,0.5084675523353585,Male,0,No,No,17,Month-to-month,Fiber optic,Bank transfer (automatic),95.65,1640.0,Medium
8775-ERLNB,No,1,0.7121462723893823,Male,1,Yes,No,1,Month-to-month,Fiber optic,Electronic check,74.3,74.3,High
2277-AXSDC,No,0,0.02776851654921008,Female,0,No,No,32,One year,No,Bank transfer (automatic),19.75,624.15,Low
2242-MFOTG,No,0,0.15419082196310466,Male,0,No,No,33,One year,Fiber optic,Bank transfer (automatic),80.1,2603.3,Low
9150-KPBJQ,No,0,0.04746341563690148,Female,0,No,No,6,Two year,No,Credit card (automatic),19.65,116.85,Low
1866-DIOQZ,No,0,0.022939658318261634,Female,0,Yes,No,71,One year,DSL,Bank transfer (automatic),66.8,4689.15,Low
9102-IAYHT,Yes,1,0.6483618003142841,Female,0,Yes,Yes,17,Month-to-month,Fiber optic,Electronic check,85.45,1451.6,High
1895-QTKDO,No,0,0.34752195369329436,Female,0,No,No,1,Month-to-month,DSL,Credit card (automatic),43.95,43.95,Medium
9940-HPQPG,Yes,0,0.4294348766703781,Female,0,Yes,No,9,Month-to-month,Fiber optic,Bank transfer (automatic),91.75,865.8,Medium
7666-WKRON,Yes,0,0.1026747853880832,Female,0,No,No,39,Two year,Fiber optic,Electronic check,80.45,3201.55,Low
9102-OXKFY,No,0,0.015778350392519687,Male,0,No,No,59,Two year,DSL,Credit card (automatic),54.15,3116.15,Low
1960-UOTYM,No,0,0.0256477435427388,Male,0,Yes,Yes,52,Two year,DSL,Electronic check,79.2,4016.3,Low
4950-HKQTE,No,0,0.0313210230218578,Female,0,No,No,22,Two year,No,Mailed check,26.25,605.9,Low
4718-WXBGI,No,0,0.014623280596635665,Male,0,Yes,Yes,72,Two year,DSL,Credit card (automatic),91.95,6614.9,Low
4735-BJKOU,No,0,0.009272400572826986,Female,0,No,No,40,Two year,No,Mailed check,20.15,804.85,Low
0379-DJQHR,No,0,0.011434276175603464,Male,0,Yes,Yes,67,Two year,DSL,Credit card (automatic),81.35,5398.6,Low
2208-MPXIO,No,0,0.008755139572942376,Female,0,Yes,Yes,45,Two year,No,Bank transfer (automatic),20.0,886.4,Low
8314-DPQHL,No,0,0.1720123174012107,Male,0,No,No,9,One year,DSL,Mailed check,50.8,463.6,Low
7803-XOCCZ,No,0,0.10906418852649635,Female,0,Yes,Yes,52,Month-to-month,Fiber optic,Bank transfer (automatic),84.05,4326.8,Low
9668-PUGNU,No,0,0.005041978586598248,Male,0,Yes,No,71,Two year,No,Electronic check,24.5,1816.2,Low
9992-UJOEL,No,0,0.3945539437180851,Male,0,No,No,2,Month-to-month,DSL,Mailed check,50.3,92.75,Medium
8775-LHDJH,Yes,1,0.7911896789586947,Female,1,Yes,No,1,Month-to-month,Fiber optic,Electronic check,90.6,90.6,High
8455-HIRAQ,No,0,0.2990720263894354,Female,0,No,No,8,Month-to-month,DSL,Mailed check,44.45,369.3,Low
0774-RMNUW,No,0,0.008074496306035324,Female,0,Yes,Yes,71,Two year,DSL,Bank transfer (automatic),59.7,4122.65,Low
3191-CSNMG,No,1,0.6739383315925289,Female,0,Yes,Yes,3,Month-to-month,Fiber optic,Electronic check,80.7,239.45,High
0872-NXJYS,Yes,1,0.6777992700288173,Female,0,No,No,9,Month-to-month,Fiber optic,Electronic check,79.55,723.4,High
0557-ASKVU,No,0,0.10183637438182049,Female,0,Yes,Yes,18,One year,DSL,Credit card (automatic),54.4,957.1,Low
8908-NMQTX,No,0,0.013709661880928571,Male,0,No,No,72,Two year,DSL,Bank transfer (automatic),65.6,4566.5,Low
3280-NMUVX,No,0,0.018706611505734355,Male,0,Yes,Yes,34,One year,No,Credit card (automatic),19.6,678.8,Low
0699-NDKJM,No,0,0.12602840798253942,Female,0,Yes,No,57,Month-to-month,DSL,Bank transfer (automatic),58.75,3437.45,Low
0841-NULXI,Yes,1,0.6980849416163863,Male,0,No,No,1,Month-to-month,DSL,Electronic check,35.55,35.55,High
0423-UDIJQ,No,0,0.2406176815937277,Male,1,No,No,9,Month-to-month,DSL,Mailed check,49.2,447.9,Low
5924-IFQTT,No,0,0.33235724850211174,Male,0,Yes,Yes,13,Month-to-month,DSL,Electronic check,72.8,930.05,Medium
9667-EQRXU,Yes,0,0.43945235023636736,Female,1,No,No,30,Month-to-month,DSL,Electronic check,40.3,1172.95,Medium
1114-CENIM,Yes,0,0.07561726881797874,Male,0,No,Yes,54,Month-to-month,DSL,Credit card (automatic),55.0,3092.65,Low
9220-CXRSC,No,0,0.004754803387316695,Female,0,Yes,Yes,69,Two year,DSL,Credit card (automatic),61.4,4059.85,Low
5712-AHQNN,No,0,0.4008101429068454,Female,0,No,No,43,Month-to-month,Fiber optic,Electronic check,91.65,3954.1,Medium
2933-XEUJM,No,0,0.04191508975668157,Female,0,No,No,46,Two year,DSL,Mailed check,79.2,3593.8,Low
0336-KXKFK,No,0,0.013502782028457656,Male,0,No,No,72,Two year,DSL,Credit card (automatic),61.2,4390.25,Low
6705-LXORM,No,1,0.6341138929444914,Female,1,Yes,No,5,Month-to-month,Fiber optic,Electronic check,70.05,302.6,High
0851-DFJKB,No,0,0.16996720672495538,Female,0,No,No,15,Month-to-month,DSL,Electronic check,58.95,955.15,Low
2810-FTLEM,Yes,0,0.28571210361770566,Female,0,No,No,16,Month-to-month,DSL,Electronic check,50.15,762.25,Low
9359-UGBTK,No,0,0.024468766461448653,Female,0,No,No,67,One year,DSL,Bank transfer (automatic),72.35,4991.5,Low
5032-USPKF,No,0,0.09862258841731783,Female,0,No,No,38,One year,DSL,Bank transfer (automatic),84.1,3187.65,Low
6311-UEUME,Yes,1,0.5085142075358897,Female,0,No,No,29,Month-to-month,Fiber optic,Electronic check,78.9,2384.15,Medium
0883-EIBTI,Yes,0,0.19664201092368874,Female,0,No,No,2,Month-to-month,No,Mailed check,19.5,31.55,Low
2451-YMUXS,No,0,0.010686971442818037,Male,1,No,No,67,Two year,DSL,Bank transfer (automatic),64.55,4250.1,Low
7136-RVDTZ,Yes,0,0.08449667519828769,Male,1,No,No,70,One year,DSL,Electronic check,45.25,3264.45,Low
8865-TNMNX,No,0,0.13190067154373347,Male,0,Yes,Yes,10,One year,DSL,Mailed check,49.55,475.7,Low
5960-WPXQM,Yes,1,0.7071720409281771,Male,0,No,No,1,Month-to-month,Fiber optic,Electronic check,79.05,79.05,High
8727-JQFHV,No,0,0.0031174058109970683,Male,0,Yes,Yes,57,Two year,No,Mailed check,20.75,1123.15,Low
9787-XVQIU,Yes,1,0.7312052053114916,Male,0,No,No,1,Month-to-month,Fiber optic,Electronic check,75.3,75.3,High
3158-MOERK,Yes,1,0.7988400095586389,Female,0,No,No,2,Month-to-month,Fiber optic,Electronic check,96.0,174.8,High
7821-DPRQE,No,0,0.22522039849505443,Male,0,Yes,No,68,Month-to-month,Fiber optic,Electronic check,107.7,7320.9,Low
3583-EKAPL,Yes,1,0.5643862760595096,Male,0,No,No,1,Month-to-month,DSL,Electronic check,55.0,55.0,Medium
5546-QUERU,No,0,0.09187845077649909,Male,0,No,No,13,One year,No,Mailed check,19.95,257.0,Low
2364-UFROM,No,0,0.05845631634755519,Male,0,No,No,30,One year,DSL,Electronic check,70.4,2044.75,Low
9821-POOTN,Yes,0,0.45598150366490237,Male,0,Yes,No,35,Month-to-month,Fiber optic,Electronic check,75.2,2576.2,Medium
7563-BIUPC,Yes,1,0.6810930049310445,Male,0,No,No,5,Month-to-month,Fiber optic,Electronic check,80.6,415.55,High
2391-SOORI,Yes,0,0.27500754928447396,Male,0,No,Yes,4,Month-to-month,DSL,Electronic check,49.35,219.65,Low
3261-CQXOL,No,0,0.0023805532502898584,Female,0,Yes,Yes,71,Two year,No,Bank transfer (automatic),25.45,1813.35,Low
1777-JYQPJ,No,0,0.4792996886464095,Male,0,No,No,2,Month-to-month,DSL,Mailed check,24.3,38.45,Medium
0524-IAVZO,Yes,1,0.5964966627930106,Female,0,Yes,No,30,Month-to-month,Fiber optic,Electronic check,85.0,2624.25,Medium
6188-UXBBR,No,0,0.02737649855404147,Female,0,Yes,No,38,One year,No,Credit card (automatic),20.25,814.75,Low
8207-DMRVL,No,0,0.03673641009113477,Male,0,Yes,Yes,72,Two year,Fiber optic,Bank transfer (automatic),114.55,8306.05,Low
0988-AADSA,No,0,0.008202090384221771,Female,0,Yes,Yes,72,Two year,DSL,Bank transfer (automatic),80.85,5824.75,Low
5647-URDKA,No,0,0.03761480396948033,Male,0,Yes,Yes,8,Two year,No,Mailed check,19.7,130.25,Low
4580-TMHJU,Yes,0,0.12796192386171878,Female,0,Yes,Yes,43,Month-to-month,DSL,Electronic check,56.15,2499.3,Low
8627-ZYGSZ,No,0,0.21765617133175474,Male,0,Yes,No,47,One year,Fiber optic,Electronic check,78.9,3650.35,Low
0042-RLHYP,No,0,0.001814987901668035,Female,0,Yes,Yes,69,Two year,No,Bank transfer (automatic),19.7,1396.9,Low
7786-WBJYI,Yes,1,0.5439560897901845,Female,0,No,No,4,Month-to-month,Fiber optic,Bank transfer (automatic),77.95,305.55,Medium
1352-HNSAW,No,0,0.05303672337317929,Female,0,Yes,Yes,72,Two year,Fiber optic,Bank transfer (automatic),115.6,8220.4,Low
1170-SASML,No,0,0.1853794298948729,Female,0,Yes,No,69,Month-to-month,Fiber optic,Bank transfer (automatic),85.4,5869.4,Low
8034-RYTVV,No,0,0.1153773321329752,Female,0,No,No,55,One year,Fiber optic,Credit card (automatic),84.25,4589.85,Low
2599-CZABP,No,0,0.18883159719854123,Male,0,Yes,No,14,One year,DSL,Electronic check,44.6,641.25,Low
9362-MWODR,No,0,0.06626845963730915,Female,0,No,Yes,40,Month-to-month,DSL,Credit card (automatic),64.1,2460.35,Low
3027-ZTDHO,Yes,1,0.748749437243024,Male,0,No,No,1,Month-to-month,Fiber optic,Electronic check,89.9,89.9,High
6646-VRFOL,Yes,1,0.5360528551493278,Male,1,Yes,No,53,Month-to-month,Fiber optic,Electronic check,103.85,5485.5,Medium
4006-HKYHO,No,0,0.016218634232576863,Male,0,No,No,63,Two year,DSL,Bank transfer (automatic),86.7,5309.5,Low
8216-AZUUZ,No,0,0.14072771167571405,Female,0,Yes,Yes,42,Two year,Fiber optic,Electronic check,100.4,4303.65,Low
7954-MLBUN,No,0,0.10952022297394558,Male,0,No,No,31,Two year,Fiber optic,Bank transfer (automatic),99.45,3109.9,Low
2123-VSCOT,No,0,0.022999349593449542,Female,0,Yes,Yes,59,Two year,DSL,Bank transfer (automatic),72.1,4194.85,Low
1415-YFWLT,Yes,1,0.8006183582513611,Female,1,No,No,1,Month-to-month,Fiber optic,Electronic check,89.3,89.3,High
9500-IWPXQ,No,0,0.04186471724505055,Female,0,Yes,Yes,61,One year,DSL,Electronic check,79.4,4820.55,Low
7767-UXAGJ,Yes,1,0.5770674489500582,Male,0,No,No,1,Month-to-month,DSL,Electronic check,50.45,50.45,Medium
5393-RXQSZ,Yes,1,0.6455408455694003,Male,0,No,No,1,Month-to-month,Fiber optic,Electronic check,79.6,79.6,High
2013-SGDXK,Yes,1,0.6140721783107023,Female,0,No,No,1,Month-to-month,Fiber optic,Electronic check,84.3,84.3,High
8952-WCVCD,No,0,0.21546111153384204,Female,0,Yes,No,41,One year,Fiber optic,Bank transfer (automatic),104.45,4162.05,Low
3623-FQBOX,No,0,0.10937692010535531,Male,0,No,No,21,Month-to-month,No,Mailed check,19.95,416.4,Low
4000-VGMQP,No,0,0.09642851655462725,Male,0,Yes,Yes,38,One year,DSL,Credit card (automatic),78.95,2862.55,Low
1855-AGAWH,No,0,0.41436629072913195,Male,0,Yes,No,31,One year,Fiber optic,Electronic check,93.8,2939.8,Medium
4786-UKSNZ,Yes,0,0.1961952764665822,Male,0,No,No,1,Month-to-month,No,Mailed check,20.2,20.2,Low
9209-NWPGU,No,0,0.03792720129576832,Male,0,No,No,44,One year,DSL,Electronic check,65.4,2774.55,Low
0667-NSRGI,No,0,0.08065543913444259,Female,0,Yes,No,48,One year,DSL,Mailed check,69.55,3435.6,Low
0442-ZXKVS,No,0,0.21650400636222827,Female,1,Yes,No,54,One year,Fiber optic,Bank transfer (automatic),115.6,6431.05,Low
5602-BVFMK,No,0,0.07356647377650931,Female,0,No,No,12,One year,No,Mailed check,19.3,228.75,Low
7113-HIPFI,No,0,0.0040111205725527534,Male,0,Yes,Yes,66,Two year,DSL,Mailed check,65.85,4097.05,Low
1193-RTSLK,Yes,0,0.22214533866491826,Female,0,No,No,38,Month-to-month,Fiber optic,Credit card (automatic),83.9,3233.6,Low
6260-XLACS,No,0,0.10316779525680023,Male,0,No,No,4,One year,No,Mailed check,19.7,117.8,Low
2834-SPCJV,Yes,0,0.18830606912250533,Male,0,Yes,No,52,Month-to-month,Fiber optic,Electronic check,84.1,4348.65,Low
0513-RBGPE,No,0,0.02288398432338369,Male,0,Yes,Yes,37,Two year,DSL,Credit card (automatic),62.8,2278.75,Low
5868-YTYKS,No,0,0.22604731683587076,Male,0,No,Yes,1,Month-to-month,No,Mailed check,20.25,20.25,Low
4302-ZYFEL,No,0,0.004451463457318852,Male,0,Yes,Yes,69,One year,No,Credit card (automatic),20.55,1403.1,Low
2528-HFYZX,Yes,1,0.5762088359994314,Male,1,Yes,No,17,Month-to-month,Fiber optic,Electronic check,76.45,1233.4,Medium
7977-HXJKU,No,0,0.019301006913945106,Male,0,No,Yes,21,Two year,No,Mailed check,19.6,397.0,Low
1501-SGHBW,Yes,0,0.34321641299364963,Male,0,No,No,2,Month-to-month,DSL,Mailed check,45.85,81.0,Medium
6946-LMSQS,Yes,0,0.4334401283802433,Male,1,Yes,No,25,One year,Fiber optic,Electronic check,89.05,2177.45,Medium
7634-HLQJR,No,0,0.005242130524700938,Female,0,Yes,Yes,47,Two year,No,Credit card (automatic),20.05,1016.7,Low
0541-FITGH,No,0,0.40412619971565333,Female,0,Yes,No,2,Month-to-month,DSL,Mailed check,62.15,113.1,Medium
2058-DCJBE,Yes,1,0.6430223286980941,Male,0,No,No,5,Month-to-month,Fiber optic,Electronic check,69.75,324.6,High
7541-YLXCL,Yes,0,0.07596454378378217,Male,0,No,No,36,One year,DSL,Mailed check,65.4,2498.4,Low
2208-NKVVH,No,0,0.008844474745125647,Male,0,Yes,Yes,43,Two year,No,Mailed check,24.25,1077.95,Low
1101-SSWAG,No,0,0.4457459499924359,Female,0,Yes,No,15,Month-to-month,DSL,Electronic check,51.1,711.15,Medium
0722-SVSFK,No,1,0.6373332358810863,Female,0,No,No,7,Month-to-month,Fiber optic,Electronic check,100.4,715.0,High
1004-NOZNR,No,0,0.10500927297756016,Male,1,No,Yes,56,One year,Fiber optic,Credit card (automatic),94.8,5264.3,Low
0479-HMSWA,No,0,0.1792799280935044,Female,0,No,Yes,26,Two year,Fiber optic,Electronic check,105.45,2715.3,Low
1571-SAVHK,Yes,1,0.5701723852161823,Male,0,No,No,12,Month-to-month,Fiber optic,Mailed check,99.95,1132.75,Medium
0661-XEYAN,Yes,1,0.6511560938265493,Female,1,No,No,1,Month-to-month,DSL,Mailed check,25.8,25.8,High
8263-JQAIK,Yes,1,0.6248071130379247,Male,1,No,No,2,Month-to-month,DSL,Mailed check,24.45,47.5,High
6771-XWBDM,Yes,0,0.3727526324691549,Female,0,Yes,No,57,Month-to-month,Fiber optic,Credit card (automatic),104.5,5921.35,Medium
7317-GGVPB,Yes,0,0.06945433556548265,Male,0,Yes,No,71,Two year,Fiber optic,Credit card (automatic),108.6,7690.9,Low
6629-LADHQ,No,0,0.2773172948011521,Female,0,No,No,2,Month-to-month,DSL,Mailed check,50.95,123.05,Low
4312-GVYNH,No,0,0.011346136066772611,Female,0,Yes,No,70,Two year,DSL,Bank transfer (automatic),49.85,3370.2,Low
9576-ANLXO,Yes,1,0.6071073281326584,Female,0,No,No,3,Month-to-month,Fiber optic,Bank transfer (automatic),69.55,222.3,High
7427-AUFPY,No,0,0.003832735809103163,Male,0,No,No,54,Two year,No,Credit card (automatic),19.65,1008.7,Low
6122-EFVKN,No,0,0.032036371537085384,Male,0,No,Yes,24,Two year,DSL,Mailed check,35.75,830.8,Low
3316-UWXUY,No,0,0.14313571872821287,Male,0,No,No,50,Month-to-month,Fiber optic,Credit card (automatic),93.5,4747.5,Low
5696-CEIQJ,No,0,0.035800395026438864,Male,0,Yes,Yes,67,Two year,Fiber optic,Bank transfer (automatic),103.15,6895.5,Low
3413-DHLPB,No,0,0.21887492573798767,Male,0,Yes,Yes,60,Month-to-month,Fiber optic,Bank transfer (automatic),103.75,5969.95,Low
3755-JBMNH,Yes,1,0.5448245396622146,Male,1,Yes,No,16,Month-to-month,Fiber optic,Bank transfer (automatic),71.8,1167.8,Medium
7580-UGXNC,Yes,0,0.29820872094529327,Female,1,No,No,2,Month-to-month,DSL,Mailed check,54.85,104.2,Low
4674-HGNUA,No,0,0.010395964579103995,Male,0,Yes,Yes,71,Two year,DSL,Credit card (automatic),89.9,6457.15,Low
2737-YNGYW,Yes,1,0.6538114541806281,Female,0,No,No,2,Month-to-month,Fiber optic,Electronic check,80.55,184.1,High
8182-PNAGI,Yes,0,0.18177193039637304,Male,0,No,No,12,Month-to-month,DSL,Bank transfer (automatic),50.25,593.75,Low
4257-GAESD,No,1,0.5225985692267623,Female,0,No,No,6,Month-to-month,DSL,Credit card (automatic),45.0,298.7,Medium
0585-EGDDA,No,0,0.3408855702042115,Male,0,Yes,No,40,Month-to-month,Fiber optic,Electronic check,80.0,3168.75,Medium
3948-FVVRP,No,0,0.15836941381953906,Male,0,Yes,Yes,9,Month-to-month,DSL,Mailed check,54.8,452.8,Low
2860-RANUS,Yes,1,0.6295965198881844,Female,1,No,No,20,Month-to-month,Fiber optic,Credit card (automatic),85.8,1727.5,High
1755-RMCXH,No,0,0.16589271717459197,Male,0,Yes,Yes,2,Month-to-month,No,Mailed check,20.3,40.25,Low
8498-XXGWA,No,0,0.041812540392046516,Female,0,Yes,No,65,Month-to-month,DSL,Mailed check,55.15,3673.15,Low
9048-JVYVF,Yes,0,0.4696022982610462,Male,0,No,No,3,Month-to-month,DSL,Electronic check,69.35,191.35,Medium
2040-OBMLJ,No,0,0.14740792238830436,Male,0,No,No,31,One year,Fiber optic,Credit card (automatic),81.7,2548.65,Low
1849-RJYIG,No,0,0.4015500195339757,Female,0,No,No,8,Month-to-month,DSL,Electronic check,60.0,487.75,Medium
1666-JZPZT,No,0,0.18697793693948617,Male,0,No,No,27,Month-to-month,DSL,Mailed check,49.0,1291.35,Low
1251-KRREG,Yes,0,0.4581712210469242,Male,0,No,No,2,Month-to-month,DSL,Mailed check,54.4,114.1,Medium
6655-LHBYW,No,0,0.11776694248596985,Male,0,No,No,50,One year,Fiber optic,Credit card (automatic),114.35,5791.1,Low
0701-RFGFI,No,0,0.39727721431393737,Female,0,Yes,Yes,49,Month-to-month,Fiber optic,Bank transfer (automatic),95.4,4613.95,Medium
2519-ERQOJ,No,0,0.37208371260519,Male,1,No,No,33,Month-to-month,DSL,Electronic check,54.6,1803.7,Medium
0320-JDNQG,Yes,0,0.3853784270025902,Male,0,Yes,Yes,23,Month-to-month,Fiber optic,Electronic check,99.85,2331.3,Medium
5600-KTXFM,No,0,0.47434778057921406,Male,0,Yes,Yes,2,Month-to-month,Fiber optic,Mailed check,69.95,143.9,Medium
9257-AZMTZ,No,0,0.0043930996697908445,Female,0,Yes,Yes,52,Two year,No,Bank transfer (automatic),20.1,1078.75,Low
3400-ESFUW,Yes,0,0.005424049070247582,Male,0,Yes,Yes,55,Two year,DSL,Bank transfer (automatic),57.55,3046.4,Low
5989-PGKJB,No,1,0.5997390701771093,Female,0,No,No,16,Month-to-month,Fiber optic,Electronic check,86.25,1340.1,Medium
2619-WFQWU,Yes,1,0.6210835607731958,Female,0,No,No,1,Month-to-month,Fiber optic,Mailed check,70.15,70.15,High
8443-WVPSS,Yes,1,0.5722327198620787,Male,0,Yes,No,10,Month-to-month,Fiber optic,Electronic check,99.85,990.9,Medium
4393-RYCRE,No,0,0.24369198238430134,Male,0,No,No,44,One year,Fiber optic,Electronic check,106.05,4510.8,Low
7721-JXEAW,Yes,0,0.10169232079853789,Male,0,Yes,No,59,Month-to-month,DSL,Bank transfer (automatic),41.05,2452.7,Low
6131-JLWZM,No,0,0.16553575250238034,Female,0,No,No,13,Month-to-month,No,Mailed check,20.3,275.4,Low
1282-IHQAC,No,0,0.040019371927988434,Male,1,No,No,70,One year,DSL,Credit card (automatic),44.05,3011.65,Low
5376-PCKNB,No,0,0.14826203612225627,Male,0,Yes,Yes,72,One year,Fiber optic,Credit card (automatic),104.45,7459.0,Low
3410-MHHUM,No,0,0.24069251211412293,Female,0,Yes,Yes,44,One year,Fiber optic,Electronic check,94.4,4295.35,Low
5797-APWZC,Yes,1,0.6909574917181276,Female,0,No,No,1,Month-to-month,Fiber optic,Electronic check,90.6,90.6,High
0516-UXRMT,No,0,0.14010223238975103,Female,0,No,No,62,One year,Fiber optic,Electronic check,92.05,5755.8,Low
5940-AHUHD,Yes,1,0.5219069041905481,Male,0,No,No,1,Month-to-month,Fiber optic,Mailed check,70.6,70.6,Medium
8198-RKSZG,No,0,0.23734092410497223,Female,0,Yes,Yes,14,Month-to-month,DSL,Credit card (automatic),80.45,1137.05,Low
6048-NJXHX,No,0,0.01649237686187986,Male,0,Yes,No,41,Two year,No,Electronic check,19.75,899.45,Low
5170-PTRKA,No,0,0.0287667865413912,Female,0,Yes,Yes,49,One year,DSL,Credit card (automatic),35.8,1782.0,Low
5063-IUOKK,No,0,0.034359488311586646,Male,0,No,No,13,Two year,No,Mailed check,19.75,265.75,Low
1268-ASBGA,Yes,1,0.6609554405059661,Female,1,Yes,No,16,Month-to-month,Fiber optic,Credit card (automatic),85.35,1375.15,High
6542-LWGXJ,No,0,0.47242006459506714,Male,0,Yes,No,3,Month-to-month,DSL,Mailed check,25.0,78.25,Medium
8582-KRHPJ,No,0,0.07717126509227147,Male,0,No,No,50,Month-to-month,DSL,Mailed check,35.0,1782.4,Low
7473-ZBDSN,No,0,0.029487680482076947,Female,0,Yes,Yes,14,Two year,No,Mailed check,18.8,255.55,Low
7233-IOQNP,No,0,0.060527935331903204,Female,0,Yes,No,43,Month-to-month,DSL,Bank transfer (automatic),34.0,1505.35,Low
3094-JOJAI,No,0,0.44126356973445974,Male,0,No,No,18,Month-to-month,Fiber optic,Mailed check,74.15,1387.0,Medium
4323-SADQS,Yes,0,0.3495937987158818,Male,0,Yes,Yes,7,Month-to-month,DSL,Electronic check,34.5,279.25,Medium
8348-HFYIV,Yes,1,0.7197686418030491,Male,0,No,No,2,Month-to-month,DSL,Electronic check,49.25,90.35,High
0820-FNRNX,No,0,0.2108869074581219,Male,0,Yes,Yes,17,Month-to-month,DSL,Mailed check,66.7,1077.05,Low
5360-LJCNJ,No,0,0.11546533134606884,Female,0,Yes,No,71,Two year,Fiber optic,Bank transfer (automatic),105.15,7555.0,Low
0233-FTHAV,No,0,0.14204130381548863,Female,0,No,No,60,One year,Fiber optic,Bank transfer (automatic),79.2,4765.0,Low
5014-WUQMG,No,0,0.1629907569395224,Male,0,Yes,Yes,47,One year,Fiber optic,Electronic check,96.1,4391.45,Low
9028-LIHRP,No,0,0.016298447988785724,Male,0,Yes,Yes,71,Two year,Fiber optic,Credit card (automatic),100.2,7209.0,Low
7596-IIWYC,No,0,0.025549819658217062,Female,0,No,No,27,Two year,No,Bank transfer (automatic),20.25,538.2,Low
6865-JZNKO,No,0,0.1285154550603353,Female,0,No,No,30,Month-to-month,DSL,Bank transfer (automatic),55.3,1530.6,Low
3644-QXEHN,No,1,0.5736653749985777,Male,0,Yes,Yes,13,Month-to-month,Fiber optic,Electronic check,97.0,1334.45,Medium
5481-NTDOH,No,0,0.2089178952724889,Female,1,Yes,No,67,One year,Fiber optic,Credit card (automatic),107.05,7142.5,Low
3999-QGRJH,Yes,1,0.6745526446176429,Male,1,No,No,8,Month-to-month,Fiber optic,Electronic check,69.7,560.85,High
3134-DSHVC,No,0,0.04581350354132621,Female,0,No,No,63,Two year,Fiber optic,Credit card (automatic),98.0,6218.45,Low
0750-EKNGL,No,0,0.15206064362239238,Male,0,No,No,7,Month-to-month,No,Mailed check,20.75,141.1,Low
3472-QPRCH,No,0,0.009510419132523484,Male,0,Yes,Yes,40,Two year,No,Credit card (automatic),25.25,1006.9,Low
4077-HWUYD,No,0,0.01510785347869666,Male,0,Yes,Yes,72,Two year,DSL,Bank transfer (automatic),87.55,6463.15,Low
8165-ZJRNM,No,0,0.0021454398712947792,Female,0,Yes,Yes,72,Two year,No,Bank transfer (automatic),23.75,1679.25,Low
2683-JXWQQ,No,0,0.033275005501839934,Male,0,Yes,Yes,61,Month-to-month,DSL,Bank transfer (automatic),33.6,2117.2,Low
8441-SHIPE,No,0,0.004912148891827234,Female,0,No,No,67,Two year,No,Bank transfer (automatic),25.6,1790.35,Low
4311-QTTAI,No,0,0.055987009622732405,Female,0,No,No,16,One year,No,Credit card (automatic),19.35,295.55,Low
1089-XZWHH,No,0,0.025393706420661726,Female,0,Yes,Yes,24,Two year,No,Mailed check,19.7,494.05,Low
6265-SXWBU,No,0,0.08181659345312896,Male,0,Yes,Yes,69,One year,Fiber optic,Credit card (automatic),95.75,6511.25,Low
3639-XJHKQ,No,0,0.2293200264759294,Female,0,No,Yes,19,Month-to-month,DSL,Electronic check,60.6,1297.8,Low
5766-XQXMQ,Yes,0,0.18100583527776729,Female,0,No,No,29,Month-to-month,DSL,Bank transfer (automatic),68.85,1970.5,Low
1986-PHGZF,No,0,0.25835479773070225,Male,1,No,No,18,Month-to-month,DSL,Credit card (automatic),58.4,964.9,Low
1830-GGFNM,No,0,0.01819319627381331,Male,0,Yes,Yes,65,Two year,Fiber optic,Credit card (automatic),94.55,6078.75,Low
6854-EXGSF,No,0,0.3383861779998359,Female,0,No,No,8,Month-to-month,DSL,Bank transfer (automatic),65.5,573.15,Medium
3096-JRDSO,Yes,0,0.47409023522608223,Female,1,Yes,No,27,Month-to-month,Fiber optic,Bank transfer (automatic),104.3,2867.75,Medium
8232-CTLKO,No,0,0.015847641273836584,Female,0,Yes,Yes,66,Two year,DSL,Electronic check,59.75,3996.8,Low
3227-WLKLI,No,0,0.01469961819748298,Female,0,Yes,Yes,65,Two year,DSL,Bank transfer (automatic),91.55,5963.95,Low
7596-LDUXP,No,0,0.31193147923451287,Female,0,No,No,12,One year,Fiber optic,Credit card (automatic),85.15,979.05,Medium
6032-IGALN,Yes,1,0.5941190699817948,Female,0,No,No,1,Month-to-month,DSL,Mailed check,25.1,25.1,Medium
0343-QLUZP,No,0,0.011033670460675575,Male,0,No,No,60,Two year,DSL,Bank transfer (automatic),39.6,2424.5,Low
9391-DXGGG,No,0,0.18323207619163712,Female,1,No,No,44,One year,Fiber optic,Credit card (automatic),89.15,3990.75,Low
9625-RZFUK,No,0,0.002304550227870699,Male,0,Yes,Yes,63,Two year,No,Mailed check,19.7,1275.85,Low
8374-XGEJJ,Yes,1,0.5937254593552844,Male,1,Yes,No,43,Month-to-month,Fiber optic,Electronic check,101.0,4388.4,Medium
0928-XUTSN,No,1,0.646614937715554,Female,0,No,No,13,Month-to-month,Fiber optic,Electronic check,80.5,1011.8,High
0098-BOWSO,No,0,0.10875716848140042,Male,0,No,No,27,Month-to-month,No,Electronic check,19.4,529.8,Low
2408-WITXK,Yes,1,0.6695451184511028,Female,1,No,No,10,Month-to-month,DSL,Electronic check,34.7,329.8,High
5193-QLVZB,No,0,0.12293248685919733,Male,0,No,No,63,Two year,Fiber optic,Bank transfer (automatic),104.75,6536.5,Low
7566-DSRLQ,No,0,0.10855980120334187,Female,0,Yes,No,72,Two year,Fiber optic,Electronic check,110.15,7998.8,Low
7274-CGTOD,No,0,0.009467834886226397,Male,0,No,No,62,Two year,DSL,Bank transfer (automatic),43.7,2618.3,Low
3663-MITLP,Yes,1,0.6566145068566885,Female,0,No,No,15,Month-to-month,Fiber optic,Electronic check,101.25,1457.25,High
8780-RSYYU,No,0,0.08973132147095185,Female,0,No,No,25,Month-to-month,No,Credit card (automatic),19.2,532.1,Low
2908-ZTPNF,No,0,0.13889997634529677,Female,0,No,No,36,Month-to-month,DSL,Bank transfer (automatic),34.85,1267.2,Low
7636-PEPNS,No,0,0.028591582222216097,Female,0,Yes,Yes,58,One year,DSL,Mailed check,44.1,2413.05,Low
0856-NAOES,No,0,0.3480822881980167,Male,0,No,No,6,Month-to-month,DSL,Mailed check,60.9,414.1,Medium
7544-ZVIKX,No,0,0.16666160112571193,Male,0,Yes,Yes,58,One year,Fiber optic,Bank transfer (automatic),105.05,6004.85,Low
0064-SUDOG,No,0,0.03317677929134894,Female,0,Yes,Yes,12,Two year,No,Bank transfer (automatic),20.3,224.5,Low
2811-POVEX,No,1,0.5094413833479334,Female,1,Yes,Yes,23,Month-to-month,Fiber optic,Bank transfer (automatic),88.45,2130.55,Medium
0486-HECZI,Yes,0,0.2939555112295736,Male,0,Yes,No,55,Month-to-month,Fiber optic,Electronic check,96.75,5238.9,Low
4452-QIIEB,No,0,0.2926143028750632,Male,0,No,No,7,Month-to-month,DSL,Mailed check,43.9,278.4,Low
0219-QAERP,No,0,0.02685259713190105,Male,0,Yes,No,30,One year,No,Credit card (automatic),19.8,576.65,Low
1814-DKOLC,No,0,0.21585422604345061,Female,0,No,No,5,Month-to-month,No,Mailed check,25.45,134.75,Low
2522-AHJXR,No,0,0.23951177165333562,Male,0,Yes,No,60,Month-to-month,Fiber optic,Bank transfer (automatic),109.45,6572.85,Low
9700-ISPUP,No,0,0.31956715689198884,Female,0,Yes,Yes,10,Month-to-month,DSL,Electronic check,65.5,616.9,Medium
7729-XBTWX,No,0,0.0028034695330225864,Male,0,Yes,Yes,66,Two year,No,Mailed check,19.75,1344.5,Low
1264-FUHCX,No,0,0.07990898135296048,Female,0,Yes,No,49,One year,DSL,Credit card (automatic),56.3,2780.6,Low
9025-AOMKI,Yes,1,0.7224589512247643,Female,0,No,No,6,Month-to-month,Fiber optic,Bank transfer (automatic),93.55,536.4,High
3913-FCUUW,No,0,0.007719156715318524,Female,0,Yes,Yes,72,Two year,DSL,Bank transfer (automatic),70.45,5165.7,Low
7508-SMHXL,No,1,0.5337513333629946,Female,1,No,No,15,Month-to-month,Fiber optic,Credit card (automatic),89.0,1288.3,Medium
5829-NVSQN,No,0,0.10375582919102112,Female,0,Yes,No,23,One year,DSL,Bank transfer (automatic),68.75,1689.45,Low
5181-OABFK,No,0,0.012185146793889573,Female,0,Yes,Yes,56,Two year,DSL,Credit card (automatic),61.3,3346.8,Low
4424-TKOPW,Yes,1,0.8265779685807872,Male,1,No,No,2,Month-to-month,Fiber optic,Electronic check,93.85,196.75,High
3537-RYBHH,No,0,0.12698848539770655,Female,1,Yes,No,47,Month-to-month,DSL,Credit card (automatic),67.45,3252.0,Low
6683-VLCTZ,Yes,1,0.7386379775299641,Male,1,No,No,20,Month-to-month,Fiber optic,Electronic check,98.55,1842.8,High
6259-WJQLC,No,0,0.46490105929595377,Male,1,No,No,32,Month-to-month,Fiber optic,Credit card (automatic),81.1,2619.25,Medium
5173-ZXXXL,No,0,0.11226943784028529,Male,0,No,No,2,One year,No,Mailed check,19.95,47.7,Low
7244-KXYZN,No,0,0.03867368051233846,Female,0,No,No,24,One year,No,Credit card (automatic),20.45,527.35,Low
2649-HWLYB,No,0,0.01181739556360572,Male,0,Yes,No,65,Two year,DSL,Bank transfer (automatic),76.15,4929.55,Low
3683-QKIUE,Yes,0,0.3010279621194852,Female,0,No,No,6,Month-to-month,DSL,Bank transfer (automatic),50.8,288.05,Medium
0186-CAERR,No,0,0.11897947540176956,Male,0,No,No,71,One year,Fiber optic,Bank transfer (automatic),116.3,8309.55,Low
0318-QUUOB,Yes,1,0.7114363360323568,Male,0,Yes,No,1,Month-to-month,Fiber optic,Electronic check,80.55,80.55,High
8212-DJRCH,No,0,0.49918006551945926,Male,0,Yes,Yes,5,Month-to-month,Fiber optic,Mailed check,90.35,434.5,Medium
7567-ECMCM,No,0,0.45624638912342486,Male,0,No,No,24,Month-to-month,Fiber optic,Credit card (automatic),79.85,2001.0,Medium
2266-FUBDZ,No,0,0.026541854055681078,Male,0,Yes,Yes,15,Two year,No,Mailed check,19.35,278.85,Low
7013-PSXHK,No,0,0.1285717730624919,Female,0,No,No,40,One year,DSL,Mailed check,80.75,3208.65,Low
9224-VTYID,No,0,0.032359931870411314,Male,0,Yes,Yes,47,Two year,DSL,Mailed check,90.5,4318.35,Low
7530-HDYDS,Yes,0,0.21308075559431017,Female,0,No,No,38,Month-to-month,Fiber optic,Credit card (automatic),84.25,3264.5,Low
6131-FOYAS,No,0,0.19822537987799574,Male,0,No,No,35,Month-to-month,DSL,Electronic check,59.6,2094.9,Low
3450-WXOAT,No,0,0.08986723001323281,Male,0,No,No,46,Month-to-month,DSL,Credit card (automatic),45.2,2065.15,Low
2293-IJWPS,No,0,0.2739598042204591,Female,0,Yes,No,57,One year,Fiber optic,Credit card (automatic),100.75,5985.0,Low
4750-ZRXIU,Yes,1,0.8050218768652803,Female,1,No,No,4,Month-to-month,Fiber optic,Electronic check,84.6,360.1,High
2403-BCASL,Yes,0,0.3387766322695193,Male,1,Yes,Yes,41,One year,Fiber optic,Electronic check,111.95,4534.9,Medium
2181-TIDSV,No,0,0.002495531343113355,Male,0,Yes,Yes,68,Two year,No,Bank transfer (automatic),19.95,1303.25,Low
9667-TKTVZ,No,0,0.3958345385493598,Female,0,No,No,2,Month-to-month,DSL,Mailed check,54.35,117.05,Medium
7696-CFTAT,No,0,0.008798227493166087,Male,0,Yes,Yes,37,Two year,No,Bank transfer (automatic),19.8,726.1,Low
4283-IVYCI,No,0,0.17741984453410545,Male,0,No,No,9,Month-to-month,DSL,Mailed check,64.95,547.8,Low
9796-BPKIW,No,1,0.5845848214021232,Male,1,No,No,8,Month-to-month,Fiber optic,Credit card (automatic),69.95,562.7,Medium
9172-ANCRX,Yes,1,0.6847466414054213,Female,0,No,No,10,Month-to-month,Fiber optic,Electronic check,98.7,973.25,High
6630-UJZMY,No,1,0.7940077451736305,Female,1,Yes,No,4,Month-to-month,Fiber optic,Electronic check,83.25,308.05,High
0929-PECLO,No,0,0.33664660714585865,Female,1,No,No,63,Month-to-month,Fiber optic,Bank transfer (automatic),89.6,5538.8,Medium
5186-PEIZU,No,0,0.042075438700360276,Female,0,No,No,35,Month-to-month,No,Bank transfer (automatic),19.25,617.65,Low
6061-GWWAV,No,0,0.04012475594280365,Male,0,No,Yes,41,One year,DSL,Mailed check,70.2,2894.55,Low
1074-AMIOH,No,0,0.2587484387848691,Female,0,Yes,Yes,53,Month-to-month,Fiber optic,Bank transfer (automatic),108.25,5935.1,Low
2732-ISEZX,No,0,0.23023236758230464,Female,0,No,No,5,Month-to-month,No,Mailed check,20.5,104.3,Low
8205-VSLRB,No,0,0.009672505952855764,Male,0,Yes,No,70,Two year,DSL,Credit card (automatic),77.3,5498.2,Low
1678-FYZOW,Yes,1,0.7062816019567566,Female,0,No,No,3,Month-to-month,Fiber optic,Electronic check,79.4,244.65,High
6834-NXDCA,Yes,1,0.5189438651832129,Female,0,No,No,13,Month-to-month,DSL,Electronic check,23.9,300.8,Medium
6918-UMQCG,No,1,0.6126424508866662,Female,0,No,No,5,Month-to-month,Fiber optic,Electronic check,80.2,384.25,High
6060-DRTNL,Yes,1,0.6812254856196093,Female,1,No,No,5,Month-to-month,Fiber optic,Mailed check,84.85,415.55,High
1474-JUWSM,No,0,0.050538408735797534,Female,0,Yes,No,58,One year,DSL,Electronic check,68.4,3972.25,Low
0719-SYFRB,Yes,0,0.23224237991079288,Female,0,No,No,12,Month-to-month,DSL,Mailed check,61.65,713.75,Low
7244-QWYHG,No,0,0.04258908932877916,Male,0,Yes,No,50,One year,DSL,Bank transfer (automatic),44.45,2188.45,Low
4526-RMTLL,No,0,0.07532336026417054,Male,0,Yes,Yes,8,Two year,DSL,Credit card (automatic),76.15,645.8,Low
1265-HVPZB,No,0,0.022019353920676145,Male,0,Yes,No,59,One year,DSL,Credit card (automatic),66.4,3958.2,Low
7963-SHNDT,No,0,0.01016719930026469,Female,0,No,No,52,Two year,DSL,Mailed check,39.1,1982.1,Low
2865-TCHJW,Yes,1,0.7953881377442444,Female,1,No,No,4,Month-to-month,Fiber optic,Electronic check,89.2,346.2,High
2672-DZUOY,Yes,1,0.652338810344408,Male,0,No,No,1,Month-to-month,DSL,Electronic check,25.15,25.15,High
1794-HBQTJ,Yes,0,0.3402725289205371,Female,0,No,No,1,Month-to-month,DSL,Credit card (automatic),48.6,48.6,Medium
6164-HAQTX,No,0,0.006787289405195327,Male,0,No,No,71,Two year,DSL,Bank transfer (automatic),53.95,3888.65,Low
5778-BVOFB,No,0,0.3089565030680891,Female,0,No,No,9,Month-to-month,DSL,Bank transfer (automatic),59.5,530.05,Medium
5010-IPEAQ,No,0,0.0065455113238255145,Female,0,Yes,Yes,67,Two year,DSL,Credit card (automatic),54.2,3623.95,Low
2262-SLNVK,No,1,0.6112602336378709,Female,0,No,No,1,Month-to-month,Fiber optic,Electronic check,70.1,70.1,High
0056-EPFBG,No,0,0.052711220796200005,Male,0,Yes,Yes,20,Two year,DSL,Credit card (automatic),39.4,825.4,Low
1303-SRDOK,No,0,0.047155200111587546,Female,0,Yes,Yes,55,Two year,Fiber optic,Credit card (automatic),69.05,3842.6,Low
8901-HJXTF,Yes,0,0.3095287805997386,Female,0,Yes,Yes,12,Month-to-month,DSL,Mailed check,29.2,309.1,Medium
4393-GEADV,No,0,0.03272176241208386,Male,0,Yes,Yes,70,Two year,Fiber optic,Credit card (automatic),114.75,7842.3,Low
3160-TYXLT,No,0,0.09986990623852764,Male,0,No,No,53,Month-to-month,DSL,Bank transfer (automatic),46.3,2546.85,Low
3085-QUOZK,Yes,0,0.36614925135249615,Female,0,No,No,1,Month-to-month,DSL,Mailed check,43.95,43.95,Medium
5626-MGTUK,No,0,0.4945561199715681,Female,0,No,No,20,Month-to-month,Fiber optic,Bank transfer (automatic),89.1,1879.25,Medium
2845-KDHVX,No,0,0.015432894421246835,Female,0,Yes,No,64,Two year,DSL,Mailed check,68.3,4378.8,Low
0562-HKHML,No,0,0.0019228908785278798,Male,0,Yes,Yes,71,Two year,No,Credit card (automatic),23.9,1626.4,Low
6231-WFGFH,No,0,0.20262903876021676,Male,0,Yes,Yes,4,Month-to-month,No,Mailed check,20.5,77.6,Low
7105-MXJLL,No,0,0.1617074281898591,Female,1,Yes,No,26,One year,DSL,Mailed check,60.7,1597.4,Low
8661-BOYNW,No,0,0.017641754675580133,Female,0,Yes,No,72,Two year,DSL,Credit card (automatic),84.4,6096.45,Low
2227-JRSJX,No,0,0.42522974591591023,Female,0,No,No,21,Month-to-month,Fiber optic,Bank transfer (automatic),99.15,1956.4,Medium
5186-EJEGL,No,0,0.22994152120142441,Male,0,No,No,9,Month-to-month,DSL,Mailed check,69.5,653.25,Low
6171-ZTVYB,No,0,0.05636684432606658,Male,0,Yes,No,43,Month-to-month,DSL,Bank transfer (automatic),66.25,2907.35,Low
5730-RIITO,No,0,0.12464847262404878,Female,1,No,No,43,Month-to-month,DSL,Credit card (automatic),33.45,1500.25,Low
5271-DBYSJ,No,1,0.6111997775121177,Male,1,No,No,11,Month-to-month,Fiber optic,Credit card (automatic),79.15,827.7,High
2926-JEJJC,No,0,0.12279013984784026,Female,0,No,No,8,One year,No,Bank transfer (automatic),20.2,140.95,Low
8838-GPHZP,No,0,0.004071391951572536,Female,0,No,No,63,Two year,No,Mailed check,20.6,1298.7,Low
1095-WGNGG,No,0,0.1239552945536252,Female,0,Yes,No,61,Two year,Fiber optic,Bank transfer (automatic),101.05,5971.25,Low
0877-SDMBN,Yes,0,0.22828163652006658,Female,0,No,No,54,One year,Fiber optic,Bank transfer (automatic),103.95,5639.05,Low
8091-TTVAX,No,0,0.1771636763638384,Male,0,Yes,No,58,One year,Fiber optic,Credit card (automatic),100.35,5681.1,Low
5018-HEKFO,No,0,0.2330063145883932,Female,0,No,No,10,Month-to-month,No,Mailed check,24.5,270.15,Low
3254-YRILK,Yes,1,0.6749254530703449,Male,1,No,No,19,Month-to-month,Fiber optic,Electronic check,88.2,1775.8,High
8347-GDTMP,No,0,0.0024792056222410603,Female,0,Yes,No,64,Two year,No,Credit card (automatic),19.45,1225.65,Low
9412-ARGBX,Yes,0,0.062172422519617354,Female,0,No,Yes,48,Two year,Fiber optic,Mailed check,95.5,4627.85,Low
6434-TTGJP,No,0,0.06413625882259474,Male,0,Yes,Yes,10,Two year,DSL,Credit card (automatic),53.7,521.0,Low
2068-WWXQZ,No,0,0.006453144526739476,Male,0,No,No,46,Two year,No,Bank transfer (automatic),20.05,902.0,Low
2692-AQCPF,No,0,0.15855696103556347,Female,0,Yes,No,65,One year,Fiber optic,Credit card (automatic),108.05,7118.9,Low
4836-WNFNO,No,0,0.0024500483827701704,Female,0,Yes,No,72,Two year,No,Credit card (automatic),25.0,1849.2,Low
9661-MHUMO,Yes,0,0.33281275369844,Male,1,Yes,Yes,1,Month-to-month,DSL,Credit card (automatic),49.25,49.25,Medium
1393-IMKZG,No,1,0.6705195820047083,Female,0,No,No,1,Month-to-month,Fiber optic,Electronic check,95.85,95.85,High
2361-UPSND,No,0,0.029183339127401633,Female,0,Yes,No,46,One year,DSL,Mailed check,70.6,3231.05,Low
5442-PPTJY,No,0,0.0312541244827212,Male,0,Yes,Yes,12,Two year,No,Mailed check,19.7,258.35,Low
1444-VVSGW,Yes,0,0.07749579563948288,Male,0,Yes,No,70,One year,Fiber optic,Credit card (automatic),115.65,7968.85,Low
7234-KMNRQ,No,0,0.172106770645787,Male,0,No,No,4,Month-to-month,No,Mailed check,19.0,73.45,Low
4980-URKXC,No,0,0.02193316579470254,Male,0,Yes,No,36,One year,No,Bank transfer (automatic),20.85,720.05,Low
4547-KQRTM,Yes,1,0.5857298904945232,Female,0,No,No,10,Month-to-month,Fiber optic,Bank transfer (automatic),80.05,830.7,Medium
7820-ZYGNY,No,0,0.11147550202254192,Male,0,No,No,63,One year,Fiber optic,Credit card (automatic),90.45,5825.5,Low
7876-DNYAP,No,0,0.001676002976056019,Female,0,Yes,Yes,69,Two year,No,Credit card (automatic),19.8,1436.95,Low
7623-HKYRK,No,0,0.13680188760961667,Male,0,No,Yes,6,Month-to-month,No,Mailed check,19.7,111.65,Low
7018-WBJNK,No,0,0.4807648459540608,Male,0,No,Yes,13,Month-to-month,Fiber optic,Credit card (automatic),78.3,1033.95,Medium
8677-HDZEE,No,0,0.301578587794744,Female,0,No,No,56,Month-to-month,Fiber optic,Bank transfer (automatic),105.45,5916.95,Medium
3982-DQLUS,No,0,0.19992576818914262,Male,1,Yes,Yes,65,Month-to-month,Fiber optic,Electronic check,85.75,5688.45,Low
1240-HCBOH,No,0,0.004817937972343538,Female,0,No,No,67,Two year,No,Mailed check,26.1,1759.55,Low
2468-SJFLM,No,0,0.4971947380986556,Male,0,No,No,1,Month-to-month,Fiber optic,Mailed check,74.3,74.3,Medium
0178-SZBHO,No,0,0.2806352882001153,Male,0,Yes,Yes,47,Month-to-month,Fiber optic,Electronic check,87.2,4017.45,Low
4918-QLLIW,Yes,0,0.34935978698136266,Male,0,No,No,3,Month-to-month,DSL,Credit card (automatic),53.4,188.7,Medium
6546-OPBBH,No,0,0.0164160070644798,Male,0,Yes,Yes,51,One year,No,Mailed check,23.95,1216.35,Low
4672-FOTSD,No,0,0.26211288807224287,Male,0,No,No,12,Month-to-month,DSL,Electronic check,67.25,832.3,Low
5816-SCGFC,No,0,0.42225736023254024,Female,1,No,No,7,Month-to-month,DSL,Mailed check,51.3,419.35,Medium
0196-VULGZ,Yes,1,0.7946336079904204,Female,1,Yes,No,6,Month-to-month,Fiber optic,Electronic check,84.35,474.9,High
1764-VUUMT,No,0,0.001756325479057613,Male,0,No,Yes,66,Two year,No,Credit card (automatic),19.95,1269.1,Low
8495-PRWFH,No,0,0.20331738002152178,Female,1,No,No,42,Month-to-month,DSL,Electronic check,55.65,2421.75,Low
2697-NQBPF,No,0,0.48344928091113415,Male,0,No,No,34,Month-to-month,Fiber optic,Electronic check,105.35,3540.65,Medium
2055-SIFSS,No,0,0.09311708224968393,Female,1,Yes,No,55,Month-to-month,DSL,Bank transfer (automatic),51.65,2838.55,Low
0311-QYWSS,No,0,0.3826848965378872,Female,0,No,No,6,Month-to-month,DSL,Electronic check,49.45,314.6,Medium
6418-HNFED,No,0,0.020333326764142467,Male,0,Yes,No,51,Two year,DSL,Credit card (automatic),83.25,4089.45,Low
9705-IOVQQ,No,0,0.2135333971780185,Male,1,Yes,Yes,61,One year,Fiber optic,Electronic check,99.0,5969.3,Low
7153-CHRBV,No,0,0.017693563476644837,Female,0,Yes,Yes,57,One year,DSL,Mailed check,59.3,3274.35,Low
9874-QLCLH,Yes,1,0.6147146217169065,Female,0,Yes,Yes,17,Month-to-month,Fiber optic,Electronic check,104.2,1743.5,High
8430-TWCBX,No,0,0.011127736910685318,Female,0,Yes,No,49,One year,No,Credit card (automatic),20.7,1032.05,Low
7075-BNDVQ,No,0,0.3825691239946925,Female,0,No,No,4,Month-to-month,DSL,Mailed check,35.0,135.75,Medium
3524-WQDSG,No,0,0.4531730114445874,Female,0,Yes,Yes,43,Month-to-month,Fiber optic,Bank transfer (automatic),99.3,4209.95,Medium
3955-JBZZM,No,0,0.47917314099686414,Male,0,No,No,20,Month-to-month,Fiber optic,Electronic check,78.8,1641.3,Medium
3283-WCWXT,No,0,0.05412983253294639,Male,0,Yes,Yes,6,Two year,No,Mailed check,25.4,153.3,Low
2479-BRAMR,Yes,0,0.323394479448604,Male,1,Yes,No,41,Month-to-month,Fiber optic,Bank transfer (automatic),83.75,3273.55,Medium
9309-BZGNT,No,0,0.032826184960422666,Male,1,Yes,No,69,One year,DSL,Credit card (automatic),29.8,2134.3,Low
2277-BKJKN,No,0,0.13423576482992094,Female,1,Yes,No,71,Two year,Fiber optic,Electronic check,99.2,7213.75,Low
8690-ZVLCL,No,0,0.011892110479664491,Female,0,Yes,Yes,68,Two year,DSL,Credit card (automatic),88.0,6161.9,Low
6416-TVAIH,Yes,1,0.6419342032146975,Male,0,Yes,Yes,1,Month-to-month,Fiber optic,Electronic check,68.5,68.5,High
6345-ULYRW,Yes,0,0.22506802323798503,Male,1,Yes,No,44,One year,Fiber optic,Mailed check,88.4,3912.9,Low
6341-JVQGF,No,0,0.08408428348380913,Female,0,Yes,Yes,31,One year,DSL,Mailed check,81.15,2545.75,Low
2250-IVBWA,No,0,0.08742565926657564,Male,0,Yes,Yes,64,Month-to-month,Fiber optic,Electronic check,81.05,5135.35,Low
1834-ABKHQ,No,0,0.043496195657482854,Female,0,Yes,Yes,52,One year,DSL,Bank transfer (automatic),50.95,2610.65,Low
8150-QUDFX,No,0,0.18856174130828787,Male,0,No,No,2,Month-to-month,No,Mailed check,19.85,51.6,Low
7706-DZNKK,No,0,0.16062778013022483,Male,0,No,No,11,Month-to-month,No,Credit card (automatic),20.45,237.3,Low
4902-OHLSK,Yes,1,0.5224142279249149,Female,1,No,No,29,Month-to-month,Fiber optic,Electronic check,98.65,2862.75,Medium
5627-TVBPP,No,0,0.025700086216161034,Female,0,No,Yes,35,One year,No,Credit card (automatic),20.1,644.5,Low
3545-CNWRG,No,0,0.45727848163294993,Female,0,Yes,Yes,49,Month-to-month,Fiber optic,Electronic check,98.35,4889.2,Medium
5149-CUZUJ,No,0,0.13923247430943073,Male,0,Yes,Yes,28,One year,Fiber optic,Bank transfer (automatic),92.9,2768.35,Low
3877-JRJIP,Yes,1,0.6110403543110343,Male,0,No,No,1,Month-to-month,DSL,Electronic check,59.85,59.85,High
7145-FEJWU,No,1,0.7005623242521662,Female,0,No,Yes,12,Month-to-month,Fiber optic,Electronic check,105.3,1275.65,High
2773-MADBQ,No,0,0.04241425154700502,Female,0,No,No,36,Two year,DSL,Mailed check,53.1,1901.25,Low
6807-SIWJI,No,0,0.3240100721969212,Male,0,No,No,38,One year,Fiber optic,Electronic check,104.85,3887.25,Medium
4644-PIZRT,No,0,0.17546684702428203,Male,0,Yes,Yes,17,One year,DSL,Bank transfer (automatic),70.35,1201.65,Low
3733-LSYCE,No,0,0.3909326580112775,Female,0,Yes,No,15,Month-to-month,Fiber optic,Bank transfer (automatic),75.35,1114.55,Medium
7797-EJMDP,No,0,0.19874015263465125,Female,0,No,No,8,Month-to-month,DSL,Bank transfer (automatic),66.05,574.5,Low
4825-FUREZ,No,0,0.010844132227415672,Male,0,Yes,No,42,Two year,No,Electronic check,20.25,835.5,Low
8080-POTJR,No,0,0.1681957513340064,Female,0,No,No,30,One year,DSL,Credit card (automatic),79.3,2427.1,Low
6365-MTGZX,Yes,0,0.4871348874112747,Male,0,No,No,24,Month-to-month,Fiber optic,Electronic check,96.0,2122.45,Medium
1591-XWLGB,No,0,0.0017373048579553338,Female,0,Yes,No,71,Two year,No,Credit card (automatic),19.85,1379.6,Low
7100-FQPRV,No,0,0.0511883255555557,Male,0,Yes,Yes,43,One year,DSL,Credit card (automatic),71.9,3173.35,Low
6064-PUPMC,No,0,0.0425678126187742,Male,0,Yes,Yes,23,One year,DSL,Credit card (automatic),57.2,1423.35,Low
5216-WASFJ,No,1,0.6402243094130008,Female,1,Yes,No,31,Month-to-month,Fiber optic,Electronic check,84.85,2633.4,High
4967-WPNCF,No,0,0.013220045965480692,Male,0,No,No,72,Two year,DSL,Bank transfer (automatic),63.7,4464.8,Low
3090-HAWSU,Yes,0,0.07394403726762656,Male,0,No,No,61,Two year,Fiber optic,Credit card (automatic),111.6,6876.05,Low
9924-JPRMC,No,0,0.08444145625462902,Male,0,No,No,72,Two year,Fiber optic,Electronic check,118.2,8547.15,Low
6137-NICCO,No,1,0.6138095773234808,Female,0,Yes,Yes,6,Month-to-month,Fiber optic,Mailed check,94.05,518.75,High
5293-WXJAK,Yes,1,0.6627442831774835,Female,1,Yes,No,11,Month-to-month,Fiber optic,Bank transfer (automatic),104.05,1133.65,High
3669-OYSJI,Yes,0,0.3357955975908102,Male,0,No,No,1,Month-to-month,DSL,Credit card (automatic),46.2,46.2,Medium
8650-RHRKE,Yes,1,0.6208529847225299,Male,0,No,No,4,Month-to-month,DSL,Electronic check,29.65,118.5,High
1734-ZMNTZ,No,0,0.04537247443936207,Female,0,Yes,Yes,11,Two year,No,Mailed check,25.0,300.7,Low
3038-PQIUY,No,0,0.14171940127992438,Female,0,No,No,38,Month-to-month,DSL,Bank transfer (automatic),66.15,2522.4,Low
4489-SNOJF,Yes,0,0.11862024198874205,Female,0,Yes,Yes,35,Month-to-month,DSL,Electronic check,72.25,2568.55,Low
1619-YWUBB,No,0,0.004063225915253537,Female,0,Yes,No,68,Two year,No,Credit card (automatic),24.95,1614.9,Low
7442-YGZFK,No,0,0.4800640435183875,Male,0,No,No,1,Month-to-month,DSL,Credit card (automatic),49.8,49.8,Medium
6408-OTUBZ,No,0,0.08808151224828373,Female,0,No,No,66,One year,Fiber optic,Bank transfer (automatic),104.55,6779.05,Low
7903-CMPEY,Yes,1,0.7063904442981146,Male,1,Yes,No,1,Month-to-month,Fiber optic,Electronic check,80.3,80.3,High
2378-VTKDH,No,0,0.447694535365619,Male,1,Yes,No,65,Month-to-month,Fiber optic,Electronic check,104.35,6578.55,Medium
6326-MTTXK,Yes,1,0.666691864983774,Male,0,No,No,8,Month-to-month,Fiber optic,Electronic check,100.85,819.55,High
4634-JLRJT,No,0,0.26856692088091166,Female,0,No,No,1,Month-to-month,No,Mailed check,20.35,20.35,Low
9824-QCJPK,No,0,0.021293928390872782,Male,0,Yes,No,36,One year,No,Mailed check,20.0,666.75,Low
7629-WIXZF,No,0,0.2843378765957443,Female,0,No,No,7,One year,DSL,Electronic check,59.1,369.25,Low
6418-PIQSP,No,0,0.013328092778634169,Female,0,Yes,No,62,Two year,DSL,Mailed check,81.0,4985.9,Low
6261-LHRTG,No,0,0.19407531027973804,Female,0,No,No,26,Month-to-month,DSL,Credit card (automatic),54.75,1406.9,Low
0325-XBFAC,Yes,1,0.7104829406143002,Male,0,No,No,8,Month-to-month,Fiber optic,Electronic check,94.7,740.3,High
9420-LOJKX,Yes,0,0.4632855168293705,Female,0,No,No,15,Month-to-month,Fiber optic,Credit card (automatic),99.1,1426.4,Medium
7781-HVGMK,No,0,0.012174617779571751,Female,0,Yes,Yes,72,Two year,DSL,Credit card (automatic),65.2,4784.45,Low
3757-NJYBX,Yes,1,0.5283327099143806,Male,1,Yes,No,32,Month-to-month,Fiber optic,Bank transfer (automatic),106.35,3520.75,Medium
2480-JZOSN,No,0,0.2719062808940611,Female,0,Yes,No,1,Month-to-month,No,Mailed check,20.65,20.65,Low
7771-ZONAT,No,0,0.0973828740409568,Male,0,No,No,22,Two year,DSL,Bank transfer (automatic),56.75,1304.85,Low
6366-XIVKZ,No,0,0.27336551775295387,Female,0,Yes,Yes,13,Month-to-month,DSL,Mailed check,63.15,816.8,Low
7273-TEFQD,Yes,1,0.7320304693982091,Male,1,No,No,3,Month-to-month,DSL,Electronic check,41.15,132.2,High
8660-BUETV,No,0,0.3475044195523353,Female,0,No,No,3,Month-to-month,DSL,Mailed check,44.75,148.05,Medium
7740-BTPUX,No,0,0.18865276793546443,Male,1,Yes,No,55,Two year,Fiber optic,Electronic check,113.6,6292.7,Low
7823-JSOAG,No,1,0.6406243785547955,Male,0,No,No,3,Month-to-month,Fiber optic,Electronic check,74.5,217.45,High
5003-OKNNK,No,0,0.05189758767677699,Female,0,Yes,Yes,15,One year,No,Credit card (automatic),20.35,335.95,Low
8092-NLTGF,No,0,0.0024365092955643,Male,0,No,No,72,Two year,No,Bank transfer (automatic),24.75,1777.6,Low
7470-MCQTK,Yes,1,0.5628272660286204,Female,0,Yes,No,13,Month-to-month,DSL,Bank transfer (automatic),48.75,633.4,Medium
8042-RNLKO,No,0,0.006750610336776153,Male,0,No,No,66,One year,No,Bank transfer (automatic),25.45,1699.15,Low
7766-CLTIC,No,0,0.3155070202428872,Female,0,No,No,10,Month-to-month,DSL,Mailed check,60.95,629.55,Medium
6464-KEXXH,No,0,0.4714994024041752,Male,0,No,No,8,Month-to-month,DSL,Credit card (automatic),25.25,186.3,Medium
0436-TWFFZ,No,0,0.022288157212259775,Female,0,No,No,67,Two year,DSL,Mailed check,85.25,5714.2,Low
8809-XKHMD,No,0,0.039190900889465946,Male,0,Yes,No,72,Two year,Fiber optic,Bank transfer (automatic),100.55,7325.1,Low
0356-OBMAC,No,0,0.102831460962804,Female,1,No,No,56,Two year,Fiber optic,Bank transfer (automatic),99.9,5706.3,Low
3938-YFPXD,No,0,0.011266115962079642,Male,0,No,No,72,Two year,DSL,Credit card (automatic),84.3,5997.1,Low
7459-IMVYU,No,0,0.08951722696833626,Male,0,No,No,38,Month-to-month,DSL,Electronic check,69.95,2657.55,Low
6156-UZDLF,No,0,0.14562223762868348,Female,0,No,No,26,One year,Fiber optic,Credit card (automatic),87.15,2274.1,Low
5590-BYNII,Yes,1,0.592741375567533,Male,0,No,No,22,Month-to-month,Fiber optic,Electronic check,100.75,2095.0,Medium
8663-UPDGF,No,0,0.2305460911791123,Female,0,No,No,26,Month-to-month,DSL,Bank transfer (automatic),69.5,1800.05,Low
4459-BBGHE,No,0,0.38254430141520335,Male,0,No,Yes,30,Month-to-month,DSL,Electronic check,44.5,1307.8,Medium
4801-JZAZL,No,0,0.41897437834409945,Female,0,Yes,Yes,11,Month-to-month,DSL,Electronic check,29.6,346.45,Medium
1092-WPIVQ,No,0,0.031931007810951234,Female,0,Yes,Yes,18,Two year,No,Mailed check,25.1,428.45,Low
9820-RMCQV,Yes,0,0.19006958152366563,Female,0,No,No,11,Month-to-month,DSL,Credit card (automatic),48.55,501.0,Low
4860-YZGZM,No,0,0.17175565466610054,Male,0,No,No,10,Month-to-month,No,Electronic check,20.0,185.4,Low
7696-AMHOD,No,0,0.05940646651532528,Female,0,Yes,Yes,49,One year,DSL,Credit card (automatic),78.0,3824.2,Low
4501-VCPFK,No,0,0.21571445647479082,Male,0,No,No,26,Month-to-month,DSL,Electronic check,35.75,1022.5,Low
8967-SZQAS,No,0,0.2898465913627235,Female,0,No,No,14,Month-to-month,DSL,Electronic check,50.45,765.45,Low
7529-ZDFXI,No,0,0.39950569273909325,Male,1,Yes,No,57,Month-to-month,Fiber optic,Electronic check,89.85,4925.35,Medium
2193-SFWQW,No,0,0.026575978657420514,Male,0,Yes,Yes,72,Two year,Fiber optic,Bank transfer (automatic),111.95,8033.1,Low
0928-JMXNP,No,1,0.6793335813193768,Male,1,Yes,No,4,Month-to-month,DSL,Electronic check,29.9,118.25,High
4318-RAJVY,No,0,0.1113796218357605,Female,0,No,No,10,One year,No,Mailed check,19.8,198.25,Low
0835-JKADZ,No,0,0.11253593539900694,Female,0,No,No,71,Two year,Fiber optic,Electronic check,111.25,7984.15,Low
9408-HRXRK,No,0,0.40973590809533866,Female,0,Yes,Yes,45,Month-to-month,Fiber optic,Electronic check,105.15,4730.9,Medium
4423-JWZJN,No,0,0.09899322704369182,Male,0,Yes,Yes,64,One year,Fiber optic,Credit card (automatic),90.25,5629.15,Low
2676-OXPPQ,No,0,0.2782192001173442,Male,0,No,No,6,Month-to-month,DSL,Bank transfer (automatic),55.7,335.65,Low
2351-RRBUE,No,0,0.08145998587865654,Female,0,Yes,Yes,7,One year,No,Mailed check,20.65,134.05,Low
6635-CPNUN,No,0,0.3890179455143842,Male,0,Yes,No,28,Month-to-month,Fiber optic,Credit card (automatic),96.6,2684.35,Medium
9777-WJJPR,No,0,0.3766641484359999,Male,0,Yes,No,31,Month-to-month,Fiber optic,Credit card (automatic),88.65,2683.2,Medium
2386-OWURY,No,0,0.30637176628191554,Female,0,No,No,58,Month-to-month,Fiber optic,Electronic check,95.3,5817.7,Medium
8859-YSTWS,No,0,0.011861185032477094,Male,0,No,No,48,One year,No,Bank transfer (automatic),19.95,1004.5,Low
0345-XMMUG,No,0,0.1227026825778218,Female,0,Yes,No,46,Two year,Fiber optic,Credit card (automatic),108.9,4854.3,Low
4824-GUCBY,No,0,0.3807784953435245,Female,1,No,No,22,Month-to-month,Fiber optic,Electronic check,81.7,1820.9,Medium
2809-ZMYOQ,No,1,0.6531317128707576,Female,0,No,No,32,Month-to-month,Fiber optic,Electronic check,101.35,3334.9,High
4830-FAXFM,No,0,0.12230053619781801,Male,0,No,Yes,19,Month-to-month,No,Credit card (automatic),24.1,439.2,Low
1779-PWPMG,No,0,0.08021289072834453,Female,1,Yes,No,72,Two year,Fiber optic,Bank transfer (automatic),114.65,8333.95,Low
5056-FIMPT,No,0,0.1169206607497736,Female,0,No,Yes,43,One year,Fiber optic,Credit card (automatic),106.0,4532.3,Low
1481-ZUWZA,Yes,0,0.38726296011684136,Male,0,No,No,28,Month-to-month,Fiber optic,Credit card (automatic),94.5,2659.4,Medium
7711-GQBZC,No,0,0.002373491483335308,Female,0,Yes,Yes,71,Two year,No,Bank transfer (automatic),24.7,1810.55,Low
4032-RMHCI,No,0,0.044549141693102895,Female,0,Yes,Yes,41,One year,DSL,Credit card (automatic),35.4,1412.4,Low
7845-URHJN,Yes,0,0.15618103305192146,Female,0,Yes,No,8,Month-to-month,No,Bank transfer (automatic),20.15,156.25,Low
7030-FZTFM,No,0,0.04340722357424303,Male,0,Yes,Yes,72,Two year,Fiber optic,Credit card (automatic),110.9,7922.75,Low
0013-MHZWF,No,0,0.2994696152623839,Female,0,No,Yes,9,Month-to-month,DSL,Credit card (automatic),69.4,571.45,Low
8519-QJGJD,Yes,1,0.5017541880027074,Female,0,No,No,14,Month-to-month,Fiber optic,Electronic check,75.35,1025.95,Medium
2927-QRRQV,No,0,0.29639880217151676,Male,0,Yes,No,46,One year,Fiber optic,Electronic check,94.65,4312.5,Low
4190-MFLUW,Yes,0,0.16997712065422652,Female,0,Yes,Yes,10,Month-to-month,DSL,Credit card (automatic),55.2,528.35,Low
3946-MHCZW,Yes,0,0.35655768361650725,Male,0,No,No,1,Month-to-month,DSL,Mailed check,50.9,50.9,Medium
3797-FKOGQ,No,1,0.5900900691752483,Male,0,No,Yes,11,Month-to-month,Fiber optic,Electronic check,86.2,893.2,Medium
1237-WIYYZ,No,0,0.13309734128973932,Female,0,No,No,18,Month-to-month,No,Mailed check,19.55,389.25,Low
6360-SVNWV,No,0,0.30132423229160826,Female,1,No,No,31,Month-to-month,Fiber optic,Credit card (automatic),73.55,2094.65,Medium
6128-DAFVY,No,0,0.14765674168274753,Female,0,No,No,56,Month-to-month,DSL,Credit card (automatic),44.85,2564.95,Low
5842-POCOP,Yes,1,0.5565763023869034,Female,0,Yes,No,5,Month-to-month,Fiber optic,Mailed check,88.9,454.15,Medium
0811-GSDTP,No,0,0.3673619893797213,Female,0,No,Yes,13,Month-to-month,DSL,Electronic check,30.15,382.2,Medium
2080-GKCWQ,No,1,0.5573537347598952,Male,0,No,No,2,Month-to-month,Fiber optic,Electronic check,74.95,151.75,Medium
5099-BAILX,Yes,0,0.3943592131321324,Male,1,Yes,Yes,43,Month-to-month,Fiber optic,Bank transfer (automatic),110.75,4687.9,Medium
8218-FFJDS,No,0,0.016738558759494964,Female,0,Yes,No,72,Two year,DSL,Bank transfer (automatic),86.4,6058.95,Low
0960-HUWBM,No,0,0.07583506963889551,Male,0,Yes,Yes,65,Two year,Fiber optic,Bank transfer (automatic),104.1,6700.05,Low
5649-RXQTV,No,0,0.4034002656835801,Male,0,No,No,51,Month-to-month,Fiber optic,Electronic check,99.0,5038.15,Medium
2025-JKFWI,Yes,1,0.5681620722372661,Male,0,No,No,13,Month-to-month,Fiber optic,Mailed check,99.0,1301.7,Medium
9581-GVBXT,No,0,0.019624264763010463,Male,0,Yes,Yes,59,One year,DSL,Mailed check,34.8,1980.3,Low
6924-TDGMT,No,0,0.10158012862059902,Male,0,Yes,No,11,One year,No,Mailed check,20.55,184.95,Low
2314-TNDJQ,No,0,0.005688614900718666,Female,0,Yes,Yes,72,Two year,DSL,Credit card (automatic),55.65,3880.05,Low
7240-FQLHE,Yes,1,0.532804069195171,Female,1,Yes,No,18,Month-to-month,Fiber optic,Bank transfer (automatic),99.75,1836.25,Medium
3398-GCPMU,No,0,0.018550442369036087,Female,1,Yes,Yes,72,Two year,DSL,Credit card (automatic),89.55,6448.85,Low
6804-GDMOI,Yes,0,0.1373599300080062,Female,0,No,No,61,Two year,Fiber optic,Electronic check,106.6,6428.4,Low
5671-RQRLP,No,0,0.06198584965334921,Female,1,Yes,No,70,Two year,Fiber optic,Credit card (automatic),75.65,5411.4,Low
7774-OJSXI,Yes,0,0.4508407990135668,Male,0,No,No,31,One year,Fiber optic,Electronic check,103.45,3066.45,Medium
9244-ZVAPM,No,0,0.3537069655272345,Male,0,No,No,1,Month-to-month,DSL,Mailed check,45.6,45.6,Medium
9891-NQDBD,No,0,0.04539374936120496,Female,0,Yes,No,28,One year,No,Mailed check,25.55,672.2,Low
3235-ETOOB,Yes,1,0.5342641885135029,Male,0,Yes,No,8,Month-to-month,Fiber optic,Electronic check,74.5,609.9,Medium
5550-VFRLC,Yes,1,0.7391309304144762,Female,1,No,No,1,Month-to-month,Fiber optic,Electronic check,69.85,69.85,High
0308-IVGOK,No,0,0.20956166280896518,Female,0,No,No,11,One year,DSL,Credit card (automatic),40.4,422.6,Low
6141-OOXUQ,Yes,0,0.19592449603058348,Male,0,No,No,1,Month-to-month,No,Mailed check,19.65,19.65,Low
4495-LHSSK,No,0,0.1790771182961288,Female,0,No,Yes,18,Month-to-month,DSL,Mailed check,57.65,992.7,Low
0019-GFNTW,No,0,0.009884807748141508,Female,0,No,No,56,Two year,DSL,Bank transfer (automatic),45.05,2560.1,Low
8980-WQFWL,No,0,0.26865328547620676,Female,0,No,No,35,Month-to-month,DSL,Electronic check,62.1,2096.1,Low
7047-YXDMZ,No,0,0.07978410053045563,Male,0,No,No,21,Month-to-month,No,Mailed check,20.0,417.7,Low
1867-BDVFH,Yes,1,0.6227036655219043,Male,0,Yes,Yes,11,Month-to-month,Fiber optic,Electronic check,74.35,834.2,High
0576-WNXXC,Yes,1,0.6439246275452669,Male,1,Yes,No,27,Month-to-month,Fiber optic,Electronic check,95.55,2510.2,High
5103-MHMHY,Yes,0,0.32917729870623524,Female,0,No,Yes,1,Month-to-month,DSL,Mailed check,45.95,45.95,Medium
6532-YLWSI,Yes,0,0.009669591464035641,Female,0,Yes,No,53,One year,No,Bank transfer (automatic),20.8,1021.8,Low
5133-POWUA,No,0,0.43697370577225664,Male,0,No,No,1,Month-to-month,DSL,Mailed check,45.8,45.8,Medium
5176-OLSKT,No,0,0.011143892513838254,Female,0,Yes,No,66,Two year,DSL,Bank transfer (automatic),66.9,4370.25,Low
1850-AKQEP,No,0,0.12616854742313585,Male,0,No,Yes,8,Month-to-month,No,Mailed check,20.35,178.7,Low
5965-GGPRW,No,0,0.05189429388258742,Male,0,Yes,Yes,72,Two year,Fiber optic,Bank transfer (automatic),105.25,7609.75,Low
6296-DDOOR,No,0,0.17180262256774975,Female,0,No,No,19,One year,DSL,Electronic check,58.2,1045.25,Low
0410-IPFTY,No,0,0.41648893408283266,Female,0,Yes,No,31,Month-to-month,Fiber optic,Bank transfer (automatic),83.85,2674.15,Medium
6818-DJXAA,No,1,0.5238590141646282,Female,0,No,Yes,10,Month-to-month,Fiber optic,Electronic check,91.1,964.35,Medium
6921-OZMFH,No,0,0.318398729691743,Male,0,Yes,Yes,5,Month-to-month,DSL,Mailed check,55.7,259.4,Medium
9647-ERGBE,Yes,1,0.6229460015014431,Female,0,Yes,Yes,30,Month-to-month,Fiber optic,Electronic check,100.05,3046.15,High
4726-DLWQN,No,0,0.130388065361815,Male,1,No,No,50,Month-to-month,DSL,Bank transfer (automatic),70.35,3454.6,Low
2725-IWWBA,No,0,0.017706468409990902,Male,0,Yes,Yes,46,One year,DSL,Mailed check,56.9,2560.1,Low
5044-XDPYX,No,0,0.007486979895719645,Female,0,Yes,No,51,Two year,No,Mailed check,25.5,1281.25,Low
2568-OIADY,Yes,1,0.619297682582434,Female,0,Yes,No,37,Month-to-month,Fiber optic,Electronic check,99.5,3762.0,High
5562-YJQGT,No,0,0.18465817573513427,Female,0,No,No,2,Month-to-month,No,Credit card (automatic),20.35,35.1,Low
2446-PLQVO,Yes,1,0.677603035341071,Male,0,No,No,1,Month-to-month,Fiber optic,Electronic check,70.3,70.3,High
1414-YADCW,No,0,0.012157549680022953,Male,0,Yes,No,70,Two year,Fiber optic,Bank transfer (automatic),84.6,5706.2,Low
4913-EHYUI,Yes,0,0.22174423326976786,Male,1,Yes,Yes,56,One year,Fiber optic,Bank transfer (automatic),104.55,5794.65,Low
6715-OFDBP,Yes,1,0.5664972448162318,Male,0,No,No,5,Month-to-month,DSL,Electronic check,70.05,346.4,Medium
9500-LTVBP,No,0,0.22520088889744544,Female,0,No,No,35,Month-to-month,Fiber optic,Credit card (automatic),80.05,2835.9,Low
9139-TWBAS,No,0,0.11902407818375547,Female,0,Yes,No,26,One year,DSL,Bank transfer (automatic),47.85,1190.5,Low
8357-EQXFO,Yes,1,0.7294831704328659,Female,0,No,No,7,Month-to-month,Fiber optic,Electronic check,95.35,660.9,High
8849-GYOKR,Yes,0,0.1617985349111532,Female,0,Yes,No,54,One year,Fiber optic,Bank transfer (automatic),106.55,5763.3,Low
0112-QWPNC,Yes,0,0.0665618606669304,Male,0,Yes,No,49,One year,DSL,Electronic check,84.35,4059.35,Low
6096-EGVTU,No,0,0.0065952099276147275,Female,0,Yes,Yes,64,One year,No,Mailed check,24.9,1595.5,Low
8200-LGKSR,No,0,0.01842659705961427,Male,0,Yes,No,71,Two year,DSL,Electronic check,83.2,6126.1,Low
2580-ATZSQ,No,0,0.013249778658296152,Female,0,Yes,Yes,65,One year,DSL,Bank transfer (automatic),61.35,3874.1,Low
8434-PNQZX,No,0,0.05927579565381842,Female,0,No,No,42,Two year,DSL,Credit card (automatic),78.45,3373.4,Low
1396-QWFBJ,Yes,0,0.3833828428022882,Female,0,Yes,Yes,21,Month-to-month,Fiber optic,Bank transfer (automatic),74.05,1565.7,Medium
7718-RXDGG,No,0,0.49234953077030275,Male,0,Yes,No,15,Month-to-month,Fiber optic,Bank transfer (automatic),68.6,1108.6,Medium
8634-CILSZ,Yes,0,0.1350439224816587,Male,0,No,No,69,One year,Fiber optic,Bank transfer (automatic),104.7,7220.35,Low
1215-VFYVK,No,0,0.3310229113575628,Female,0,No,No,4,Month-to-month,DSL,Mailed check,48.25,202.25,Medium
3398-FSHON,Yes,1,0.7295776968962966,Female,1,No,No,12,Month-to-month,Fiber optic,Electronic check,91.3,1094.5,High
2146-EGVDT,No,0,0.002606593178728471,Male,0,Yes,Yes,59,Two year,No,Credit card (automatic),19.3,1192.7,Low
6769-DCQLI,Yes,0,0.1578267713975838,Male,0,No,No,52,One year,Fiber optic,Bank transfer (automatic),105.0,5426.85,Low
3557-HTYWR,No,0,0.019028515055637223,Female,0,No,No,47,Two year,DSL,Mailed check,74.05,3496.3,Low
3143-ILDAL,Yes,0,0.27070780222399005,Male,0,No,No,56,Month-to-month,Fiber optic,Electronic check,94.45,5124.6,Low
9339-FIIJL,No,0,0.01691926247221612,Male,0,Yes,No,72,Two year,DSL,Bank transfer (automatic),85.95,6151.9,Low
7114-AEOZE,No,0,0.0032741904912754268,Female,0,No,No,60,Two year,No,Bank transfer (automatic),19.85,1128.1,Low
5158-RIVOP,No,0,0.0319233607619947,Female,0,Yes,Yes,11,Two year,No,Credit card (automatic),20.9,202.3,Low
6010-DDPPW,No,0,0.0029257622188063556,Male,0,Yes,No,70,Two year,No,Bank transfer (automatic),25.15,1940.85,Low
2277-DJJDL,No,0,0.3964327916884641,Male,1,Yes,No,60,Month-to-month,Fiber optic,Electronic check,99.0,6017.9,Medium
0017-IUDMW,No,0,0.05224492304364279,Female,0,Yes,Yes,72,Two year,Fiber optic,Credit card (automatic),116.8,8456.75,Low
2815-CPTUL,Yes,1,0.6284956769120549,Male,1,No,No,5,Month-to-month,Fiber optic,Mailed check,70.25,331.9,High
9962-BFPDU,No,0,0.18169055842626294,Female,0,Yes,Yes,1,Month-to-month,No,Mailed check,20.05,20.05,Low
2378-YIZKA,No,0,0.01105524506425501,Female,0,Yes,Yes,68,Two year,DSL,Credit card (automatic),85.0,5607.75,Low
6490-FGZAT,No,0,0.1583198300982377,Male,0,No,No,6,Month-to-month,No,Mailed check,20.65,109.3,Low
0634-SZPQA,Yes,0,0.4743448504917667,Female,0,No,No,23,Month-to-month,Fiber optic,Bank transfer (automatic),90.05,2169.8,Medium
1137-DGOWI,No,0,0.07609096999497883,Female,0,Yes,No,30,One year,DSL,Bank transfer (automatic),70.25,2198.9,Low
4946-EDSEW,Yes,0,0.15608525053763148,Female,0,Yes,Yes,11,Month-to-month,No,Mailed check,19.25,180.3,Low
1063-DHQJF,No,0,0.032188617742271566,Male,0,Yes,Yes,69,Two year,Fiber optic,Mailed check,92.15,6480.9,Low
9734-UYXQI,Yes,1,0.5808978158917137,Female,0,No,No,2,Month-to-month,DSL,Electronic check,49.4,106.55,Medium
8999-XXGNS,No,0,0.22754487059365533,Female,1,Yes,No,72,One year,Fiber optic,Credit card (automatic),105.75,7629.85,Low
4468-YDOVK,No,0,0.2620191102368168,Male,0,No,Yes,5,Month-to-month,DSL,Bank transfer (automatic),48.65,235.2,Low
8490-BXHEO,No,1,0.538417583734341,Male,1,No,No,18,Month-to-month,Fiber optic,Credit card (automatic),80.55,1411.65,Medium
3655-SNQYZ,No,0,0.03706762168724371,Female,0,Yes,Yes,69,Two year,Fiber optic,Credit card (automatic),113.25,7895.15,Low
5057-LCOUI,Yes,0,0.3682720172815944,Female,0,No,No,39,Month-to-month,DSL,Electronic check,50.75,2011.4,Medium
6103-LIANB,No,0,0.11313657323489534,Male,0,Yes,Yes,59,Two year,Fiber optic,Credit card (automatic),99.5,5861.75,Low
5117-ZSMHQ,No,0,0.01166198094133998,Female,0,Yes,Yes,71,Two year,DSL,Bank transfer (automatic),89.9,6342.7,Low
9385-EHGDO,No,0,0.014660852192832178,Female,0,Yes,Yes,35,Two year,No,Mailed check,19.85,739.35,Low
2659-VXMWZ,Yes,0,0.19165237264977897,Male,0,Yes,Yes,67,One year,Fiber optic,Electronic check,111.3,7482.1,Low
1223-UNPKS,No,0,0.02079490345326473,Male,0,Yes,Yes,20,Two year,No,Mailed check,20.05,400.0,Low
0786-VSSUD,Yes,0,0.47602829519973483,Male,1,No,No,16,Month-to-month,DSL,Mailed check,39.0,679.85,Medium
1338-CECEE,No,0,0.07368028575699458,Male,0,Yes,Yes,41,One year,DSL,Bank transfer (automatic),68.5,2839.95,Low
9648-BCHKM,No,0,0.04179968282999773,Female,0,Yes,Yes,18,Two year,No,Credit card (automatic),24.65,471.35,Low
5287-QWLKY,Yes,0,0.23079054796296175,Male,1,Yes,Yes,71,Month-to-month,Fiber optic,Credit card (automatic),105.1,7548.1,Low
5294-IMHHT,No,0,0.11209719368418535,Male,0,Yes,No,53,One year,Fiber optic,Bank transfer (automatic),97.75,5043.2,Low
1585-MQSSU,Yes,0,0.15361220241674092,Male,0,No,No,17,Month-to-month,DSL,Mailed check,51.5,900.5,Low
0999-QXNSA,No,0,0.3924841209314664,Male,1,No,Yes,7,Month-to-month,DSL,Mailed check,45.75,344.2,Medium
5146-YYFRZ,No,0,0.002181503043366101,Male,0,No,No,67,Two year,No,Bank transfer (automatic),19.95,1311.75,Low
1866-RZZQS,Yes,1,0.6340516711604024,Male,1,No,No,41,Month-to-month,Fiber optic,Electronic check,98.4,4187.75,High
1310-QRITU,No,0,0.41408008337284524,Female,0,No,No,18,Month-to-month,DSL,Electronic check,50.3,913.3,Medium
5201-USSQZ,No,0,0.279619582964683,Female,0,Yes,No,26,Month-to-month,Fiber optic,Credit card (automatic),85.9,2196.45,Low
8878-HMWBV,Yes,0,0.49540510220767836,Male,0,No,No,3,Month-to-month,DSL,Electronic check,49.15,169.05,Medium
2192-OZITF,No,0,0.02343573443607449,Female,0,No,No,45,Two year,DSL,Mailed check,73.55,3349.1,Low
8263-OKETD,No,0,0.2526938727379109,Female,0,No,No,20,Month-to-month,DSL,Credit card (automatic),68.9,1370.35,Low
9300-AGZNL,Yes,1,0.830338598560666,Male,1,No,No,1,Month-to-month,Fiber optic,Electronic check,94.0,94.0,High
4146-SVFUD,No,0,0.35299326414930987,Male,0,No,No,1,Month-to-month,DSL,Mailed check,44.6,44.6,Medium
1488-SYSFC,No,0,0.08080044684687056,Male,0,Yes,Yes,31,Month-to-month,No,Electronic check,20.65,702.05,Low
6625-FLENO,No,0,0.0035520564748113344,Male,0,Yes,No,58,Two year,No,Mailed check,20.75,1185.95,Low
2887-JPYLU,No,0,0.07860513013900886,Female,0,No,Yes,41,Month-to-month,DSL,Bank transfer (automatic),45.2,1841.9,Low
8619-IJNDK,No,0,0.003306732817136788,Female,0,Yes,Yes,71,Two year,DSL,Credit card (automatic),64.05,4492.9,Low
6032-KRXXO,Yes,1,0.559801447224032,Male,0,No,No,30,Month-to-month,Fiber optic,Electronic check,90.25,2755.35,Medium
3016-KSVCP,No,0,0.2331383698227672,Male,0,Yes,No,29,Month-to-month,DSL,Mailed check,33.75,1009.25,Low
6668-CNMFP,No,0,0.31374462482933013,Female,0,Yes,Yes,19,One year,Fiber optic,Bank transfer (automatic),89.35,1686.85,Medium
2133-TSRRM,No,0,0.35223088836484906,Female,0,No,Yes,34,Month-to-month,Fiber optic,Bank transfer (automatic),105.35,3688.6,Medium
3262-EIDHV,No,0,0.009954727583494836,Female,0,Yes,Yes,72,Two year,DSL,Credit card (automatic),84.7,5893.9,Low
8854-CCVSQ,Yes,1,0.5779375516017606,Male,0,No,No,18,Month-to-month,Fiber optic,Electronic check,80.65,1451.9,Medium
2073-QBVBI,No,0,0.04630451198877207,Female,0,Yes,No,41,One year,DSL,Mailed check,35.45,1391.65,Low
5609-IMCGG,No,0,0.46689831275464183,Female,0,No,No,15,Month-to-month,Fiber optic,Credit card (automatic),84.35,1302.65,Medium
6821-BUXUX,Yes,1,0.5890057385393682,Female,0,No,No,13,Month-to-month,Fiber optic,Electronic check,96.65,1244.5,Medium
8429-XIBUM,Yes,1,0.537386063104351,Male,0,No,No,22,Month-to-month,Fiber optic,Bank transfer (automatic),101.35,2317.1,Medium
9633-XQABV,No,1,0.6759968189673695,Female,0,No,No,3,Month-to-month,Fiber optic,Electronic check,70.25,229.7,High
2907-ILJBN,No,0,0.06764735768705421,Female,0,Yes,Yes,11,One year,No,Mailed check,20.6,233.9,Low
0804-XBFBV,No,0,0.42150992825321537,Female,0,No,Yes,11,Month-to-month,DSL,Electronic check,25.2,321.05,Medium
3865-ZYKAD,No,0,0.1406769060357515,Male,1,Yes,No,69,Month-to-month,Fiber optic,Credit card (automatic),84.9,5785.65,Low
7311-MQJCH,No,0,0.13470693286793975,Female,0,No,No,5,One year,No,Electronic check,19.55,99.6,Low
6461-PPAXN,No,0,0.040658467263230615,Female,0,Yes,Yes,35,One year,DSL,Bank transfer (automatic),54.95,1916.0,Low
4397-FRLTA,No,0,0.18168936618481513,Female,0,No,No,4,Month-to-month,No,Mailed check,20.15,84.5,Low
2888-ADFAO,No,0,0.008217233958457755,Female,0,Yes,Yes,47,Two year,No,Bank transfer (automatic),21.3,1041.8,Low
7363-QTBIW,No,1,0.6844714778124728,Female,0,Yes,No,9,Month-to-month,Fiber optic,Electronic check,79.75,769.1,High
6833-JMZYP,No,1,0.5982945403281189,Female,0,No,No,15,Month-to-month,Fiber optic,Credit card (automatic),94.0,1505.45,Medium
6198-PNNSZ,No,0,0.16133873302290602,Female,0,Yes,No,56,One year,Fiber optic,Bank transfer (automatic),109.8,6109.65,Low
6749-UTDVX,No,0,0.1355651779074193,Male,0,No,No,72,Two year,Fiber optic,Electronic check,103.65,7634.8,Low
9214-EKVXR,No,0,0.4501882591163845,Female,0,No,No,1,Month-to-month,DSL,Mailed check,44.0,44.0,Medium
2070-FNEXE,Yes,0,0.45191838661216116,Female,1,No,No,7,Month-to-month,Fiber optic,Bank transfer (automatic),76.45,503.6,Medium
0691-JVSYA,Yes,0,0.2288644855842789,Female,0,Yes,No,53,One year,Fiber optic,Bank transfer (automatic),94.85,5000.2,Low
1518-VOWAV,Yes,0,0.4215271940717934,Female,0,No,No,9,Month-to-month,DSL,Electronic check,74.65,703.55,Medium
7294-TMAOP,Yes,1,0.6909241418047438,Female,0,No,No,1,Month-to-month,Fiber optic,Electronic check,90.55,90.55,High
6168-WFVVF,Yes,1,0.7267691020133847,Female,1,No,No,3,Month-to-month,Fiber optic,Electronic check,70.3,235.5,High
5002-GCQFH,No,0,0.2709393091724367,Male,0,Yes,No,49,Month-to-month,Fiber optic,Bank transfer (automatic),93.85,4733.1,Low
8250-ZNGGW,No,0,0.1826172887858842,Female,1,No,No,5,Month-to-month,DSL,Credit card (automatic),59.9,287.85,Low
9208-OLGAQ,No,1,0.6677310119190539,Female,1,No,No,18,Month-to-month,Fiber optic,Electronic check,84.95,1443.65,High
2067-QYTCF,No,0,0.3412499361399034,Female,0,Yes,No,64,Month-to-month,Fiber optic,Electronic check,111.15,6953.4,Medium
4396-KLSEH,No,0,0.28585838892269994,Male,0,No,No,4,Month-to-month,No,Electronic check,19.85,63.0,Low
6331-LWDTQ,Yes,0,0.4952029994155873,Male,0,No,No,10,Month-to-month,DSL,Credit card (automatic),72.15,794.25,Medium
6479-OAUSD,No,0,0.03432744643441018,Male,0,No,No,25,One year,No,Credit card (automatic),19.9,510.8,Low
4140-WJAWW,Yes,0,0.16279874977200204,Female,0,No,No,5,Month-to-month,No,Credit card (automatic),19.85,108.05,Low
4274-DRSQT,No,0,0.14627972376087134,Female,0,No,No,66,One year,Fiber optic,Bank transfer (automatic),88.9,6000.1,Low
1597-LHYNC,Yes,1,0.5736261373343933,Female,1,No,No,26,Month-to-month,Fiber optic,Electronic check,95.0,2497.2,Medium
6629-CZTTH,Yes,0,0.488463136050108,Male,0,No,No,1,Month-to-month,DSL,Mailed check,55.7,55.7,Medium
1231-YNDEK,No,0,0.00475513063117018,Male,0,No,No,58,Two year,No,Bank transfer (automatic),19.15,1035.5,Low
7663-RGWBC,Yes,0,0.43570614694518955,Male,0,No,No,1,Month-to-month,DSL,Mailed check,44.15,44.15,Medium
4201-JMNGR,Yes,0,0.496430887901652,Female,1,No,No,1,Month-to-month,DSL,Electronic check,55.8,55.8,Medium
0495-RVCBF,Yes,1,0.7325657720839632,Female,0,No,No,1,Month-to-month,Fiber optic,Electronic check,79.7,79.7,High
7080-TNUWP,No,0,0.13717911895810567,Male,0,Yes,No,70,One year,Fiber optic,Bank transfer (automatic),95.0,6602.9,Low
4522-AKYLR,No,0,0.43755962529643905,Female,1,No,No,13,Month-to-month,DSL,Electronic check,54.8,731.3,Medium
9451-LPGOO,Yes,1,0.7371272901361184,Male,0,No,No,7,Month-to-month,Fiber optic,Electronic check,86.8,620.35,High
2139-FQHLM,No,0,0.3203935297045194,Male,0,No,No,19,Month-to-month,Fiber optic,Mailed check,89.95,1682.4,Medium
3243-ZHOHY,No,0,0.060565827964845054,Female,0,No,No,16,One year,No,Mailed check,20.1,296.15,Low
2302-ANTDP,Yes,0,0.3348413897139516,Female,1,Yes,No,48,Month-to-month,Fiber optic,Electronic check,117.45,5438.9,Medium
6015-VVHHE,Yes,1,0.7169450378133039,Female,1,No,No,5,Month-to-month,Fiber optic,Credit card (automatic),83.15,446.05,High
3200-MNQTF,No,0,0.006381022586306524,Male,0,Yes,No,67,Two year,DSL,Credit card (automatic),70.9,4677.1,Low
4750-UKWJK,No,0,0.027443083955244356,Female,1,Yes,No,37,One year,No,Mailed check,19.6,727.8,Low
7879-CGSFV,No,0,0.14625498457189348,Male,0,No,No,55,One year,Fiber optic,Mailed check,100.9,5552.05,Low
3359-DSRKA,No,0,0.004455671403925016,Female,0,Yes,Yes,58,Two year,No,Mailed check,19.85,1158.85,Low
3167-SNQPL,No,0,0.4876948301800302,Male,1,Yes,Yes,38,Month-to-month,Fiber optic,Electronic check,101.15,3741.85,Medium
9766-HGEDE,No,0,0.05829468288561628,Female,0,Yes,No,17,One year,No,Mailed check,19.35,307.0,Low
0384-LPITE,No,0,0.08674796431391221,Male,0,No,No,40,One year,DSL,Credit card (automatic),62.05,2511.55,Low
7209-JCUDS,Yes,1,0.7064381661328747,Male,0,No,No,10,Month-to-month,Fiber optic,Electronic check,94.9,1048.85,High
6174-NRBTZ,No,0,0.0570694121481129,Male,0,No,No,46,One year,DSL,Bank transfer (automatic),30.75,1489.3,Low
7802-EFKNY,Yes,1,0.6074383280430636,Male,0,Yes,No,5,Month-to-month,DSL,Electronic check,24.95,100.4,High
4829-ZLJTK,No,0,0.14435375908983702,Female,1,Yes,No,72,Two year,Fiber optic,Electronic check,112.4,8046.85,Low
8104-OSKWT,No,1,0.5811353394458765,Female,0,No,No,12,Month-to-month,Fiber optic,Electronic check,79.8,1001.2,Medium
4629-NRXKX,Yes,1,0.5661265891819466,Female,0,Yes,Yes,2,Month-to-month,Fiber optic,Electronic check,70.4,147.15,Medium
7669-LCRSD,No,0,0.32699567877279423,Male,0,Yes,Yes,12,Month-to-month,DSL,Mailed check,56.3,628.65,Medium
0071-NDAFP,No,0,0.019967536058553916,Male,0,Yes,Yes,25,Two year,No,Credit card (automatic),25.5,630.6,Low
1680-VDCWW,No,0,0.07097514178683317,Male,0,Yes,No,12,One year,No,Bank transfer (automatic),19.8,202.25,Low
8714-CTZJW,No,1,0.6282296554548942,Female,0,No,No,4,Month-to-month,Fiber optic,Credit card (automatic),82.85,319.6,High
4433-JCGCG,Yes,1,0.6073291201161563,Male,1,Yes,No,46,Month-to-month,Fiber optic,Electronic check,101.0,4680.05,High
3870-MQAMG,Yes,0,0.2032855022131956,Female,0,Yes,No,54,One year,Fiber optic,Electronic check,110.35,5893.15,Low
0570-BFQHT,No,1,0.5129170526472508,Female,0,No,No,9,Month-to-month,Fiber optic,Electronic check,80.55,653.9,Medium
5924-SNGKP,No,0,0.01957432823213616,Female,0,No,Yes,41,One year,No,Credit card (automatic),20.25,865.0,Low
8659-IOOPU,No,0,0.03857063099248648,Female,0,Yes,Yes,71,Two year,Fiber optic,Electronic check,100.45,7159.7,Low
6252-DFGTK,No,0,0.043155370563030634,Female,0,Yes,No,37,One year,DSL,Credit card (automatic),68.1,2479.25,Low
6135-OZQVA,No,0,0.43682208538036,Female,0,No,No,7,Month-to-month,DSL,Electronic check,53.65,404.35,Medium
8016-NCFVO,No,0,0.3709274640809568,Male,1,No,No,55,Month-to-month,Fiber optic,Electronic check,116.5,6382.55,Medium
0484-JPBRU,No,0,0.056977163659701235,Male,0,No,No,41,Month-to-month,No,Bank transfer (automatic),25.25,996.45,Low
7758-UJWYS,No,0,0.06652956296642444,Male,0,Yes,Yes,34,Two year,DSL,Electronic check,40.55,1325.85,Low
6711-FLDFB,Yes,1,0.7017939540149958,Female,0,No,No,7,Month-to-month,Fiber optic,Electronic check,74.9,541.15,High
7672-VFMXZ,No,0,0.03298139147700337,Male,0,Yes,No,57,Month-to-month,DSL,Electronic check,55.7,3171.6,Low
3635-QQRQD,No,0,0.0036340253227922868,Male,0,No,No,62,Two year,No,Credit card (automatic),20.05,1201.65,Low
1728-BQDMA,No,0,0.42900424837006534,Female,0,No,No,2,Month-to-month,DSL,Electronic check,44.45,82.7,Medium
8652-YHIYU,No,0,0.2587289321997981,Female,0,No,Yes,16,One year,Fiber optic,Credit card (automatic),79.5,1264.2,Low
0929-HYQEW,No,0,0.3281229581738624,Male,0,No,No,3,Month-to-month,DSL,Mailed check,50.15,160.85,Medium
8945-GRKHX,Yes,1,0.619236936503282,Female,0,No,Yes,1,Month-to-month,Fiber optic,Electronic check,78.65,78.65,High
0328-GRPMV,Yes,1,0.6902565275868067,Female,0,No,No,1,Month-to-month,Fiber optic,Electronic check,70.1,70.1,High
5570-PTWEH,Yes,1,0.6490925414690061,Female,0,Yes,No,3,Month-to-month,Fiber optic,Credit card (automatic),75.15,216.75,High
9174-FKWZE,Yes,0,0.38782281293771553,Female,1,No,No,1,Month-to-month,No,Electronic check,19.45,19.45,Medium
7207-RMRDB,Yes,0,0.3937134334180695,Female,0,Yes,Yes,65,Month-to-month,Fiber optic,Electronic check,105.5,6985.65,Medium
7963-GQRMY,Yes,0,0.3124094345671734,Female,0,Yes,Yes,3,Month-to-month,DSL,Mailed check,44.3,134.5,Medium
4803-LBYPN,No,0,0.03621903666935362,Male,0,Yes,Yes,34,Month-to-month,No,Mailed check,20.8,635.9,Low
0567-XRHCU,No,0,0.012667230512852365,Female,0,Yes,Yes,69,Two year,DSL,Credit card (automatic),43.95,2960.1,Low
3349-ANQNH,No,0,0.3752115220675207,Female,1,No,No,59,One year,Fiber optic,Electronic check,99.5,5890.0,Medium
6559-PDZLR,No,0,0.491146183337249,Male,0,No,No,26,Month-to-month,Fiber optic,Electronic check,98.65,2537.0,Medium
9639-BUJXT,No,0,0.005484810929302999,Male,0,No,No,63,One year,No,Mailed check,20.5,1328.15,Low
0665-XHDJU,No,0,0.12426307720017638,Male,0,Yes,No,72,Two year,Fiber optic,Electronic check,99.4,7285.7,Low
7029-IJEJK,No,0,0.028478224802583555,Female,0,No,No,54,One year,DSL,Bank transfer (automatic),44.1,2369.7,Low
0594-UFTUL,No,0,0.13720834376422467,Male,0,Yes,Yes,13,Month-to-month,No,Mailed check,19.85,252.0,Low
8873-GLDMH,No,1,0.6364801048025547,Female,0,No,No,6,Month-to-month,Fiber optic,Mailed check,73.85,401.3,High
7251-XFOIL,No,0,0.23569679917170386,Female,0,No,No,61,Month-to-month,Fiber optic,Mailed check,89.2,5500.6,Low
5973-EJGDP,No,0,0.24898945835756822,Male,0,No,No,51,Month-to-month,Fiber optic,Electronic check,87.35,4473.0,Low
6233-HXJMX,No,0,0.4042062210876943,Female,0,No,No,45,Month-to-month,Fiber optic,Credit card (automatic),89.3,4192.15,Medium
5176-LMJXE,No,0,0.00916553263016469,Female,0,No,No,47,Two year,No,Mailed check,20.55,945.7,Low
9330-VOFSZ,No,0,0.09810224268750528,Female,0,Yes,No,60,Two year,Fiber optic,Credit card (automatic),110.8,6640.7,Low
6710-HSJRD,No,0,0.38235830249432173,Male,0,Yes,No,61,Month-to-month,Fiber optic,Electronic check,114.1,7132.15,Medium
8644-XLFBW,Yes,1,0.7286755471136013,Male,1,No,No,1,Month-to-month,Fiber optic,Electronic check,71.65,71.65,High
0461-CVKMU,Yes,0,0.27371637999728904,Female,0,Yes,Yes,23,Month-to-month,Fiber optic,Electronic check,83.8,1900.25,Low
5642-MHDQT,No,0,0.011578807586161774,Female,0,Yes,Yes,53,One year,No,Bank transfer (automatic),19.85,1039.45,Low
5732-IKGQH,No,0,0.16063130433058687,Male,1,Yes,No,52,One year,Fiber optic,Bank transfer (automatic),104.45,5481.25,Low
6784-XYJAE,No,0,0.11761904731555606,Female,0,No,No,36,One year,DSL,Electronic check,55.8,1941.5,Low
3301-LSLWQ,No,0,0.29967974300221756,Female,0,No,No,29,Month-to-month,DSL,Electronic check,66.1,1912.15,Low
4587-NUKOX,Yes,1,0.5562845884330052,Female,0,No,No,3,Month-to-month,Fiber optic,Electronic check,79.1,246.5,Medium
4566-NECEV,No,1,0.6547820681084119,Male,0,No,No,5,Month-to-month,Fiber optic,Electronic check,96.55,500.1,High
4353-HYOJD,No,0,0.12629214035281927,Female,0,Yes,Yes,27,Month-to-month,DSL,Mailed check,49.85,1336.15,Low
1502-XFCVR,Yes,0,0.20166646455953186,Female,0,No,No,58,One year,Fiber optic,Electronic check,106.45,6145.85,Low
8245-UMPYT,Yes,1,0.776708400492,Female,1,No,No,16,Month-to-month,Fiber optic,Electronic check,96.4,1581.2,High
8191-XWSZG,No,0,0.009966065179908981,Female,0,No,No,52,One year,No,Mailed check,20.65,1022.95,Low
1062-LHZOD,Yes,1,0.5697464742129212,Male,0,Yes,Yes,1,Month-to-month,Fiber optic,Mailed check,69.9,69.9,Medium
6584-VQMYT,No,0,0.05105003504355728,Male,0,No,Yes,27,One year,DSL,Mailed check,56.2,1567.55,Low
6942-LBFDP,No,0,0.25824317924869067,Female,0,No,No,2,Month-to-month,No,Mailed check,20.55,33.6,Low
1273-MTETI,Yes,1,0.8068484100341151,Female,1,No,No,4,Month-to-month,Fiber optic,Electronic check,88.85,372.45,High
1492-QGCLU,No,0,0.09467315074611403,Male,0,Yes,Yes,53,Month-to-month,DSL,Electronic check,85.7,4616.1,Low
1302-TPUBN,No,0,0.0022572462448401907,Male,0,No,No,66,Two year,No,Bank transfer (automatic),19.35,1240.8,Low
5766-FTRTS,No,0,0.008557877750525076,Male,0,Yes,No,72,Two year,DSL,Mailed check,84.45,6033.1,Low
0320-DWVTU,No,0,0.03715123922918468,Female,0,No,No,53,Two year,Fiber optic,Mailed check,99.5,5424.25,Low
9767-FFLEM,No,0,0.2693612109369574,Male,0,No,No,38,Month-to-month,Fiber optic,Credit card (automatic),69.5,2625.25,Low
3705-PSNGL,Yes,0,0.02593523250792692,Male,0,No,No,45,One year,No,Electronic check,20.4,930.45,Low
2178-PMGCJ,No,0,0.41539935156664615,Male,0,No,No,22,Month-to-month,Fiber optic,Mailed check,69.7,1490.4,Medium
6161-ERDGD,No,0,0.032741756097821845,Male,0,Yes,Yes,71,One year,DSL,Electronic check,85.45,6300.85,Low
8128-YVJRG,Yes,1,0.546422930903982,Female,0,No,No,7,Month-to-month,Fiber optic,Mailed check,79.65,604.7,Medium
6319-QSUSR,No,0,0.10705930868978927,Female,0,No,Yes,11,Month-to-month,No,Credit card (automatic),19.7,216.2,Low
6543-XRMYR,Yes,1,0.6750233509647617,Female,1,No,No,30,Month-to-month,Fiber optic,Electronic check,99.7,2967.35,High
4193-IBKSW,No,0,0.002085590929686527,Male,0,Yes,Yes,72,Two year,No,Bank transfer (automatic),24.75,1769.6,Low
7625-XCQRH,Yes,1,0.6727839101591008,Female,0,No,No,11,Month-to-month,Fiber optic,Electronic check,76.5,837.95,High
2739-CCZMB,No,0,0.134660138797496,Male,0,No,Yes,5,Month-to-month,No,Credit card (automatic),20.35,122.0,Low
2530-ENDWQ,Yes,0,0.09791473348817141,Female,0,Yes,No,71,Two year,Fiber optic,Bank transfer (automatic),93.7,6585.35,Low
1934-MKPXS,No,0,0.01947882318138851,Male,0,Yes,Yes,33,One year,No,Credit card (automatic),20.1,620.55,Low
6023-YEBUP,Yes,1,0.7891672918766753,Male,0,No,No,3,Month-to-month,Fiber optic,Electronic check,100.95,329.95,High
3205-MXZRA,No,0,0.06951105987072372,Male,0,No,No,26,One year,DSL,Credit card (automatic),59.45,1507.0,Low
3197-ARFOY,No,0,0.42088999005189465,Female,1,No,No,19,Month-to-month,Fiber optic,Mailed check,105.0,2007.25,Medium
8746-BFOAJ,No,0,0.057572116837318964,Male,1,No,No,21,One year,No,Bank transfer (automatic),20.5,429.55,Low
2371-KFUOG,No,0,0.09727324881239971,Male,0,No,No,58,One year,Fiber optic,Bank transfer (automatic),99.15,5720.95,Low
6115-ZTBFQ,No,0,0.011655898256542242,Female,0,Yes,No,72,Two year,DSL,Bank transfer (automatic),65.5,4919.7,Low
9066-QRSDU,No,0,0.01185853833307642,Female,0,Yes,No,69,One year,No,Electronic check,26.3,1763.55,Low
5478-JJVZK,No,0,0.1564271661286869,Female,0,No,No,33,Month-to-month,DSL,Mailed check,60.9,2033.85,Low
2164-SOQXL,No,0,0.07690993036004364,Female,0,Yes,Yes,20,Month-to-month,No,Mailed check,20.05,406.05,Low
8559-WNQZS,No,0,0.06207271253589566,Male,0,No,No,1,Two year,No,Mailed check,20.45,20.45,Low
6124-ACRHJ,No,0,0.2054642499808661,Female,0,No,No,1,Month-to-month,No,Mailed check,19.75,19.75,Low
8515-OCTJS,Yes,0,0.024989877602482946,Female,0,No,No,25,Two year,No,Credit card (automatic),24.75,692.1,Low
1833-TCXKK,No,0,0.4737243630295634,Male,0,Yes,No,45,Month-to-month,Fiber optic,Bank transfer (automatic),107.75,4882.8,Medium
3419-SNJJD,Yes,0,0.2729185328778862,Female,1,Yes,No,65,Month-to-month,Fiber optic,Bank transfer (automatic),105.25,6786.4,Low
5159-YFPKQ,Yes,1,0.6864251709237804,Female,0,No,No,2,Month-to-month,Fiber optic,Electronic check,75.8,160.75,High
7663-CUXZB,No,0,0.06967712023684053,Male,0,Yes,No,59,Two year,Fiber optic,Electronic check,113.75,6561.25,Low
7054-ENNGU,No,0,0.27100464996556184,Female,0,Yes,No,9,Month-to-month,DSL,Mailed check,50.85,466.6,Low
9512-PHSMG,No,0,0.19243375227070036,Female,0,Yes,No,10,Month-to-month,No,Mailed check,20.55,252.75,Low
7602-MVRMB,No,0,0.05717596427386224,Female,0,Yes,Yes,72,Two year,Fiber optic,Bank transfer (automatic),110.45,8058.85,Low
4192-GORJT,Yes,1,0.7333360143103941,Male,0,Yes,No,5,Month-to-month,Fiber optic,Electronic check,94.45,498.1,High
1150-WFARN,Yes,0,0.052632887153471815,Female,0,Yes,Yes,67,Two year,Fiber optic,Credit card (automatic),108.75,7156.2,Low
3737-XBQDD,No,0,0.46597805379368434,Male,0,No,No,24,Month-to-month,Fiber optic,Bank transfer (automatic),84.85,2048.8,Medium
3474-BAFSJ,No,0,0.03161251052161627,Male,0,Yes,No,57,Two year,DSL,Bank transfer (automatic),57.5,3265.95,Low
1904-WAJAA,No,0,0.05697706498052043,Female,0,Yes,Yes,24,Two year,DSL,Electronic check,64.35,1558.65,Low
4163-NCJAK,No,0,0.02637009154245623,Female,0,Yes,No,46,One year,No,Bank transfer (automatic),24.45,1066.15,Low
9943-VSZUV,No,0,0.20754482185628123,Male,1,No,No,67,Month-to-month,Fiber optic,Mailed check,75.7,5060.85,Low
8294-UIMBA,No,0,0.2520392954852846,Female,0,No,No,30,One year,Fiber optic,Bank transfer (automatic),94.4,2638.1,Low
3605-JISKB,No,0,0.03219451297965487,Male,1,Yes,No,55,One year,DSL,Credit card (automatic),60.0,3316.1,Low
1207-BLKSA,No,0,0.005885633666784544,Female,0,Yes,Yes,52,Two year,No,Mailed check,23.05,1255.1,Low
6671-NGWON,No,0,0.16009175281576635,Female,0,No,No,7,Month-to-month,No,Mailed check,20.35,150.6,Low
5949-HGVJL,No,0,0.2761557011293819,Female,0,Yes,No,26,Month-to-month,DSL,Electronic check,73.05,1959.5,Low
6339-DKLMK,No,0,0.49529028232586636,Female,0,No,No,13,Month-to-month,DSL,Electronic check,31.65,389.95,Medium
6656-GULJQ,No,0,0.014041407374380754,Male,0,Yes,Yes,72,Two year,DSL,Credit card (automatic),83.55,6093.3,Low
5844-QVTAT,No,0,0.061597303475794056,Female,0,Yes,Yes,33,One year,DSL,Mailed check,58.45,1955.4,Low
2990-HWIML,Yes,1,0.733095449830888,Female,0,No,No,6,Month-to-month,Fiber optic,Electronic check,89.5,573.3,High
2279-AXJJK,No,0,0.242347836021082,Male,0,Yes,No,52,Month-to-month,Fiber optic,Credit card (automatic),95.65,5088.4,Low
5256-SKJGO,No,0,0.026682489354692054,Female,0,Yes,Yes,64,Two year,DSL,Electronic check,54.6,3423.5,Low
6837-BJYDQ,No,0,0.10693823977778971,Male,0,No,No,3,One year,No,Mailed check,19.6,61.35,Low
1941-HOSAM,No,1,0.718936362405057,Male,0,Yes,Yes,1,Month-to-month,Fiber optic,Electronic check,90.1,90.1,High
3841-CONLJ,No,1,0.6371308381739947,Female,0,Yes,No,1,Month-to-month,DSL,Electronic check,35.0,35.0,High
6437-UDQJM,No,0,0.030642645677538053,Female,1,Yes,No,72,Two year,DSL,Credit card (automatic),84.1,6129.65,Low
2458-EOMRE,No,0,0.2555955270359526,Female,0,No,No,11,Month-to-month,DSL,Bank transfer (automatic),64.05,733.95,Low
0970-QXPXW,No,0,0.20541326386145398,Female,0,No,No,1,Month-to-month,No,Mailed check,19.65,19.65,Low
7995-ZHHNZ,No,0,0.04536715905147967,Male,0,Yes,No,42,One year,DSL,Credit card (automatic),56.1,2386.85,Low
9327-QSDED,No,0,0.2841590001914432,Male,0,No,No,8,Month-to-month,DSL,Mailed check,43.55,335.4,Low
0575-CUQOV,No,0,0.2671953595414681,Male,1,Yes,No,60,One year,Fiber optic,Electronic check,97.95,5867.0,Low
6563-VRERX,No,0,0.021571552017139867,Male,0,Yes,Yes,33,One year,No,Mailed check,20.6,690.25,Low
5383-MMTWC,Yes,1,0.7823230927072053,Female,1,Yes,No,8,Month-to-month,Fiber optic,Electronic check,84.0,613.4,High
4835-YSJMR,No,0,0.026627204824572943,Male,0,No,No,39,Two year,DSL,Bank transfer (automatic),49.8,1971.15,Low
6888-SBYAI,No,0,0.3467153160604065,Male,0,No,No,1,Month-to-month,DSL,Mailed check,50.7,50.7,Medium
6968-GMKPR,No,0,0.256437932198302,Female,0,No,No,55,Month-to-month,Fiber optic,Electronic check,81.55,4509.5,Low
5089-IFSDP,Yes,0,0.10871113833510122,Female,0,Yes,No,58,Two year,Fiber optic,Bank transfer (automatic),109.45,6144.55,Low
2519-FAKOD,Yes,0,0.4730583850467178,Male,0,No,Yes,38,Month-to-month,Fiber optic,Bank transfer (automatic),99.25,3777.15,Medium
0231-LXVAP,Yes,1,0.5747117781124185,Male,0,No,No,1,Month-to-month,Fiber optic,Electronic check,75.9,75.9,Medium
7439-DKZTW,No,1,0.7081413202486534,Male,0,No,No,1,Month-to-month,Fiber optic,Electronic check,80.55,80.55,High
2266-SJNAT,No,0,0.09868282948070721,Female,0,Yes,No,72,One year,Fiber optic,Credit card (automatic),109.15,7789.6,Low
3525-DVKFN,No,0,0.029867521064894,Female,0,No,No,17,Two year,No,Mailed check,19.4,358.05,Low
9251-AWQGT,No,0,0.005232301765699589,Female,0,Yes,Yes,48,Two year,No,Mailed check,20.0,935.9,Low
0701-TJSEF,No,0,0.2387241655420024,Male,0,No,No,9,Month-to-month,DSL,Bank transfer (automatic),68.25,576.95,Low
8905-IAZPF,No,0,0.1381643176642994,Female,0,Yes,No,69,One year,Fiber optic,Credit card (automatic),95.65,6744.2,Low
1459-QNFQT,No,0,0.009322661060299055,Male,0,Yes,Yes,70,Two year,DSL,Bank transfer (automatic),59.5,4144.8,Low
2419-FSORS,No,0,0.09481755309623553,Male,0,Yes,No,72,Two year,Fiber optic,Electronic check,108.4,7719.5,Low
3428-XZMAZ,Yes,1,0.676954459578881,Male,0,No,No,1,Month-to-month,Fiber optic,Electronic check,69.35,69.35,High
0618-XWMSS,Yes,0,0.259492393020348,Male,0,No,Yes,28,Month-to-month,Fiber optic,Bank transfer (automatic),74.9,2068.55,Low
8059-UDZFY,No,1,0.5641413427189763,Female,1,No,Yes,33,Month-to-month,Fiber optic,Bank transfer (automatic),105.35,3465.05,Medium
1309-BXVOQ,Yes,1,0.6092943636456651,Male,0,Yes,No,21,Month-to-month,Fiber optic,Electronic check,106.1,2249.95,High
6139-ZZRBQ,No,0,0.004508653662829227,Male,1,No,No,64,Two year,No,Bank transfer (automatic),20.05,1198.05,Low
6908-VVYHM,No,0,0.310538087203074,Male,0,Yes,No,65,Month-to-month,Fiber optic,Electronic check,90.65,5931.0,Medium
1353-GHZOS,No,0,0.1321653376814416,Male,0,Yes,No,22,One year,DSL,Bank transfer (automatic),59.75,1374.35,Low
4701-MLJPN,Yes,0,0.16772774525005088,Male,0,No,No,31,Month-to-month,DSL,Electronic check,55.25,1715.65,Low
4622-YNKIJ,No,0,0.1007092013914343,Male,0,No,No,33,Two year,Fiber optic,Electronic check,88.95,3027.65,Low
6538-POCHL,No,0,0.30049809097640817,Male,0,No,No,33,Month-to-month,Fiber optic,Credit card (automatic),79.0,2576.8,Medium
3084-DOWLE,No,0,0.013633899433981356,Female,0,Yes,No,72,Two year,DSL,Bank transfer (automatic),92.0,6474.4,Low
0111-KLBQG,No,0,0.4511571058379743,Male,1,Yes,Yes,32,Month-to-month,Fiber optic,Mailed check,93.95,2861.45,Medium
8734-FNWVH,No,0,0.18673747504007235,Male,0,Yes,Yes,31,Month-to-month,DSL,Bank transfer (automatic),59.7,1825.5,Low
0529-ONKER,Yes,1,0.6024281821326866,Male,1,No,No,15,Month-to-month,Fiber optic,Electronic check,75.65,1146.65,High
4061-UKJWL,No,0,0.33421309261358156,Male,0,No,No,3,Month-to-month,DSL,Mailed check,45.45,141.7,Medium
3186-AJIEK,No,0,0.04772443408287817,Male,0,No,No,66,Two year,Fiber optic,Bank transfer (automatic),105.65,6844.5,Low
1343-EHPYB,Yes,0,0.4181826470391116,Male,0,Yes,No,63,Month-to-month,Fiber optic,Electronic check,103.4,6603.0,Medium
1251-STYSZ,No,1,0.6934989787839111,Female,1,No,No,4,Month-to-month,Fiber optic,Electronic check,80.25,303.7,High
3520-FJGCV,No,0,0.04430105289010274,Male,0,Yes,Yes,72,Two year,Fiber optic,Credit card (automatic),112.6,8126.65,Low
9391-YZEJW,No,0,0.21874122363707393,Female,0,No,No,62,One year,Fiber optic,Bank transfer (automatic),94.0,5757.2,Low
8285-ABVLB,No,0,0.001811691751738329,Female,0,Yes,No,70,Two year,No,Credit card (automatic),19.85,1328.35,Low
1724-BQUHA,Yes,1,0.7721329179266168,Male,1,No,No,5,Month-to-month,Fiber optic,Electronic check,89.5,477.7,High
1157-BQCUW,Yes,1,0.7309902836840941,Male,0,No,No,1,Month-to-month,Fiber optic,Electronic check,74.95,74.95,High
0961-ZWLVI,No,0,0.18436997835494143,Male,0,No,Yes,49,One year,Fiber optic,Credit card (automatic),109.2,5290.45,Low
5495-GPSRW,No,0,0.03406214079767764,Male,0,No,No,20,Two year,No,Mailed check,19.7,419.4,Low
3987-KQDDU,No,0,0.4338372205394326,Male,0,No,No,9,Month-to-month,Fiber optic,Electronic check,75.6,661.55,Medium
4818-QIUFN,Yes,1,0.5657462642314658,Female,1,No,No,20,Month-to-month,Fiber optic,Electronic check,79.15,1520.9,Medium
6253-GNHWH,No,0,0.0058336846966930206,Female,0,Yes,Yes,71,Two year,DSL,Mailed check,71.1,5224.95,Low
1271-SJBGZ,Yes,1,0.5384739854425226,Male,1,No,No,12,Month-to-month,DSL,Electronic check,43.65,526.95,Medium
8946-BFWSG,No,0,0.003267380340882558,Male,0,Yes,Yes,63,Two year,No,Mailed check,25.25,1573.05,Low
3765-JXVKY,Yes,1,0.6618619307221539,Female,0,No,No,1,Month-to-month,Fiber optic,Electronic check,74.7,74.7,High
0093-XWZFY,Yes,0,0.4512590684613208,Male,0,No,No,40,Month-to-month,Fiber optic,Credit card (automatic),104.5,4036.85,Medium
5575-GNVDE,No,0,0.051344503860839295,Male,0,No,No,34,One year,DSL,Mailed check,56.95,1889.5,Low
4640-UHDOS,Yes,0,0.33954182373059777,Female,0,Yes,Yes,13,Month-to-month,DSL,Electronic check,55.95,734.35,Medium
8844-TONUD,Yes,1,0.5705361547039235,Male,0,Yes,Yes,13,Month-to-month,Fiber optic,Mailed check,96.65,1162.85,Medium
7706-YLMQA,No,0,0.003938220256106229,Female,0,No,No,70,One year,No,Bank transfer (automatic),19.7,1341.5,Low
5423-BHIXO,No,0,0.26220751721094254,Female,0,No,No,32,Month-to-month,DSL,Electronic check,54.2,1739.6,Low
9415-DPEWS,Yes,1,0.5621062439801885,Female,0,No,No,18,Month-to-month,Fiber optic,Electronic check,88.35,1639.3,Medium
7083-MIOPC,No,0,0.001711980730859075,Female,0,No,No,72,Two year,No,Credit card (automatic),20.25,1566.9,Low
7410-OIEDU,No,0,0.4489566007788558,Male,0,No,No,10,Month-to-month,Fiber optic,Mailed check,79.85,887.35,Medium
6810-VCAEX,No,0,0.023499625519082988,Female,0,No,No,47,One year,DSL,Credit card (automatic),39.65,1798.65,Low
9541-ZPSEA,No,0,0.016971648208195148,Male,0,Yes,Yes,68,Two year,Fiber optic,Credit card (automatic),80.35,5375.15,Low
5832-XKAES,Yes,1,0.5780914579217109,Male,0,No,No,2,Month-to-month,Fiber optic,Credit card (automatic),69.8,134.7,Medium
3115-JPJDD,No,0,0.07671013820246678,Female,0,Yes,No,59,One year,Fiber optic,Credit card (automatic),81.25,4639.45,Low
0756-MPZRL,No,0,0.03589860982845274,Male,0,No,No,46,One year,DSL,Credit card (automatic),33.7,1537.85,Low
9261-WDCAF,No,0,0.3840858645553505,Male,0,No,No,3,Month-to-month,DSL,Mailed check,54.65,189.1,Medium
7693-QPEFS,No,0,0.2995424336552313,Male,1,No,No,52,Month-to-month,Fiber optic,Bank transfer (automatic),72.95,3829.75,Low
4879-GZLFH,No,0,0.45013694086840433,Female,0,Yes,Yes,42,Month-to-month,Fiber optic,Electronic check,92.15,3875.4,Medium
1866-ZSLJM,No,0,0.07380512500668335,Male,0,No,No,21,Month-to-month,No,Credit card (automatic),20.5,402.85,Low
1853-ARAAQ,No,0,0.40029848179973976,Female,0,No,No,26,Month-to-month,DSL,Credit card (automatic),50.35,1277.5,Medium
4701-AHWMW,Yes,0,0.12414272376739782,Male,0,Yes,No,55,Month-to-month,DSL,Bank transfer (automatic),54.55,2978.3,Low
3682-YEUWS,No,0,0.19634725383953644,Male,0,Yes,Yes,10,Month-to-month,No,Mailed check,24.4,253.9,Low
2235-ZGKPT,Yes,0,0.36506958986430654,Female,0,Yes,Yes,4,Month-to-month,DSL,Mailed check,50.85,239.55,Medium
9399-APLBT,Yes,1,0.6267305136007597,Female,0,Yes,Yes,1,Month-to-month,Fiber optic,Electronic check,74.7,74.7,High
2229-DPMBI,No,0,0.040174138032335466,Female,0,Yes,Yes,8,Two year,No,Mailed check,19.5,162.15,Low
2091-GPPIQ,No,0,0.024745955265851053,Female,0,Yes,Yes,72,Two year,DSL,Electronic check,78.95,5730.15,Low
8404-FYDIB,No,0,0.3359969615816827,Male,0,No,No,26,Month-to-month,Fiber optic,Credit card (automatic),86.65,2208.75,Medium
8884-FEEWR,No,0,0.023070189672457418,Male,0,No,No,35,One year,No,Bank transfer (automatic),20.6,754.0,Low
1447-PJGGA,Yes,0,0.15191693676016563,Female,0,No,No,57,Two year,Fiber optic,Electronic check,95.25,5464.65,Low
9812-GHVRI,No,0,0.36112318974385316,Female,0,No,No,40,Month-to-month,Fiber optic,Bank transfer (automatic),83.85,3532.25,Medium
6849-WLEYG,Yes,0,0.1706490406794807,Male,0,No,Yes,1,Month-to-month,No,Mailed check,19.75,19.75,Low
4676-WLUHT,No,0,0.018945712459586254,Male,0,No,No,54,Two year,DSL,Bank transfer (automatic),46.2,2431.95,Low
6178-KFNHS,Yes,1,0.5312933120450797,Female,0,No,Yes,12,Month-to-month,Fiber optic,Electronic check,78.3,909.25,Medium
6284-KMNUF,No,0,0.24074055447430034,Female,0,Yes,No,56,One year,Fiber optic,Electronic check,98.0,5270.6,Low
0531-ZZJWQ,No,0,0.3454333494307903,Male,1,Yes,No,55,Month-to-month,Fiber optic,Electronic check,74.0,4052.4,Medium
6575-SUVOI,No,0,0.21203459025971594,Female,1,Yes,No,25,Month-to-month,DSL,Credit card (automatic),69.5,1752.65,Low
1084-UQCHV,Yes,0,0.48175007491061517,Male,0,No,Yes,1,Month-to-month,Fiber optic,Bank transfer (automatic),69.75,69.75,Medium
9450-TRJUU,No,0,0.4199655934908657,Male,0,No,No,35,Month-to-month,Fiber optic,Electronic check,83.15,2848.45,Medium
5006-MXVRN,No,0,0.00895734447762978,Female,0,No,No,39,Two year,No,Credit card (automatic),20.7,762.45,Low
1852-XEMDW,No,0,0.1629367904579999,Male,0,No,No,22,Month-to-month,DSL,Mailed check,65.05,1427.55,Low
5919-TMRGD,Yes,1,0.6840416476334013,Female,0,No,Yes,1,Month-to-month,Fiber optic,Electronic check,79.35,79.35,High
0682-USIXD,No,0,0.47474607386670803,Female,0,Yes,No,21,Month-to-month,Fiber optic,Electronic check,86.05,1818.9,Medium
2088-IEBAU,No,0,0.02838585888009298,Female,0,No,No,68,Two year,DSL,Electronic check,88.15,6148.45,Low
3452-ABWRL,No,0,0.3791839546300487,Male,1,No,No,47,Month-to-month,Fiber optic,Credit card (automatic),86.05,3865.6,Medium
6368-TZZDT,No,0,0.043001145455633445,Male,0,Yes,Yes,4,Two year,No,Credit card (automatic),19.5,96.85,Low
4079-VTGLK,No,0,0.14772436870278638,Male,1,Yes,No,30,Two year,DSL,Electronic check,74.85,2181.75,Low
0952-KMEEH,Yes,0,0.4912317487693597,Male,0,No,No,13,Month-to-month,Fiber optic,Mailed check,98.15,1230.25,Medium
3249-VHRIP,No,0,0.02627164789515442,Female,0,No,No,62,Two year,DSL,Credit card (automatic),43.6,2748.7,Low
4636-TVXVG,No,0,0.004908666878596253,Male,0,Yes,Yes,62,One year,No,Bank transfer (automatic),19.95,1244.8,Low
7878-JGDKK,No,0,0.32626905629654596,Male,0,No,No,4,Month-to-month,DSL,Mailed check,44.55,220.75,Medium
8620-RJPZN,No,0,0.26072698023347174,Female,0,No,No,1,Month-to-month,No,Electronic check,20.7,20.7,Low
1494-EJZDW,No,0,0.036639881677215456,Female,0,Yes,Yes,10,Two year,No,Mailed check,20.15,220.8,Low
1335-HQMKX,No,0,0.234680342994834,Female,0,Yes,No,72,One year,Fiber optic,Electronic check,101.35,7323.15,Low
1716-LSAMB,No,0,0.009476610350915,Male,0,Yes,Yes,45,Two year,DSL,Bank transfer (automatic),54.65,2553.7,Low
4759-PXTAN,No,0,0.08534497336315061,Female,0,Yes,No,59,One year,DSL,Electronic check,80.1,4693.2,Low
1841-YSJGV,No,0,0.04786184951916039,Male,0,Yes,No,72,Two year,Fiber optic,Credit card (automatic),109.95,7852.4,Low
4912-PIGUY,No,1,0.7686208397820516,Female,0,No,No,1,Month-to-month,Fiber optic,Electronic check,84.6,84.6,High
5233-AOZUF,No,1,0.5241948726284862,Female,0,Yes,No,29,Month-to-month,Fiber optic,Electronic check,74.95,2149.05,Medium
5071-FBJFS,No,0,0.29063165402292784,Female,0,Yes,Yes,4,Month-to-month,DSL,Electronic check,50.3,217.1,Low
0880-TKATG,Yes,1,0.6852142078487051,Male,0,Yes,Yes,4,Month-to-month,Fiber optic,Electronic check,101.15,385.9,High
3022-BEXHZ,No,0,0.07707613945380895,Male,0,Yes,Yes,67,Two year,Fiber optic,Bank transfer (automatic),111.2,7530.8,Low
6416-YJTTB,No,0,0.4302451190724666,Male,0,No,No,11,Month-to-month,Fiber optic,Bank transfer (automatic),79.5,795.65,Medium
4749-VFKVB,Yes,1,0.5153685679339994,Female,0,No,No,1,Month-to-month,DSL,Mailed check,50.1,50.1,Medium
1084-MNSMJ,No,0,0.014421595735955552,Female,0,Yes,Yes,51,Two year,DSL,Credit card (automatic),85.5,4421.95,Low
6370-ZVHDV,No,0,0.004630996338902113,Female,0,Yes,No,61,Two year,No,Bank transfer (automatic),25.3,1554.9,Low
2750-BJLSB,No,0,0.18233504656491842,Female,0,No,No,47,One year,Fiber optic,Electronic check,103.7,4730.6,Low
9170-GYZJC,Yes,0,0.0714696208561519,Female,0,Yes,Yes,41,Month-to-month,DSL,Credit card (automatic),79.9,3326.2,Low
6358-LYNGM,Yes,1,0.7309595717302474,Male,0,No,No,1,Month-to-month,Fiber optic,Electronic check,74.9,74.9,High
2272-WUSPA,No,0,0.1074920648437294,Female,0,Yes,No,72,Two year,Fiber optic,Electronic check,110.75,7751.7,Low
4922-CVPDX,No,0,0.09811383990051573,Female,0,Yes,No,26,Two year,DSL,Credit card (automatic),73.5,1905.7,Low
7754-IXRMC,No,0,0.36716472575479814,Female,0,No,No,1,Month-to-month,DSL,Mailed check,45.35,45.35,Medium
5966-EMAZU,No,0,0.12865628448016975,Male,0,Yes,No,64,One year,Fiber optic,Mailed check,108.5,6880.85,Low
8096-LOIST,No,0,0.40165628051672014,Female,0,No,No,19,Month-to-month,DSL,Electronic check,56.2,1093.4,Medium
4611-ANLQC,No,0,0.04438725610220625,Female,0,Yes,No,60,One year,DSL,Electronic check,50.05,2911.5,Low
1752-OZXFY,No,0,0.03183017195437922,Male,0,Yes,No,60,One year,DSL,Mailed check,59.8,3561.15,Low
5696-EXCYS,No,0,0.026148827993431593,Male,0,No,No,17,Two year,No,Credit card (automatic),19.45,369.05,Low
9391-TTOYH,No,0,0.10542816124354393,Female,0,No,No,23,Month-to-month,No,Mailed check,19.5,470.2,Low
3027-YNWZU,No,0,0.003582634198659294,Female,0,Yes,No,64,Two year,No,Credit card (automatic),25.0,1584.8,Low
8499-BRXTD,No,0,0.05296413415690247,Male,0,No,No,18,One year,No,Mailed check,20.1,401.85,Low
8064-RAVOH,No,0,0.47328356807620775,Male,0,No,Yes,1,Month-to-month,DSL,Electronic check,49.85,49.85,Medium
9272-LSVYH,No,0,0.4431280588411134,Male,0,No,No,10,Month-to-month,Fiber optic,Mailed check,70.15,735.5,Medium
6732-FZUGP,No,0,0.14514748339650965,Female,0,No,No,47,One year,Fiber optic,Credit card (automatic),94.9,4615.25,Low
2256-YLYLP,No,0,0.015402712340552538,Male,0,Yes,Yes,68,Two year,DSL,Bank transfer (automatic),72.95,4953.25,Low
9025-ZRPVR,Yes,0,0.18590163786820205,Male,0,No,No,9,Month-to-month,No,Mailed check,18.95,185.6,Low
1709-EJDOX,No,0,0.005560730360199573,Female,0,Yes,Yes,47,Two year,No,Mailed check,19.75,948.9,Low
5583-EJXRD,No,0,0.023564346014344133,Male,0,Yes,Yes,44,Two year,DSL,Credit card (automatic),54.05,2375.2,Low
2692-BUCFV,No,1,0.5464567341846446,Male,1,No,No,29,Month-to-month,Fiber optic,Bank transfer (automatic),101.45,2948.6,Medium
1937-OTUKY,No,0,0.040410481346201815,Female,0,Yes,No,72,Two year,Fiber optic,Bank transfer (automatic),98.2,7015.9,Low
1421-HCERK,No,0,0.3635823758265926,Male,1,Yes,No,30,Month-to-month,Fiber optic,Bank transfer (automatic),105.7,3181.8,Medium
6383-ZTSIW,No,0,0.19866670615270002,Female,1,Yes,No,39,One year,Fiber optic,Mailed check,99.1,3877.95,Low
1725-IQNIY,Yes,0,0.04780528747119127,Male,0,Yes,No,54,Two year,Fiber optic,Bank transfer (automatic),109.75,6110.2,Low
8869-TORSS,Yes,0,0.028257875295934386,Female,0,No,No,48,One year,DSL,Credit card (automatic),60.35,2896.4,Low
5799-JRCZO,No,0,0.0021762799563316074,Female,0,No,Yes,63,Two year,No,Credit card (automatic),19.5,1215.1,Low
8450-LUGUK,No,0,0.017636719175951367,Female,0,Yes,Yes,37,Two year,No,Bank transfer (automatic),24.1,861.85,Low
7241-AJHFS,No,0,0.19401280116577277,Male,0,No,No,32,Month-to-month,Fiber optic,Bank transfer (automatic),87.65,2766.4,Low
3389-KTRXV,No,0,0.025492558833601776,Female,0,Yes,Yes,23,Two year,No,Mailed check,23.85,625.65,Low
0859-YGKFW,No,0,0.04550907662095583,Male,0,Yes,Yes,18,One year,No,Bank transfer (automatic),20.05,345.9,Low
0742-MOABM,Yes,0,0.23764480521612838,Male,0,Yes,No,4,Month-to-month,DSL,Mailed check,50.05,179.35,Low
6990-YNRIO,Yes,0,0.040782322324347246,Male,0,Yes,Yes,65,Two year,Fiber optic,Bank transfer (automatic),108.65,6937.95,Low
9617-INGJY,No,1,0.6073984974387943,Male,0,No,No,1,Month-to-month,Fiber optic,Mailed check,70.6,70.6,High
4695-WJZUE,Yes,1,0.8152828817878731,Female,1,No,No,2,Month-to-month,Fiber optic,Electronic check,88.55,179.25,High
4124-MMETB,Yes,1,0.5909671287803951,Male,0,No,No,22,Month-to-month,Fiber optic,Credit card (automatic),94.65,2104.55,Medium
2856-NNASM,Yes,0,0.44048983579339324,Male,1,No,No,43,Month-to-month,Fiber optic,Mailed check,89.55,3856.75,Medium
9944-AEXBM,No,0,0.47956096102632173,Male,0,No,No,32,Month-to-month,Fiber optic,Bank transfer (automatic),85.65,2664.3,Medium
4011-ARPHK,No,0,0.11239650666371745,Male,0,No,No,27,Month-to-month,DSL,Mailed check,50.35,1411.35,Low
4826-DXMUP,No,0,0.0881468096995333,Male,0,No,Yes,35,One year,DSL,Mailed check,72.1,2495.15,Low
5360-XGYAZ,No,0,0.012143713607508651,Male,0,Yes,Yes,72,Two year,DSL,Bank transfer (automatic),65.65,4664.5,Low
9621-OUPYD,No,0,0.05622283636973289,Female,0,Yes,No,25,One year,No,Bank transfer (automatic),20.2,507.9,Low
2410-CIYFZ,No,0,0.16384209225037805,Male,0,No,Yes,2,Month-to-month,No,Mailed check,20.4,42.9,Low
8625-AZYZY,Yes,1,0.6620287403981289,Male,0,Yes,No,24,Month-to-month,Fiber optic,Electronic check,104.65,2542.45,High
8464-EETCQ,No,0,0.0033022812358697536,Male,0,No,No,57,Two year,No,Credit card (automatic),18.8,1094.35,Low
4332-MUOEZ,No,0,0.15614969420688518,Male,1,Yes,Yes,20,One year,Fiber optic,Credit card (automatic),94.3,1818.3,Low
9317-WZPGV,Yes,1,0.7149507243507763,Female,1,No,No,2,Month-to-month,Fiber optic,Bank transfer (automatic),79.75,159.4,High
8840-DQLGN,Yes,0,0.34197868391931535,Female,1,Yes,No,35,Month-to-month,Fiber optic,Bank transfer (automatic),100.5,3653.35,Medium
5465-BUBFA,No,0,0.0075114054808318315,Female,0,Yes,Yes,41,Two year,No,Bank transfer (automatic),19.3,772.4,Low
0887-HJGAR,Yes,0,0.43689686041500886,Male,0,No,No,1,Month-to-month,DSL,Mailed check,45.7,45.7,Medium
7124-UGSUR,Yes,0,0.27510103533646146,Female,1,Yes,No,61,One year,Fiber optic,Credit card (automatic),104.4,6405.0,Low
9763-GRSKD,No,0,0.21127401475413712,Male,0,Yes,Yes,13,Month-to-month,DSL,Mailed check,49.95,587.45,Low
2200-DSAAL,No,0,0.049584660983084956,Female,0,No,No,68,Two year,DSL,Electronic check,80.65,5330.2,Low
6817-WTYHE,No,0,0.3472766210824895,Male,0,No,No,2,Month-to-month,DSL,Bank transfer (automatic),44.9,111.05,Medium
4223-BKEOR,No,0,0.09561673075332675,Female,0,No,Yes,21,One year,DSL,Mailed check,64.85,1336.8,Low
3258-ZKPAI,No,0,0.05203733287031286,Male,0,Yes,Yes,72,Two year,Fiber optic,Bank transfer (automatic),116.6,8337.45,Low
0018-NYROU,No,1,0.6614479500020884,Female,0,Yes,No,5,Month-to-month,Fiber optic,Electronic check,68.95,351.5,High
2233-TXSIU,No,0,0.14298255201374988,Male,0,Yes,Yes,17,One year,DSL,Credit card (automatic),44.45,792.15,Low
4456-RHSNB,No,0,0.25209837939809954,Female,0,Yes,Yes,19,Month-to-month,DSL,Bank transfer (automatic),49.6,962.9,Low
8132-YPVBX,No,1,0.6032955981151312,Female,0,No,No,6,Month-to-month,Fiber optic,Mailed check,85.95,514.6,High
0582-AVCLN,No,0,0.010207616469891526,Female,0,No,No,38,Two year,No,Mailed check,20.3,743.05,Low
0562-FGDCR,No,0,0.006646485506417404,Female,0,Yes,Yes,72,Two year,DSL,Mailed check,74.55,5430.65,Low
2091-MJTFX,Yes,0,0.18205227322267284,Female,0,Yes,Yes,30,Month-to-month,DSL,Credit card (automatic),51.2,1561.5,Low
9492-TOKRI,Yes,1,0.5364962380177941,Female,0,No,No,18,Month-to-month,Fiber optic,Credit card (automatic),90.0,1527.35,Medium
8621-MNIHH,Yes,1,0.6134824557205261,Female,1,Yes,No,34,Month-to-month,Fiber optic,Electronic check,94.25,3217.55,High
8807-OPMBM,No,0,0.006780123583900149,Female,0,Yes,Yes,55,Two year,No,Credit card (automatic),25.65,1388.0,Low
1468-DEFNC,No,0,0.005555567938930197,Male,1,Yes,Yes,64,Two year,No,Bank transfer (automatic),24.4,1548.65,Low
7560-QJAVJ,No,0,0.010059769231995717,Female,0,No,No,70,Two year,DSL,Bank transfer (automatic),79.6,5589.45,Low
3097-NQYSN,Yes,1,0.7430051749370387,Male,1,Yes,No,2,Month-to-month,Fiber optic,Mailed check,86.85,156.35,High
2207-OBZNX,Yes,0,0.2919453440243379,Male,0,No,No,7,Month-to-month,DSL,Mailed check,51.0,354.05,Low
5549-ZGHFB,No,0,0.006271655405021182,Male,0,Yes,Yes,50,Two year,No,Mailed check,24.95,1261.45,Low
5668-MEISB,No,0,0.024102081033517034,Female,0,Yes,Yes,72,Two year,Fiber optic,Credit card (automatic),106.1,7657.4,Low
6549-YMFAW,No,0,0.23012511465264524,Male,1,Yes,No,9,Month-to-month,No,Mailed check,21.25,204.55,Low
9300-RENDD,Yes,1,0.7077538348698088,Male,0,No,No,1,Month-to-month,Fiber optic,Electronic check,79.95,79.95,High
9903-LYSAB,No,1,0.6006228399153366,Male,0,Yes,No,18,Month-to-month,Fiber optic,Electronic check,73.15,1305.95,High
4690-PKDQG,No,1,0.5396038200788806,Female,1,Yes,No,42,Month-to-month,Fiber optic,Electronic check,95.55,3930.6,Medium
3714-XPXBW,No,0,0.11851723090070869,Female,0,No,No,37,Month-to-month,DSL,Credit card (automatic),78.9,2976.95,Low
2575-GFSOE,Yes,1,0.6065668500889031,Female,0,Yes,Yes,7,Month-to-month,Fiber optic,Electronic check,69.0,506.9,High
5527-ACHSO,No,0,0.27274616522745426,Female,0,No,No,11,Month-to-month,DSL,Mailed check,70.5,829.3,Low
9526-JAWYF,Yes,0,0.4175536937771392,Male,0,No,No,26,Month-to-month,Fiber optic,Electronic check,89.8,2335.3,Medium
3756-VNWDH,No,0,0.26019333897055946,Male,1,Yes,No,65,One year,Fiber optic,Electronic check,100.75,6674.65,Low
5485-WUYWF,Yes,0,0.3491854123550133,Male,1,No,No,2,Month-to-month,DSL,Bank transfer (automatic),66.4,94.55,Medium
5740-YHGTW,No,0,0.13506191747416985,Male,0,Yes,Yes,70,Month-to-month,Fiber optic,Credit card (automatic),97.55,6669.05,Low
9837-FWLCH,No,0,0.18552983330308526,Male,0,Yes,Yes,12,Month-to-month,No,Electronic check,19.2,239.0,Low
5647-FXOTP,No,1,0.5219873878561324,Female,1,Yes,No,60,Month-to-month,Fiber optic,Electronic check,105.9,6401.25,Medium
1208-DNHLN,Yes,0,0.14150348593943346,Male,0,Yes,Yes,23,One year,DSL,Credit card (automatic),48.35,1067.15,Low
4713-LZDRV,Yes,1,0.7731493963457744,Female,1,No,No,2,Month-to-month,Fiber optic,Electronic check,79.6,195.05,High
6384-VMJHP,No,0,0.007975455756850472,Female,0,No,No,72,Two year,DSL,Credit card (automatic),73.0,5265.2,Low
7105-BENQF,No,0,0.11121303122060404,Male,0,No,Yes,15,One year,DSL,Mailed check,64.85,950.75,Low
6823-SIDFQ,No,0,0.029092110651085232,Male,0,No,No,28,One year,No,Credit card (automatic),18.25,534.7,Low
8051-HJRLT,Yes,1,0.7395522940249886,Female,1,No,No,1,Month-to-month,Fiber optic,Electronic check,70.55,70.55,High
8671-KKKOS,No,0,0.12045323689201198,Female,0,Yes,No,46,Month-to-month,DSL,Electronic check,45.55,2062.15,Low
0562-KBDVM,No,0,0.0072794153499006935,Female,0,No,No,70,Two year,DSL,Bank transfer (automatic),44.6,3058.15,Low
6896-SRVYQ,No,0,0.28858837570002643,Male,1,No,No,44,Month-to-month,Fiber optic,Electronic check,73.85,3122.4,Low
0181-RITDD,No,0,0.03173193155514512,Male,0,Yes,Yes,62,Two year,Fiber optic,Mailed check,108.15,6825.65,Low
7928-VJYAB,No,1,0.574760518141752,Male,0,Yes,Yes,11,Month-to-month,Fiber optic,Electronic check,90.6,1020.2,Medium
1930-WNXSB,No,0,0.29310120859173444,Male,0,Yes,Yes,58,Month-to-month,Fiber optic,Electronic check,92.85,5305.05,Low
7161-DFHUF,No,0,0.0026560559610553395,Female,0,Yes,No,71,Two year,No,Mailed check,23.85,1672.1,Low
1453-RZFON,No,0,0.2506908099135723,Female,0,No,Yes,1,Month-to-month,DSL,Mailed check,49.9,49.9,Low
9256-JTBNZ,No,0,0.13607979844476578,Female,0,No,No,11,Month-to-month,No,Bank transfer (automatic),20.3,246.3,Low
7517-LDMPS,No,1,0.6297739435227845,Female,0,No,No,12,Month-to-month,Fiber optic,Electronic check,84.6,1017.35,High
1583-IHQZE,Yes,1,0.5619390887576831,Male,0,No,No,12,Month-to-month,Fiber optic,Mailed check,112.95,1384.75,Medium
3565-UNOCC,Yes,1,0.6553240906456053,Female,1,Yes,No,29,Month-to-month,Fiber optic,Bank transfer (automatic),99.05,2952.85,High
8017-UVSZU,No,0,0.11775448605043638,Female,0,Yes,No,40,Month-to-month,DSL,Credit card (automatic),56.6,2379.1,Low
9318-NKNFC,Yes,0,0.2562109365688414,Male,0,No,No,1,Month-to-month,No,Mailed check,18.85,18.85,Low
4282-YMKNA,Yes,1,0.6880331716688602,Female,0,No,No,9,Month-to-month,Fiber optic,Electronic check,74.75,706.6,High
6718-BDGHG,No,0,0.08548197728508576,Female,0,Yes,No,43,One year,DSL,Bank transfer (automatic),64.85,2908.2,Low
3007-FDPEA,No,0,0.26087246199782615,Female,0,No,No,2,Month-to-month,No,Bank transfer (automatic),20.7,39.85,Low
8887-IPQNC,No,0,0.39007287615554137,Female,0,Yes,No,7,Month-to-month,DSL,Mailed check,44.25,313.45,Medium
1568-BEKZM,No,0,0.015896517111278968,Male,1,Yes,No,70,Two year,DSL,Credit card (automatic),90.05,6333.4,Low
6734-GMPVK,No,1,0.6882553772219843,Male,0,No,No,5,Month-to-month,Fiber optic,Electronic check,105.3,550.6,High
6848-YLDFR,No,0,0.035272046269000594,Male,0,Yes,Yes,58,One year,DSL,Credit card (automatic),75.2,4300.8,Low
8898-KASCD,No,0,0.05366637414149596,Male,0,No,No,39,One year,DSL,Mailed check,35.55,1309.15,Low
2607-FBDFF,No,0,0.24369826193370106,Male,0,No,No,1,Month-to-month,DSL,Credit card (automatic),49.0,49.0,Low
6473-ULUHT,No,0,0.2217258839200903,Male,0,Yes,Yes,16,Month-to-month,DSL,Electronic check,84.9,1398.25,Low
5919-VCZYM,No,0,0.18822606087091207,Male,0,No,No,2,Month-to-month,No,Mailed check,20.05,42.7,Low
8873-TMKGR,No,0,0.02977986822171065,Male,0,No,No,29,One year,No,Mailed check,19.1,529.5,Low
1241-FPMOF,No,0,0.004686712716149317,Male,0,No,No,52,Two year,No,Mailed check,19.65,1025.05,Low
4054-CUMIA,No,0,0.11698181051506397,Female,0,Yes,Yes,18,Month-to-month,No,Mailed check,20.25,401.95,Low
5172-RKOCB,No,0,0.04805316221385133,Male,0,Yes,No,72,Two year,Fiber optic,Credit card (automatic),108.95,7875.0,Low
1036-GUDCL,No,0,0.043553982762639214,Male,0,Yes,Yes,60,Month-to-month,DSL,Credit card (automatic),79.05,4663.4,Low
8028-PNXHQ,No,0,0.004719126769020209,Male,0,Yes,Yes,62,Two year,No,Bank transfer (automatic),24.25,1424.6,Low
4550-EVXNY,Yes,1,0.6526097152913767,Female,0,No,Yes,1,Month-to-month,Fiber optic,Electronic check,69.65,69.65,High
4667-QONEA,No,0,0.026902510270473384,Female,1,Yes,Yes,60,One year,DSL,Credit card (automatic),74.85,4456.35,Low
8229-TNIQA,Yes,0,0.42006607133017476,Female,0,No,No,4,Month-to-month,DSL,Mailed check,45.3,196.95,Medium
6746-WAUWT,No,0,0.06416637141373596,Male,0,No,No,19,One year,No,Credit card (automatic),19.7,386.5,Low
6340-DACFT,No,0,0.004489928224215913,Female,0,Yes,Yes,50,Two year,No,Credit card (automatic),20.55,1070.25,Low
9554-DFKIC,No,0,0.15127282436236295,Male,0,Yes,Yes,30,Month-to-month,DSL,Bank transfer (automatic),54.45,1588.7,Low
3295-YVUSR,No,1,0.7095792930105084,Male,1,No,No,2,Month-to-month,Fiber optic,Mailed check,72.6,154.3,High
5875-YPQFJ,Yes,1,0.6773300339838131,Male,0,No,No,1,Month-to-month,Fiber optic,Electronic check,69.9,69.9,High
8745-PVESG,No,0,0.024828357588090384,Female,0,No,No,57,One year,DSL,Credit card (automatic),41.1,2258.25,Low
5546-BYZSM,No,0,0.04211697231611962,Female,0,No,No,41,Month-to-month,No,Electronic check,20.45,775.6,Low
2011-TRQYE,Yes,0,0.33409329074738375,Male,0,No,No,18,Month-to-month,DSL,Credit card (automatic),33.5,600.0,Medium
8808-ELEHO,Yes,1,0.7325048049613648,Male,1,No,No,8,Month-to-month,Fiber optic,Electronic check,81.25,585.95,High
3547-LQRIK,No,0,0.025203279620656736,Female,0,Yes,No,47,One year,No,Electronic check,26.9,1250.85,Low
2683-BPJSO,Yes,0,0.40698045901482616,Male,0,Yes,No,29,Month-to-month,Fiber optic,Electronic check,84.45,2467.1,Medium
3680-CTHUH,No,0,0.13615933553343074,Male,0,No,No,60,One year,Fiber optic,Credit card (automatic),116.6,7049.5,Low
7501-VTYLJ,No,0,0.29329217924720374,Female,0,No,Yes,2,Month-to-month,DSL,Mailed check,51.55,106.2,Low
3148-AOIQT,No,0,0.003960051553848641,Female,0,Yes,No,69,Two year,No,Credit card (automatic),24.95,1718.35,Low
7854-EKTJL,Yes,0,0.28513046801322234,Female,0,No,Yes,2,Month-to-month,No,Electronic check,19.6,35.85,Low
4779-ZGICK,No,0,0.006821041025364559,Male,0,Yes,Yes,48,Two year,No,Mailed check,23.55,1173.35,Low
1984-GPTEH,No,0,0.10002808425844655,Female,0,No,No,29,Month-to-month,No,Electronic check,25.15,702.0,Low
9488-FYQAU,No,0,0.09605871068541799,Female,0,Yes,No,63,Two year,Fiber optic,Bank transfer (automatic),109.25,6841.4,Low
8915-NNTRC,No,0,0.041280133419241756,Male,0,Yes,Yes,72,Two year,Fiber optic,Credit card (automatic),107.7,7919.8,Low
0285-INHLN,No,0,0.11371032730730296,Male,0,Yes,Yes,27,Month-to-month,DSL,Credit card (automatic),54.75,1510.3,Low
1951-IEYXM,No,0,0.013818447345422053,Male,0,Yes,Yes,72,Two year,DSL,Credit card (automatic),90.6,6441.85,Low
9752-ZNQUT,No,0,0.49442493994666664,Female,0,No,No,1,Month-to-month,DSL,Electronic check,48.6,48.6,Medium
2226-ICFDO,No,0,0.01506178099793512,Female,0,Yes,Yes,72,Two year,DSL,Credit card (automatic),85.9,6110.75,Low
0824-VWDPO,No,0,0.15599311157382506,Female,0,No,No,45,One year,Fiber optic,Bank transfer (automatic),96.75,4442.75,Low
4210-QFJMF,Yes,1,0.7122014133853056,Female,0,No,No,4,Month-to-month,Fiber optic,Electronic check,79.15,317.25,High
3508-VLHCZ,No,0,0.01457484488199661,Female,0,Yes,Yes,71,Two year,DSL,Credit card (automatic),90.55,6239.05,Low
7266-GSSJX,No,0,0.19556219389018062,Male,0,Yes,Yes,11,Month-to-month,No,Electronic check,20.45,250.8,Low
3259-KNMRR,No,0,0.0624023286411712,Male,1,No,No,57,Two year,DSL,Bank transfer (automatic),79.75,4438.2,Low
9866-OCCKE,No,0,0.08312521483620924,Female,1,Yes,No,72,Two year,Fiber optic,Mailed check,109.75,8075.35,Low
6997-UVGOX,No,0,0.00776245203339329,Male,0,Yes,Yes,71,Two year,DSL,Bank transfer (automatic),85.45,6029.9,Low
5696-JVVQY,No,0,0.022650294268989537,Female,0,Yes,Yes,48,Two year,DSL,Credit card (automatic),70.1,3238.4,Low
5998-DZLYR,No,0,0.06734375869173495,Female,0,Yes,No,61,Two year,Fiber optic,Bank transfer (automatic),94.35,5703.0,Low
7395-XWZOY,No,0,0.21203753220348973,Male,0,No,No,20,Month-to-month,DSL,Credit card (automatic),55.0,1165.55,Low
9541-PWTWO,No,0,0.048473015962248456,Female,0,No,No,52,Two year,DSL,Bank transfer (automatic),80.95,4233.95,Low
5622-UEJFI,No,0,0.018600381226379224,Female,0,Yes,Yes,35,Two year,No,Credit card (automatic),25.4,949.8,Low
7014-ZZXAW,No,0,0.003537675666512629,Female,0,Yes,No,71,Two year,No,Credit card (automatic),24.25,1732.95,Low
5855-EIBDE,No,0,0.05197960122802611,Female,0,Yes,No,49,Two year,Fiber optic,Credit card (automatic),106.65,5174.35,Low
7608-RGIRO,No,0,0.004578056087555362,Male,0,No,Yes,62,Two year,No,Mailed check,24.4,1413.0,Low
8884-MRNSU,No,0,0.04784276741352398,Male,0,Yes,Yes,17,One year,No,Bank transfer (automatic),19.9,329.75,Low
3214-IYUUQ,No,0,0.05369948131437266,Female,0,Yes,No,61,One year,Fiber optic,Bank transfer (automatic),93.7,5860.7,Low
8646-JCOMS,No,0,0.09298266943088457,Female,0,Yes,No,66,One year,Fiber optic,Bank transfer (automatic),90.55,6130.95,Low
8610-ZIKJJ,No,0,0.10285480241437749,Female,0,Yes,Yes,2,One year,No,Mailed check,20.3,31.9,Low
4195-NZGTA,No,1,0.5842165945966766,Female,0,No,No,1,Month-to-month,DSL,Electronic check,25.25,25.25,Medium
7927-AUXBZ,Yes,0,0.3184537903827958,Female,0,No,No,30,Month-to-month,Fiber optic,Electronic check,85.15,2555.9,Medium
8085-MSNLK,No,0,0.05163244914982059,Female,0,Yes,No,62,Two year,Fiber optic,Mailed check,113.95,6891.4,Low
2985-FMWYF,No,1,0.6959235409645819,Female,0,No,No,23,Month-to-month,Fiber optic,Electronic check,93.5,2341.55,High
2650-GYRYL,No,0,0.029722700698111643,Male,0,Yes,Yes,33,One year,No,Bank transfer (automatic),19.45,600.25,Low
7354-OIJLX,No,1,0.6770971671517727,Male,0,No,No,9,Month-to-month,Fiber optic,Electronic check,75.85,724.65,High
4958-XCBDQ,Yes,1,0.66621073333629,Male,1,No,No,35,Month-to-month,Fiber optic,Electronic check,101.4,3496.3,High
1574-DYCWE,No,0,0.004529186428693972,Female,0,Yes,Yes,51,Two year,No,Mailed check,19.95,1028.75,Low
5789-LDFXO,No,0,0.06852603322776764,Male,0,No,No,24,One year,No,Electronic check,24.6,592.65,Low
4712-AUQZO,No,0,0.22729649182711745,Male,0,No,No,18,Month-to-month,DSL,Mailed check,33.6,550.35,Low
3011-WQKSZ,No,0,0.13525040568881763,Male,0,No,Yes,19,Month-to-month,No,Electronic check,20.0,377.55,Low
1357-BIJKI,No,0,0.32384455994328304,Male,0,Yes,No,50,One year,Fiber optic,Electronic check,98.25,4858.7,Medium
5402-HTOTQ,No,0,0.31410302316689215,Male,0,No,No,16,Month-to-month,DSL,Electronic check,55.3,875.35,Medium
1845-ZLLIG,No,0,0.40517446897554704,Male,0,No,No,1,Month-to-month,DSL,Mailed check,50.15,50.15,Medium
8878-RYUKI,No,0,0.1545604258488206,Female,0,No,No,52,Month-to-month,DSL,Electronic check,59.45,3043.7,Low
3768-VHXQO,No,0,0.002838300431015369,Male,0,Yes,No,67,Two year,No,Credit card (automatic),24.85,1583.5,Low
8410-BGQXN,No,0,0.17315055137181679,Male,0,No,No,4,Month-to-month,No,Mailed check,19.4,93.4,Low
4710-NKCAW,No,0,0.15601649103703863,Male,0,Yes,Yes,5,Month-to-month,DSL,Credit card (automatic),64.4,316.9,Low
8849-PRIQJ,No,0,0.1464514618018472,Female,0,Yes,Yes,67,One year,Fiber optic,Electronic check,109.4,7281.6,Low
8208-EUMTE,No,0,0.06109430851725078,Male,0,No,No,16,Two year,DSL,Mailed check,54.85,916.15,Low
6284-AHOOQ,Yes,0,0.4985144054367644,Male,1,No,No,22,Month-to-month,Fiber optic,Bank transfer (automatic),90.5,1910.6,Medium
2019-HDCZY,No,0,0.1258766210924284,Male,0,Yes,No,63,Two year,Fiber optic,Electronic check,102.6,6296.75,Low
4415-IJZTP,Yes,1,0.7421957844558045,Female,0,No,No,1,Month-to-month,Fiber optic,Electronic check,74.5,74.5,High
6377-KSLXC,No,0,0.16581719733572764,Male,0,No,No,5,Month-to-month,No,Mailed check,19.95,107.05,Low
5306-BVTKJ,No,0,0.04194220247461803,Male,0,Yes,Yes,48,One year,DSL,Credit card (automatic),55.8,2651.2,Low
0480-KYJVA,No,0,0.0020238289246343817,Female,0,Yes,Yes,72,Two year,No,Credit card (automatic),24.25,1784.5,Low
9769-TSBZE,No,0,0.007372321156122569,Female,0,No,Yes,70,Two year,DSL,Electronic check,66.0,4891.5,Low
2977-CEBSX,No,0,0.02069370367771602,Female,0,No,No,66,Two year,DSL,Credit card (automatic),90.05,5965.95,Low
7325-ENZFI,No,0,0.05350286056219008,Female,0,No,No,39,One year,DSL,Bank transfer (automatic),40.3,1630.4,Low
6029-CSMJE,No,0,0.38364934220484664,Male,0,No,No,17,Month-to-month,DSL,Mailed check,25.65,440.2,Medium
4573-JKNAE,No,0,0.030656303359270897,Male,0,No,Yes,12,Two year,No,Bank transfer (automatic),19.35,212.3,Low
0100-DUVFC,No,0,0.2933344924930545,Male,1,Yes,No,70,One year,Fiber optic,Electronic check,104.8,7308.95,Low
3424-NMNBO,Yes,0,0.2920932864866438,Male,1,Yes,No,58,One year,Fiber optic,Electronic check,108.85,6287.25,Low
8166-ORCHU,No,0,0.21556077269933774,Male,1,Yes,No,33,One year,Fiber optic,Electronic check,93.55,3055.5,Low
4063-EIKNQ,No,0,0.11380617860709984,Male,0,Yes,Yes,11,Month-to-month,No,Bank transfer (automatic),20.95,267.35,Low
3373-YZZYM,No,0,0.17267933314959286,Male,0,Yes,Yes,1,Month-to-month,No,Mailed check,19.2,19.2,Low
1222-KJNZD,No,0,0.0378415439517011,Male,0,Yes,Yes,40,Month-to-month,No,Bank transfer (automatic),20.4,745.3,Low
1052-QJIBV,No,0,0.0014752691855505523,Female,0,Yes,Yes,71,Two year,No,Credit card (automatic),19.9,1397.3,Low
0019-EFAEP,No,0,0.058218375809080854,Female,0,No,No,72,Two year,Fiber optic,Bank transfer (automatic),101.3,7261.25,Low
4576-CSAJH,Yes,0,0.08478485721447683,Male,0,No,No,22,One year,DSL,Credit card (automatic),55.15,1193.05,Low
4195-SMMNX,Yes,0,0.1879053999408953,Male,0,No,No,2,Month-to-month,No,Mailed check,20.35,33.2,Low
1952-DVVSW,No,0,0.0821955054842767,Female,0,Yes,No,10,One year,No,Mailed check,20.1,184.4,Low
6504-VBLFL,No,0,0.013637610802753303,Male,0,Yes,No,55,Two year,DSL,Electronic check,58.6,3068.6,Low
6103-QCKFX,No,0,0.03684378185214705,Female,0,Yes,Yes,44,Month-to-month,DSL,Bank transfer (automatic),56.25,2419.55,Low
0096-BXERS,No,0,0.4574408003305002,Female,0,Yes,No,6,Month-to-month,DSL,Electronic check,50.35,314.55,Medium
2121-JAFOM,No,0,0.058578581095020385,Female,0,Yes,No,72,Two year,Fiber optic,Credit card (automatic),115.55,8312.4,Low
5887-IKKYO,No,0,0.05044838918222633,Male,0,Yes,Yes,58,Two year,Fiber optic,Bank transfer (automatic),94.35,5563.65,Low
9795-SHUHB,No,0,0.004996057923935407,Female,0,Yes,Yes,66,Two year,DSL,Credit card (automatic),58.2,3810.8,Low
1932-UEDCX,No,1,0.5780012576764755,Male,1,Yes,No,33,Month-to-month,Fiber optic,Bank transfer (automatic),100.6,3270.25,Medium
0725-CXOTM,No,0,0.11003387236130563,Female,0,No,No,36,One year,DSL,Credit card (automatic),89.65,3348.1,Low
3836-FZSDJ,No,0,0.0034654944382666534,Male,1,Yes,No,71,Two year,No,Bank transfer (automatic),24.85,1901.0,Low
3538-WZPHD,Yes,1,0.5984073401933947,Male,0,No,No,3,Month-to-month,DSL,Electronic check,29.6,79.45,Medium
0825-CPPQH,No,0,0.0017298184865117746,Female,0,Yes,No,71,Two year,No,Credit card (automatic),19.1,1372.45,Low
8076-FEZKJ,No,0,0.07749436252921717,Male,0,No,No,10,One year,No,Mailed check,19.5,225.85,Low
7550-WIQVA,No,0,0.24985360409949153,Male,0,Yes,Yes,50,One year,Fiber optic,Electronic check,108.25,5431.4,Low
8822-KNBHV,No,0,0.08947328153304802,Female,0,No,No,48,One year,DSL,Credit card (automatic),83.45,3887.85,Low
6907-CQGPN,No,0,0.1660305624407454,Male,0,No,No,29,Month-to-month,DSL,Electronic check,34.3,1004.75,Low
1080-BWSYE,No,0,0.00451357714353562,Male,1,Yes,No,64,Two year,No,Credit card (automatic),25.65,1740.8,Low
9851-QXEEQ,Yes,1,0.5576245890538655,Male,0,No,No,41,Month-to-month,Fiber optic,Electronic check,104.7,4346.4,Medium
7956-XQWGU,No,0,0.07491335152594794,Male,0,No,No,27,Month-to-month,No,Credit card (automatic),19.4,460.25,Low
1371-DWPAZ,No,0,0.09431037553532141,Female,0,Yes,Yes,0,Two year,DSL,Credit card (automatic),56.05,0.0,Low
9547-ITEFG,No,1,0.6147317541906449,Male,0,Yes,Yes,9,Month-to-month,Fiber optic,Credit card (automatic),102.6,897.75,High
3345-PBBFH,No,0,0.34138851995889785,Male,0,Yes,No,8,Month-to-month,DSL,Bank transfer (automatic),49.55,393.45,Medium
0003-MKNFE,No,0,0.3886643853843574,Male,0,No,No,9,Month-to-month,DSL,Mailed check,59.9,542.4,Medium
9560-ARGQJ,Yes,1,0.5722045383370814,Female,0,No,Yes,16,Month-to-month,Fiber optic,Electronic check,81.0,1312.15,Medium
5442-BHQNG,No,1,0.6027322694136608,Female,0,No,No,2,Month-to-month,Fiber optic,Electronic check,70.35,139.25,High
2233-FAGXV,No,0,0.24998683826620813,Female,0,Yes,Yes,5,Month-to-month,No,Mailed check,24.3,132.25,Low
7639-OPLNG,No,0,0.011119094362893784,Male,0,Yes,Yes,70,Two year,DSL,Bank transfer (automatic),79.25,5731.85,Low
3842-IYKUE,Yes,0,0.20756994379310695,Female,0,No,No,35,Month-to-month,Fiber optic,Credit card (automatic),85.3,2917.5,Low
3336-JORSO,Yes,1,0.5835975366846581,Female,1,No,No,33,Month-to-month,Fiber optic,Electronic check,110.45,3655.45,Medium
9928-BZVLZ,No,0,0.08630518822297804,Female,0,No,No,12,Two year,DSL,Mailed check,49.85,552.1,Low
6000-UKLWI,No,0,0.008250304313757917,Male,0,No,No,41,Two year,No,Mailed check,20.15,802.35,Low
4010-YLMVT,No,0,0.2947601447488821,Female,0,No,No,56,Month-to-month,Fiber optic,Credit card (automatic),106.6,5893.95,Low
5693-PIPCS,No,0,0.09853941939188597,Male,0,No,No,41,Two year,Fiber optic,Credit card (automatic),99.65,4220.35,Low
7228-PAQPD,No,0,0.11876621845124699,Female,0,No,No,14,One year,DSL,Credit card (automatic),59.1,772.85,Low
4774-HHGGS,No,0,0.014910344147024116,Male,0,Yes,No,30,Two year,No,Mailed check,19.05,637.55,Low
3071-VBYPO,No,0,0.4519619479890485,Male,0,Yes,Yes,3,Month-to-month,Fiber optic,Electronic check,89.85,248.4,Medium
2960-NKRSO,No,0,0.37270352560973236,Male,0,No,No,24,Month-to-month,Fiber optic,Electronic check,85.95,2107.15,Medium
6295-OSINB,No,0,0.10535974502127955,Male,0,Yes,No,72,Two year,Fiber optic,Electronic check,109.65,7880.25,Low
4607-CHPCA,Yes,0,0.3990595501316612,Male,0,Yes,Yes,25,One year,Fiber optic,Electronic check,90.4,2178.6,Medium
2382-BCKQJ,Yes,0,0.2829723776471438,Female,0,No,Yes,62,One year,Fiber optic,Electronic check,100.15,6413.65,Low
4753-PADAS,No,0,0.2086156862920777,Female,0,Yes,No,67,One year,Fiber optic,Bank transfer (automatic),105.7,6816.95,Low
9795-NREXC,No,0,0.0230986835602995,Female,0,Yes,No,64,Two year,DSL,Credit card (automatic),85.0,5484.4,Low
9986-BONCE,Yes,0,0.18376256116914194,Female,0,No,No,4,Month-to-month,No,Bank transfer (automatic),20.95,85.5,Low
0516-VRYBW,Yes,0,0.04806760263008987,Female,0,No,Yes,18,One year,No,Bank transfer (automatic),20.15,390.85,Low
8060-HIWJJ,No,0,0.02049375311840503,Male,0,No,No,64,Two year,DSL,Credit card (automatic),86.55,5632.55,Low
5981-ITEMU,Yes,0,0.48451606400870995,Male,0,Yes,No,40,Month-to-month,Fiber optic,Bank transfer (automatic),97.1,3706.95,Medium
4518-FZBSX,No,0,0.01358006413542624,Male,0,Yes,Yes,42,One year,No,Mailed check,20.25,854.9,Low
9174-IHETN,No,0,0.040179216517934324,Female,0,No,Yes,50,Two year,Fiber optic,Credit card (automatic),70.35,3533.6,Low
5947-SGKCL,No,1,0.6187744570794721,Female,0,Yes,Yes,15,Month-to-month,Fiber optic,Bank transfer (automatic),105.35,1559.25,High
3223-WZWJM,Yes,1,0.605784376262058,Male,0,No,No,26,Month-to-month,Fiber optic,Electronic check,83.95,2254.2,High
5522-NYKPB,No,0,0.3116317654033382,Male,0,Yes,Yes,25,Month-to-month,Fiber optic,Electronic check,85.9,2199.05,Medium
5150-ITWWB,No,1,0.8248520469228932,Male,1,No,No,3,Month-to-month,Fiber optic,Electronic check,94.85,335.75,High
0330-IVZHA,Yes,1,0.5786525547909109,Female,0,Yes,No,5,Month-to-month,Fiber optic,Electronic check,69.95,330.15,Medium
3307-TLCUD,No,0,0.24335551285863372,Male,0,Yes,No,17,Month-to-month,DSL,Mailed check,34.4,592.75,Low
3126-WQMGH,No,0,0.12013791459807298,Female,0,Yes,No,49,Month-to-month,DSL,Credit card (automatic),52.15,2583.75,Low
2673-CXQEU,No,0,0.24672511862898708,Female,1,No,No,56,One year,Fiber optic,Electronic check,110.5,6139.5,Low
1449-XQEMT,Yes,0,0.23745733780490463,Male,0,No,No,3,Month-to-month,No,Mailed check,19.8,58.15,Low
6567-HOOPW,Yes,1,0.7653505436865263,Female,1,No,No,1,Month-to-month,Fiber optic,Electronic check,79.2,79.2,High
9921-ZVRHG,Yes,1,0.6517393863486683,Female,0,No,No,14,Month-to-month,Fiber optic,Electronic check,80.45,1072.0,High
5248-KWLAR,No,0,0.014672562281693821,Male,0,Yes,Yes,71,Two year,DSL,Electronic check,90.35,6325.25,Low
8727-XDPUD,No,0,0.04946761359900127,Male,0,No,No,37,Two year,DSL,Credit card (automatic),35.8,1316.9,Low
2509-TFPJU,No,0,0.002325246515547359,Male,0,Yes,No,72,Two year,No,Credit card (automatic),25.75,1864.2,Low
8966-OIQHG,No,0,0.0398994861810165,Female,0,Yes,Yes,22,One year,No,Bank transfer (automatic),20.75,452.35,Low
4395-PZMSN,No,1,0.7175155234874612,Male,1,No,No,5,Month-to-month,Fiber optic,Electronic check,85.55,408.5,High
2959-EEXWB,No,0,0.16421022967582566,Female,0,Yes,Yes,45,Month-to-month,DSL,Bank transfer (automatic),50.9,2333.85,Low
1552-CZCLL,No,0,0.012355615233359018,Female,0,Yes,Yes,55,Month-to-month,No,Credit card (automatic),20.0,1087.25,Low
0282-NVSJS,No,0,0.3744910864128958,Female,1,Yes,Yes,12,Month-to-month,DSL,Mailed check,29.3,355.9,Medium
9728-FTTVZ,Yes,1,0.6896551746261235,Female,0,No,No,1,Month-to-month,Fiber optic,Electronic check,69.2,69.2,High
8337-MSSXB,Yes,1,0.6156119014536311,Female,0,No,No,14,Month-to-month,Fiber optic,Electronic check,86.3,1180.95,High
4910-GMJOT,Yes,1,0.8034739940502358,Female,0,No,No,1,Month-to-month,Fiber optic,Electronic check,94.6,94.6,High
3090-QFUVD,No,0,0.19279578331491026,Female,0,No,No,1,Month-to-month,No,Credit card (automatic),20.3,20.3,Low
2294-SALNE,No,0,0.1268847901771669,Male,0,Yes,Yes,23,One year,Fiber optic,Mailed check,86.8,1940.8,Low
2535-PBCGC,No,0,0.011479205798605747,Female,0,Yes,No,70,Two year,DSL,Bank transfer (automatic),64.55,4504.9,Low
7326-RIGQZ,No,1,0.5972162394892213,Male,0,Yes,Yes,6,Month-to-month,Fiber optic,Electronic check,69.8,377.85,Medium
9194-GFVOI,No,0,0.03184545502191744,Female,0,Yes,No,42,Two year,DSL,Credit card (automatic),84.35,3571.6,Low
7129-CAKJW,No,0,0.47302975789839363,Female,0,No,No,17,Month-to-month,Fiber optic,Bank transfer (automatic),80.05,1345.65,Medium
1548-ARAGG,No,0,0.31195289693468575,Female,0,Yes,Yes,4,Month-to-month,DSL,Mailed check,58.5,224.85,Medium
9448-REEVD,Yes,0,0.33832303019222376,Male,0,Yes,No,1,Month-to-month,DSL,Credit card (automatic),44.7,44.7,Medium
7245-NIIWQ,No,1,0.6737200775519269,Female,0,No,No,3,Month-to-month,Fiber optic,Electronic check,69.85,199.85,High
2957-JIRMN,No,0,0.17721031997215247,Female,1,No,No,62,One year,Fiber optic,Electronic check,84.45,4959.15,Low
5566-SOEZD,No,0,0.14693656637918495,Male,0,Yes,Yes,27,One year,Fiber optic,Credit card (automatic),80.65,2209.75,Low
3577-AMVUX,No,0,0.26181778593908905,Male,0,No,No,1,Month-to-month,DSL,Mailed check,55.05,55.05,Low
7872-RDDLZ,No,0,0.07237150776070327,Female,1,No,No,67,Month-to-month,DSL,Electronic check,54.9,3725.5,Low
3247-ZVOUO,Yes,1,0.6971671376027281,Male,1,Yes,No,10,Month-to-month,Fiber optic,Electronic check,85.55,851.75,High
3973-SKMLN,No,0,0.0022657323430745452,Male,0,No,No,71,Two year,No,Credit card (automatic),19.9,1355.1,Low
4619-EVPHY,No,0,0.48907487044866504,Female,1,Yes,No,20,One year,Fiber optic,Bank transfer (automatic),91.0,1859.5,Medium
6035-BXTTY,No,0,0.10807819359246083,Female,1,No,No,32,Month-to-month,DSL,Bank transfer (automatic),54.65,1830.1,Low
3420-YJLQT,No,1,0.6329486665510832,Female,0,No,No,2,Month-to-month,Fiber optic,Electronic check,79.55,151.75,High
8063-RJYNF,Yes,1,0.5676788622045069,Male,0,No,No,16,Month-to-month,Fiber optic,Electronic check,94.25,1483.25,Medium
3274-NSDWE,No,0,0.0020713059007050278,Female,0,No,No,68,Two year,No,Credit card (automatic),19.6,1441.65,Low
3351-NGXYI,No,0,0.4054905881214695,Female,1,No,No,16,Month-to-month,DSL,Electronic check,54.1,889.0,Medium
2984-MIIZL,Yes,1,0.5889560488940564,Male,0,No,No,4,Month-to-month,Fiber optic,Bank transfer (automatic),74.8,321.9,Medium
8207-VVMYB,No,0,0.004493935486573656,Female,0,Yes,No,70,Two year,No,Bank transfer (automatic),26.0,2006.95,Low
3170-NMYVV,No,0,0.004710547016261178,Female,0,Yes,Yes,50,Two year,No,Bank transfer (automatic),20.15,930.9,Low
2371-JQHZZ,No,1,0.6674170196808952,Male,0,Yes,No,24,Month-to-month,Fiber optic,Electronic check,93.0,2248.05,High
9369-XFEHK,Yes,0,0.4599137746543808,Female,1,Yes,No,33,Month-to-month,Fiber optic,Bank transfer (automatic),80.6,2656.5,Medium
5825-XJOCM,No,0,0.04470744794540351,Male,0,No,Yes,48,One year,DSL,Bank transfer (automatic),64.4,3035.35,Low
4847-QNOKA,Yes,0,0.45368888231665,Female,0,No,No,1,Month-to-month,DSL,Bank transfer (automatic),44.9,44.9,Medium
3627-FHKBK,Yes,0,0.44180714076187827,Female,0,No,No,1,Month-to-month,Fiber optic,Mailed check,75.3,75.3,Medium
7270-BDIOA,Yes,1,0.533122619534202,Female,0,No,No,22,Month-to-month,Fiber optic,Electronic check,90.0,1993.8,Medium
6094-ZIVKX,No,0,0.01778354747349053,Female,0,No,No,68,One year,DSL,Credit card (automatic),54.45,3674.95,Low
6987-XQSJT,Yes,0,0.361645649373775,Female,1,No,No,54,Month-to-month,Fiber optic,Electronic check,79.5,4370.25,Medium
6234-PFPXL,No,0,0.27853887421922985,Male,0,Yes,No,22,Month-to-month,Fiber optic,Credit card (automatic),95.9,2234.95,Low
7764-BDPEE,No,0,0.15695905392689008,Male,0,No,Yes,3,Month-to-month,No,Mailed check,20.85,60.65,Low
1820-TQVEV,Yes,1,0.6770910585361245,Male,0,No,No,1,Month-to-month,Fiber optic,Electronic check,69.55,69.55,High
4547-FZJWE,No,0,0.02217684046984497,Male,0,Yes,Yes,55,One year,DSL,Credit card (automatic),59.45,3157.0,Low
9518-IMLHK,No,0,0.1051988407316646,Male,0,No,No,31,Month-to-month,DSL,Bank transfer (automatic),72.45,2156.25,Low
0969-RGKCU,No,0,0.015771970456129228,Male,0,Yes,Yes,37,One year,No,Credit card (automatic),19.8,677.05,Low
4929-XIHVW,No,1,0.7196176802365039,Male,1,Yes,No,2,Month-to-month,Fiber optic,Credit card (automatic),95.5,181.65,High
0848-ZGQIJ,No,1,0.5737331841620266,Female,0,Yes,No,16,Month-to-month,Fiber optic,Bank transfer (automatic),94.65,1461.15,Medium
5144-PQCDZ,No,0,0.22727006137780353,Male,0,No,No,4,Month-to-month,No,Mailed check,19.95,59.25,Low
3806-YAZOV,No,0,0.18851458226499326,Female,0,No,No,3,Month-to-month,No,Mailed check,18.8,56.0,Low
4183-MYFRB,No,1,0.5704198029590909,Female,0,No,No,21,Month-to-month,Fiber optic,Electronic check,90.05,1862.9,Medium
2039-JONDJ,No,0,0.05886636343538719,Male,0,No,No,27,One year,DSL,Bank transfer (automatic),55.45,1477.65,Low
8212-CRQXP,No,0,0.4650098625921948,Female,0,Yes,No,22,Month-to-month,Fiber optic,Credit card (automatic),80.0,1706.45,Medium
4566-GOLUK,Yes,0,0.34674577341496327,Male,0,Yes,Yes,47,Month-to-month,Fiber optic,Bank transfer (automatic),107.35,5118.95,Medium
2023-VQFDL,No,0,0.1204182317630264,Male,0,No,No,18,Month-to-month,No,Electronic check,19.0,348.8,Low
7581-EBBOU,No,0,0.03136354394647317,Female,0,No,No,60,One year,DSL,Credit card (automatic),70.15,4224.7,Low
6469-QJKZW,No,0,0.235145005022284,Female,0,Yes,No,4,Month-to-month,No,Electronic check,20.15,91.4,Low
6158-DWPZT,Yes,0,0.268914995114266,Male,0,Yes,No,9,One year,DSL,Bank transfer (automatic),24.1,259.8,Low
2892-GESUL,No,0,0.02395820397660889,Female,0,Yes,Yes,18,Two year,No,Mailed check,19.35,309.25,Low
7693-LCKZL,Yes,1,0.6413814550189809,Male,0,Yes,Yes,5,Month-to-month,Fiber optic,Electronic check,80.15,385.0,High
5533-NHFRF,No,1,0.5559689420467331,Male,1,No,No,7,Month-to-month,DSL,Electronic check,44.4,265.8,Medium
8044-BGWPI,No,0,0.18953158433682393,Male,0,Yes,Yes,12,Month-to-month,No,Electronic check,21.15,306.05,Low
7883-ROJOC,No,0,0.20991963166528319,Female,0,Yes,No,19,Month-to-month,DSL,Mailed check,44.9,839.65,Low
5666-MBJPT,No,0,0.005085933433804954,Male,0,No,No,65,Two year,No,Bank transfer (automatic),25.1,1725.0,Low
2696-ECXKC,No,0,0.13554061415343638,Female,0,Yes,Yes,55,One year,Fiber optic,Mailed check,100.9,5448.6,Low
7605-BDWDC,No,0,0.05024228227505672,Female,0,No,No,31,Two year,DSL,Bank transfer (automatic),49.85,1520.1,Low
5774-QPLTF,No,0,0.012449968894438408,Male,0,Yes,Yes,50,One year,No,Mailed check,20.35,938.95,Low
9972-VAFJJ,No,0,0.1824656149589417,Female,1,Yes,No,53,One year,Fiber optic,Electronic check,94.0,4871.45,Low
3372-CDXFJ,No,0,0.07587971038586551,Male,0,Yes,Yes,13,One year,No,Bank transfer (automatic),24.5,343.6,Low
0206-OYVOC,No,0,0.008101948524238109,Female,0,Yes,Yes,46,Two year,No,Mailed check,19.25,864.2,Low
1017-FBQMM,No,0,0.14246181983261075,Female,0,Yes,Yes,62,One year,Fiber optic,Credit card (automatic),106.05,6703.5,Low
4322-RCYMT,Yes,0,0.03360309321467912,Male,0,Yes,Yes,68,One year,DSL,Bank transfer (automatic),75.8,5293.95,Low
1657-DYMBM,No,0,0.00425945666383259,Male,0,Yes,No,53,Two year,No,Credit card (automatic),19.9,1110.05,Low
6923-JHPMP,No,1,0.597209753290076,Female,0,No,No,2,Month-to-month,Fiber optic,Electronic check,80.45,137.1,Medium
5397-NSKQG,No,0,0.011971244451357626,Male,0,Yes,Yes,67,Two year,DSL,Credit card (automatic),50.9,3281.65,Low
6211-WWLTF,No,0,0.04917876991382087,Male,0,Yes,No,63,Two year,Fiber optic,Credit card (automatic),99.7,6330.4,Low
0401-WDBXM,No,0,0.07065801742577749,Male,0,Yes,Yes,72,Two year,Fiber optic,Bank transfer (automatic),105.55,7542.25,Low
9522-BNTHX,No,0,0.4467086644356571,Female,1,No,No,34,Month-to-month,DSL,Electronic check,56.25,1765.95,Medium
3120-FAZKD,No,0,0.00704108284695621,Male,0,Yes,Yes,54,Two year,No,Bank transfer (automatic),24.05,1230.9,Low
9778-OGKQZ,No,0,0.01818055847020971,Male,0,Yes,No,72,Two year,DSL,Credit card (automatic),92.0,6782.15,Low
4488-PSYCG,Yes,0,0.10231049638202463,Male,0,No,No,16,Month-to-month,No,Bank transfer (automatic),20.25,327.45,Low
3855-ONCAR,No,1,0.5925377938484488,Female,0,Yes,Yes,4,Month-to-month,Fiber optic,Mailed check,78.9,299.75,Medium
8670-ERCJH,No,0,0.04068350932022704,Male,0,No,No,72,Two year,Fiber optic,Bank transfer (automatic),113.4,8164.1,Low
5650-YLIBA,No,0,0.4829076127721519,Male,0,No,No,31,Month-to-month,Fiber optic,Electronic check,81.15,2640.55,Medium
2897-DOVND,No,1,0.669770916683692,Male,0,No,No,2,Month-to-month,Fiber optic,Electronic check,69.8,146.65,High
0406-BPDVR,Yes,0,0.29161518348904325,Female,1,Yes,No,54,One year,Fiber optic,Credit card (automatic),101.5,5373.1,Low
5896-NPFWW,Yes,0,0.45779266438714644,Male,0,Yes,Yes,3,Month-to-month,DSL,Electronic check,50.15,168.15,Medium
7619-PLRLP,No,0,0.04723198115321398,Female,0,Yes,No,53,One year,DSL,Bank transfer (automatic),74.1,3833.95,Low
4759-TRPLW,Yes,1,0.5973376497243797,Male,0,No,No,1,Month-to-month,Fiber optic,Electronic check,70.4,70.4,Medium
3969-JQABI,No,0,0.05890515860164911,Female,0,Yes,No,58,Month-to-month,DSL,Credit card (automatic),65.25,3791.6,Low
2525-GVKQU,No,0,0.0032092795205456996,Female,0,No,No,60,Two year,No,Mailed check,20.6,1093.0,Low
9847-HNVGP,No,0,0.05444713982603033,Male,0,No,No,17,One year,No,Mailed check,19.95,310.6,Low
2195-ZRVAX,Yes,0,0.40173471512672226,Female,0,Yes,No,47,Month-to-month,Fiber optic,Electronic check,85.3,4045.65,Medium
0089-IIQKO,No,0,0.3454263144011016,Female,0,Yes,Yes,39,Month-to-month,Fiber optic,Credit card (automatic),99.95,3767.4,Medium
7752-XUSCI,Yes,0,0.45750379449909506,Female,0,No,No,60,Month-to-month,Fiber optic,Electronic check,105.9,6396.45,Medium
3721-WKIIL,No,0,0.02539990672523062,Female,0,No,No,27,Two year,No,Mailed check,19.6,561.15,Low
3934-HXCFZ,Yes,1,0.5082396356288147,Male,0,Yes,No,23,Month-to-month,Fiber optic,Electronic check,99.25,2186.4,Medium
3308-MHOOC,No,0,0.22547405259400408,Male,0,No,Yes,1,Month-to-month,No,Mailed check,19.2,19.2,Low
4952-YSOGZ,Yes,1,0.7376993975510565,Female,0,Yes,Yes,4,Month-to-month,Fiber optic,Electronic check,85.95,381.3,High
6772-KSATR,Yes,1,0.6514401307990554,Male,0,No,No,1,Month-to-month,Fiber optic,Electronic check,81.7,81.7,High
5619-PTMIK,No,0,0.09896483235142567,Female,0,Yes,No,46,Month-to-month,DSL,Electronic check,53.1,2459.8,Low
3967-KXAPS,No,0,0.012664487287444237,Male,0,Yes,No,72,Two year,DSL,Credit card (automatic),92.3,6719.9,Low
2700-LUEVA,No,0,0.1839659885079676,Male,0,No,No,1,Month-to-month,No,Credit card (automatic),20.75,20.75,Low
4404-HIBDJ,Yes,0,0.05802003850472858,Female,0,No,No,25,One year,DSL,Mailed check,74.3,1863.8,Low
2725-TTRIQ,No,0,0.015809753518603753,Female,0,Yes,Yes,72,Two year,DSL,Bank transfer (automatic),84.2,5986.55,Low
2332-EFBJY,Yes,0,0.13807845722924214,Male,0,No,No,16,Month-to-month,No,Mailed check,19.7,342.4,Low
2483-XSSMZ,No,0,0.07494046779693982,Female,0,No,No,39,One year,DSL,Electronic check,47.85,1886.4,Low
1784-EZDKJ,No,0,0.29489485930276116,Male,0,Yes,No,51,One year,Fiber optic,Bank transfer (automatic),106.8,5498.8,Low
7225-IILWY,No,0,0.0025389748654049593,Male,0,Yes,Yes,68,Two year,No,Mailed check,25.75,1686.15,Low
6522-YRBXD,No,1,0.5000836689344165,Male,1,Yes,No,35,Month-to-month,Fiber optic,Electronic check,94.55,3365.4,Medium
4119-ZYPZY,No,0,0.11882386631731318,Male,1,No,No,71,Two year,Fiber optic,Electronic check,106.8,7623.2,Low
6849-OYAMU,Yes,0,0.20215269816239825,Male,0,Yes,Yes,19,One year,Fiber optic,Bank transfer (automatic),100.0,1888.65,Low
4625-EWPTF,Yes,0,0.4765393975357127,Male,0,No,No,8,Month-to-month,DSL,Electronic check,30.45,226.45,Medium
4697-LUPSU,No,0,0.0975751042628382,Male,0,Yes,Yes,2,One year,No,Mailed check,20.2,34.75,Low
0979-PHULV,Yes,0,0.27347450659462413,Male,0,Yes,Yes,69,Month-to-month,Fiber optic,Credit card (automatic),99.45,7007.6,Low
5922-ABDVO,Yes,1,0.5282301792768271,Female,0,Yes,No,19,Month-to-month,Fiber optic,Mailed check,89.65,1761.05,Medium
0238-WHBIQ,No,0,0.009463027282592802,Male,0,Yes,Yes,72,Two year,DSL,Credit card (automatic),89.7,6339.3,Low
1240-KNSEZ,Yes,0,0.2569556903140293,Male,0,No,No,1,Month-to-month,No,Mailed check,20.1,20.1,Low
9885-AIBVB,No,1,0.5025673444072565,Male,0,Yes,No,29,Month-to-month,Fiber optic,Electronic check,85.8,2440.25,Medium
8277-RVRSV,No,0,0.027918757449846808,Female,0,Yes,Yes,33,One year,No,Credit card (automatic),24.15,800.3,Low
0151-ONTOV,Yes,1,0.5368794861185816,Female,0,No,No,1,Month-to-month,Fiber optic,Mailed check,70.9,70.9,Medium
0956-SYCWG,No,0,0.09298235422826716,Female,0,No,No,13,One year,No,Electronic check,19.65,244.8,Low
5914-DVBWJ,Yes,1,0.5462308015658756,Female,1,No,No,18,Month-to-month,Fiber optic,Electronic check,85.45,1505.85,Medium
4538-WNTMJ,No,0,0.016208273010875553,Female,0,Yes,Yes,46,One year,No,Mailed check,24.95,1165.9,Low
2239-JALAW,Yes,0,0.2419346993324875,Male,0,No,No,58,One year,Fiber optic,Bank transfer (automatic),103.25,6017.65,Low
9058-MJLZC,No,1,0.529307142645788,Female,0,No,No,24,Month-to-month,Fiber optic,Electronic check,94.6,2283.15,Medium
8769-KKTPH,No,0,0.143740421764618,Female,0,Yes,Yes,63,One year,Fiber optic,Credit card (automatic),99.65,6311.2,Low
8468-FZTOE,No,0,0.010020211492365488,Female,0,Yes,Yes,72,Two year,DSL,Electronic check,74.35,5237.4,Low
7446-YPODE,No,0,0.27013607333798767,Male,1,No,No,11,Month-to-month,DSL,Bank transfer (automatic),60.25,662.95,Low
1194-HVAIF,No,0,0.479245574089702,Female,0,Yes,No,27,Month-to-month,Fiber optic,Credit card (automatic),95.0,2462.55,Medium
0744-GKNGE,No,0,0.09702753554043096,Female,0,Yes,Yes,64,Month-to-month,Fiber optic,Bank transfer (automatic),86.8,5327.25,Low
0164-XAIRP,No,0,0.029579820514236268,Female,0,No,No,24,Two year,No,Bank transfer (automatic),19.55,470.2,Low
2253-KPMNB,No,0,0.004795048852436961,Female,0,Yes,Yes,69,Two year,DSL,Bank transfer (automatic),46.25,3121.4,Low
9715-WZCLW,No,0,0.08032288378547658,Male,0,Yes,Yes,71,Two year,Fiber optic,Electronic check,97.2,6910.3,Low
7611-YKYTC,No,0,0.2337930487252675,Male,0,Yes,Yes,22,Month-to-month,Fiber optic,Bank transfer (automatic),75.0,1573.95,Low
6127-ISGTU,Yes,1,0.6792177050333184,Female,0,Yes,No,16,Month-to-month,Fiber optic,Electronic check,84.95,1378.25,High
3230-JCNZS,No,0,0.04565540754715439,Female,0,Yes,Yes,71,Two year,Fiber optic,Credit card (automatic),99.0,7061.65,Low
9601-BRXPO,Yes,1,0.5177028158950902,Female,0,Yes,No,25,Month-to-month,Fiber optic,Bank transfer (automatic),104.95,2566.5,Medium
0839-QNXME,No,0,0.014119194963323698,Female,0,No,No,30,Two year,No,Credit card (automatic),19.4,578.5,Low
7854-FOKSF,Yes,1,0.6202435468343376,Male,0,No,No,1,Month-to-month,DSL,Electronic check,35.9,35.9,High
9758-MFWGD,No,0,0.05191802049355068,Female,1,Yes,Yes,48,One year,DSL,Bank transfer (automatic),29.9,1388.75,Low
4973-MGTON,No,0,0.012277383288794727,Female,0,Yes,No,71,Two year,DSL,Credit card (automatic),84.4,5969.3,Low
0639-TSIQW,Yes,0,0.19903670435683496,Female,0,No,No,67,Month-to-month,Fiber optic,Credit card (automatic),102.95,6886.25,Low
5803-NQJZO,No,0,0.00764954898764988,Male,0,Yes,No,72,Two year,DSL,Bank transfer (automatic),67.8,4804.65,Low
5075-JSDKI,No,0,0.006718748609068474,Female,0,No,No,59,Two year,No,Electronic check,24.45,1493.1,Low
4831-EOBFE,Yes,0,0.2673227941268783,Male,0,Yes,Yes,29,Month-to-month,Fiber optic,Credit card (automatic),94.65,2649.15,Low
1142-IHLOO,No,0,0.14993850494934802,Female,0,No,No,51,One year,Fiber optic,Credit card (automatic),87.55,4475.9,Low
7670-ZBPOQ,No,0,0.02714199782272328,Female,0,Yes,No,58,One year,DSL,Bank transfer (automatic),61.05,3478.75,Low
8563-IIOXK,Yes,0,0.20586382645143772,Male,0,Yes,Yes,7,One year,DSL,Electronic check,49.75,331.3,Low
7173-TETGO,No,0,0.03176746975573198,Female,1,Yes,No,72,Two year,Fiber optic,Bank transfer (automatic),78.5,5602.25,Low
2424-WVHPL,No,1,0.5472499874633354,Male,1,No,No,1,Month-to-month,Fiber optic,Electronic check,74.7,74.7,Medium
4315-MURBD,Yes,0,0.4276904649193819,Female,0,No,No,12,Month-to-month,Fiber optic,Bank transfer (automatic),98.9,1120.95,Medium
7789-HKSBS,No,0,0.35771913566147956,Female,1,Yes,No,42,One year,Fiber optic,Bank transfer (automatic),105.2,4599.15,Medium
3317-HRTNN,Yes,1,0.6788566021940283,Female,1,No,No,5,Month-to-month,DSL,Electronic check,45.7,198.0,High
1029-QFBEN,Yes,0,0.19587529360370567,Male,0,No,No,1,Month-to-month,No,Mailed check,19.55,19.55,Low
6475-VHUIZ,No,0,0.17246838940645964,Female,0,Yes,No,23,Month-to-month,DSL,Electronic check,54.25,1221.55,Low
2959-FENLU,No,1,0.595131473476692,Female,0,No,No,9,Month-to-month,Fiber optic,Credit card (automatic),85.3,781.4,Medium
7483-IQWIB,No,0,0.453056960763323,Male,0,Yes,Yes,37,Month-to-month,Fiber optic,Electronic check,92.95,3415.25,Medium
4817-VYYWS,Yes,1,0.6216553231927816,Female,0,No,No,30,Month-to-month,Fiber optic,Electronic check,100.2,2983.8,High
5640-CAXOA,No,0,0.13400309820713266,Female,0,No,No,30,One year,DSL,Credit card (automatic),40.35,1187.05,Low
4412-YLTKF,Yes,1,0.6077727833471497,Female,1,No,No,27,Month-to-month,Fiber optic,Electronic check,78.05,2135.5,High
9253-VIFJQ,No,0,0.019852299220798394,Male,0,Yes,No,65,One year,DSL,Credit card (automatic),67.05,4309.55,Low
6682-VCIXC,No,0,0.04954581466503458,Female,0,Yes,Yes,43,One year,DSL,Bank transfer (automatic),51.25,2151.6,Low
0581-MDMPW,No,1,0.5262234699873463,Female,0,No,No,24,Month-to-month,Fiber optic,Credit card (automatic),88.95,2072.75,Medium
8181-YHCMF,No,0,0.01285511103890462,Female,0,Yes,Yes,68,Two year,DSL,Credit card (automatic),60.3,4109.0,Low
5583-SXDAG,Yes,1,0.6008794889243984,Male,0,Yes,No,1,Month-to-month,Fiber optic,Electronic check,70.0,70.0,High
2429-AYKKO,No,0,0.001696758307935257,Male,0,No,No,72,Two year,No,Bank transfer (automatic),19.85,1434.1,Low
6910-HADCM,Yes,1,0.614916868547407,Female,0,No,No,1,Month-to-month,Fiber optic,Electronic check,76.35,76.35,High
2055-PDADH,Yes,1,0.7249257157683024,Female,1,No,No,3,Month-to-month,Fiber optic,Electronic check,70.4,204.7,High
5811-IWXYM,No,0,0.2105965394121007,Female,0,Yes,Yes,52,One year,Fiber optic,Bank transfer (automatic),101.25,5301.1,Low
0334-ZFJSR,No,0,0.02575128747466156,Female,0,Yes,No,55,One year,DSL,Credit card (automatic),66.05,3462.1,Low
0730-KOAVE,No,0,0.3614976592685189,Male,0,No,No,30,Month-to-month,Fiber optic,Credit card (automatic),94.3,2679.7,Medium
0121-SNYRK,No,0,0.03188506579606908,Male,0,No,No,50,One year,DSL,Mailed check,35.4,1748.9,Low
8573-CGOCC,No,0,0.09314668290291901,Male,0,No,No,16,Month-to-month,No,Credit card (automatic),19.75,294.9,Low
4654-DLAMQ,No,0,0.10332301776873026,Female,1,Yes,No,64,One year,Fiber optic,Bank transfer (automatic),97.0,6430.9,Low
3587-PMCOY,No,0,0.47291998398262775,Male,0,No,No,10,One year,Fiber optic,Electronic check,98.9,1064.95,Medium
5296-BFCYD,No,0,0.00783121649707273,Male,0,Yes,Yes,46,Two year,No,Mailed check,20.1,936.85,Low
7250-EQKIY,Yes,0,0.3349317117244948,Female,0,Yes,Yes,1,Month-to-month,DSL,Mailed check,50.45,50.45,Medium
1707-HABPF,No,0,0.23399565647961285,Female,1,No,No,46,One year,Fiber optic,Bank transfer (automatic),91.3,4126.35,Low
3807-BPOMJ,No,0,0.20742278842611903,Female,0,Yes,No,55,One year,Fiber optic,Electronic check,94.75,5276.1,Low
9054-FOWNV,No,1,0.5837061260739715,Male,0,Yes,Yes,22,Month-to-month,Fiber optic,Electronic check,88.75,1885.15,Medium
4623-ZKHLY,No,0,0.10820696069558608,Male,0,Yes,No,22,Month-to-month,No,Bank transfer (automatic),20.45,471.55,Low
3397-AVTKU,No,0,0.055447833401339755,Male,0,No,No,43,Two year,DSL,Electronic check,60.0,2548.55,Low
5813-UECBU,Yes,0,0.4243891223966329,Male,1,No,No,33,Month-to-month,Fiber optic,Credit card (automatic),83.85,2716.3,Medium
2446-ZKVAF,No,0,0.23088960231153308,Male,0,Yes,No,18,Month-to-month,DSL,Credit card (automatic),56.8,1074.65,Low
0603-TPMIB,No,0,0.004315060015254014,Female,0,Yes,Yes,59,Two year,No,Mailed check,25.45,1534.05,Low
2868-MZAGQ,Yes,1,0.7205332735538196,Male,0,No,No,1,Month-to-month,Fiber optic,Electronic check,79.25,79.25,High
9895-VFOXH,No,1,0.5075312410122189,Female,0,No,No,1,Month-to-month,DSL,Mailed check,24.4,24.4,Medium
1257-SXUXQ,No,0,0.14469030329723442,Male,0,Yes,Yes,5,Month-to-month,No,Mailed check,19.45,86.05,Low
8276-MQBYC,Yes,1,0.5483406476722561,Male,1,No,No,51,Month-to-month,Fiber optic,Electronic check,97.8,4913.3,Medium
9114-VEPUF,No,0,0.12583335164612144,Male,0,Yes,No,62,One year,Fiber optic,Electronic check,96.1,6001.45,Low
5294-CDGWY,Yes,0,0.06866182784265326,Male,0,Yes,Yes,51,One year,DSL,Electronic check,59.3,3014.65,Low
3034-ZBEQN,Yes,0,0.05159422226871874,Female,0,Yes,No,48,One year,DSL,Mailed check,34.7,1604.5,Low
0303-UNCIP,No,0,0.09229881335583473,Male,0,No,No,41,One year,DSL,Mailed check,65.0,2531.8,Low
5729-KLZAR,Yes,1,0.5997195120305787,Female,0,Yes,Yes,4,Month-to-month,Fiber optic,Electronic check,80.85,302.75,Medium
3744-ZRRDZ,Yes,1,0.5670196059103715,Male,0,No,No,21,Month-to-month,Fiber optic,Electronic check,82.35,1852.85,Medium
6339-YPSAH,No,1,0.6182039637948926,Male,0,No,No,9,Month-to-month,Fiber optic,Electronic check,73.8,704.3,High
2220-IAHLS,No,0,0.19235867357155748,Female,0,No,No,1,Month-to-month,No,Credit card (automatic),19.4,19.4,Low
2958-NHPPS,No,0,0.09674580264492501,Male,0,No,No,23,Month-to-month,No,Electronic check,20.85,473.9,Low
8029-XYPWT,No,0,0.07323936674594282,Male,1,Yes,No,71,Two year,Fiber optic,Bank transfer (automatic),115.05,8016.6,Low
2141-RRYGO,Yes,0,0.4795900414348225,Female,0,No,No,4,Month-to-month,DSL,Bank transfer (automatic),68.65,261.25,Medium
4385-ZKVNW,No,0,0.06378290426837185,Male,0,Yes,Yes,44,Month-to-month,DSL,Bank transfer (automatic),54.9,2549.1,Low
6874-SGLHU,No,0,0.33053250731892136,Male,0,No,No,30,One year,Fiber optic,Bank transfer (automatic),97.0,3021.3,Medium
8020-BWHYL,Yes,1,0.5119454342984281,Female,1,No,No,15,Month-to-month,Fiber optic,Credit card (automatic),75.3,1147.45,Medium
8224-UAXBZ,No,0,0.05765265916623666,Female,0,Yes,No,58,One year,DSL,Electronic check,45.35,2540.1,Low
9953-ZMKSM,No,0,0.0037908442412277386,Male,0,No,No,63,Two year,No,Mailed check,25.25,1559.3,Low
0967-BMLBD,No,0,0.09211988077840111,Female,0,Yes,Yes,11,One year,No,Mailed check,20.0,196.35,Low
9851-KIELU,Yes,0,0.48015566685232675,Male,0,No,No,10,Month-to-month,Fiber optic,Electronic check,110.1,1043.3,Medium
5569-IDSEY,No,0,0.19451420587120363,Male,0,Yes,No,71,One year,Fiber optic,Bank transfer (automatic),105.7,7472.15,Low
9289-LBQVU,No,0,0.03793598725151706,Male,0,Yes,No,64,One year,DSL,Mailed check,70.15,4480.7,Low
0298-XACET,No,0,0.01663250961661456,Male,0,Yes,Yes,52,Two year,DSL,Mailed check,50.2,2554.0,Low
3165-HDOEW,Yes,0,0.3997075499922493,Male,0,Yes,Yes,1,Month-to-month,DSL,Mailed check,45.85,45.85,Medium
3719-TDVQB,No,0,0.008086816647543325,Female,1,Yes,No,54,Two year,No,Mailed check,18.95,1031.1,Low
3865-ZFZIB,No,0,0.025213024086151312,Male,0,No,No,19,Two year,No,Mailed check,19.65,358.15,Low
9717-QEBGU,No,1,0.6699004173897108,Male,0,No,No,2,Month-to-month,Fiber optic,Electronic check,70.3,144.0,High
4615-PIVVU,No,0,0.02436479771199215,Female,0,No,No,42,Two year,DSL,Credit card (automatic),66.5,2762.75,Low
1989-PRJHP,Yes,1,0.5785602404153252,Male,1,Yes,No,27,Month-to-month,Fiber optic,Electronic check,75.5,1893.95,Medium
6242-FEGFD,No,0,0.02453458326672327,Male,0,Yes,No,66,Two year,Fiber optic,Mailed check,96.6,6424.25,Low
2657-ALMWY,Yes,0,0.4968020100321503,Female,1,Yes,No,26,Month-to-month,Fiber optic,Electronic check,84.95,2169.75,Medium
5351-QESIO,No,0,0.4504021710121,Male,0,No,Yes,1,Month-to-month,DSL,Mailed check,24.2,24.2,Medium
3229-USWAR,No,0,0.08753117176385397,Female,0,No,No,34,One year,DSL,Bank transfer (automatic),79.95,2727.3,Low
9163-GHAYE,No,0,0.2754004910481793,Female,0,No,No,15,Month-to-month,DSL,Electronic check,48.85,736.8,Low
6112-KTHFQ,No,0,0.16531416859492612,Female,0,No,No,13,Month-to-month,No,Mailed check,19.3,279.3,Low
7131-ZQZNK,No,0,0.013501908775278028,Female,0,Yes,Yes,60,Two year,DSL,Credit card (automatic),59.85,3590.2,Low
3779-OSWCF,No,0,0.01334908179745832,Female,0,Yes,No,71,Two year,DSL,Credit card (automatic),93.2,6506.15,Low
1407-DIGZV,No,0,0.05120409607753523,Female,0,Yes,Yes,3,Two year,No,Mailed check,19.1,52.0,Low
6859-RKMZJ,No,0,0.3791666592688558,Male,0,Yes,No,11,Month-to-month,DSL,Bank transfer (automatic),55.05,608.15,Medium
9861-PDSZP,No,0,0.07073145989944342,Female,0,No,No,72,Two year,Fiber optic,Credit card (automatic),108.05,7806.6,Low
6982-SSHFK,Yes,0,0.35285060240663857,Male,0,No,No,1,Month-to-month,DSL,Mailed check,44.4,44.4,Medium
8564-LDKFL,No,0,0.3438054096229313,Male,0,Yes,No,40,One year,Fiber optic,Bank transfer (automatic),106.0,4178.65,Medium
0030-FNXPP,No,0,0.18902393577422752,Female,0,No,No,3,Month-to-month,No,Mailed check,19.85,57.2,Low
1555-DJEQW,Yes,0,0.050964605885117316,Female,0,Yes,Yes,70,Two year,Fiber optic,Bank transfer (automatic),114.2,7723.9,Low
3961-SXAXY,No,0,0.43841493456226344,Male,0,No,No,1,Month-to-month,DSL,Bank transfer (automatic),44.05,44.05,Medium
4110-PFEUZ,Yes,1,0.5358308768286139,Female,0,No,No,1,Month-to-month,Fiber optic,Mailed check,69.55,69.55,Medium
8747-UDCOI,No,0,0.002641465717498655,Female,0,Yes,No,65,Two year,No,Bank transfer (automatic),19.35,1319.95,Low
4525-VZCZG,No,0,0.12690588842966646,Male,0,No,Yes,54,One year,Fiber optic,Electronic check,105.85,5826.65,Low
0218-QNVAS,No,0,0.1129975607175611,Male,0,Yes,Yes,71,One year,Fiber optic,Bank transfer (automatic),100.55,7113.75,Low
8314-HTWVE,No,0,0.042280100427252366,Female,0,Yes,Yes,7,Two year,No,Mailed check,19.85,144.15,Low
9495-REDIY,No,0,0.1332655629832912,Male,0,No,Yes,25,One year,DSL,Credit card (automatic),40.65,970.55,Low
9430-NKQLY,No,0,0.002713351775833805,Male,0,Yes,Yes,72,Two year,No,Credit card (automatic),25.1,1790.8,Low
5931-FLJJF,Yes,1,0.6148190656156608,Male,1,Yes,No,7,Month-to-month,Fiber optic,Mailed check,70.1,467.55,High
4844-JJWUY,Yes,1,0.7547654050121501,Female,1,No,No,1,Month-to-month,Fiber optic,Electronic check,86.0,86.0,High
8665-UTDHZ,Yes,0,0.4997330411156803,Male,0,Yes,Yes,1,Month-to-month,DSL,Electronic check,30.2,30.2,Medium
1093-YSWCA,No,0,0.035057160062609026,Male,0,No,No,11,Two year,No,Credit card (automatic),19.55,223.15,Low
2606-RMDHZ,Yes,0,0.46985383878830933,Male,0,No,No,6,Month-to-month,DSL,Credit card (automatic),30.5,208.7,Medium
5899-MQZZL,Yes,1,0.585050380320286,Female,0,No,No,13,Month-to-month,Fiber optic,Mailed check,75.0,999.45,Medium
5307-UVGNB,No,0,0.09060645453474134,Female,0,Yes,Yes,53,Month-to-month,DSL,Bank transfer (automatic),48.7,2495.2,Low
4389-UEFCZ,No,0,0.11388354418599182,Female,0,Yes,No,72,Two year,Fiber optic,Electronic check,105.5,7544.0,Low
2868-LLSKM,No,0,0.06289044689934876,Female,0,Yes,Yes,68,One year,Fiber optic,Bank transfer (automatic),83.65,5733.4,Low
7030-NJVDP,No,0,0.36953448268443895,Male,0,Yes,No,24,Month-to-month,Fiber optic,Electronic check,89.25,2210.2,Medium
7356-AYNJP,No,0,0.175354361602909,Female,0,No,No,4,One year,No,Electronic check,23.9,97.5,Low
2550-AEVRU,No,0,0.021374524200774615,Female,0,Yes,Yes,57,One year,DSL,Electronic check,53.45,3053.0,Low
0511-JTEOY,Yes,1,0.5370348081312027,Female,0,No,No,1,Month-to-month,Fiber optic,Mailed check,71.1,71.1,Medium
8937-RDTHP,Yes,1,0.5649148280830645,Male,0,No,No,1,Month-to-month,Fiber optic,Mailed check,84.6,84.6,Medium
0689-DSXGL,No,0,0.1034155472134997,Female,0,Yes,Yes,52,Month-to-month,Fiber optic,Bank transfer (automatic),85.8,4433.3,Low
0307-BCOPK,No,0,0.060936589380786846,Female,0,No,No,16,One year,No,Mailed check,19.05,326.65,Low
3012-VFFMN,No,0,0.14094048930770073,Female,0,Yes,Yes,7,Month-to-month,No,Mailed check,20.65,158.95,Low
5996-NRVXR,No,0,0.14033978626736002,Male,1,Yes,No,40,One year,Fiber optic,Credit card (automatic),98.15,4116.8,Low
5143-EGQFK,Yes,1,0.5111172786036827,Female,1,No,No,10,Month-to-month,DSL,Electronic check,29.65,291.4,Medium
1452-UZOSF,No,0,0.030911238300486855,Male,0,Yes,Yes,72,Two year,Fiber optic,Credit card (automatic),106.1,7548.6,Low
5296-PSYVW,No,0,0.003496523040097664,Female,0,Yes,No,72,Two year,No,Electronic check,24.55,1750.7,Low
6923-AQONU,No,0,0.017870776021237808,Male,0,Yes,Yes,23,Two year,No,Mailed check,20.9,454.0,Low
5090-EMGTC,No,0,0.07339481140597331,Female,0,Yes,No,59,Two year,Fiber optic,Mailed check,100.05,6034.85,Low
4905-JEFDW,Yes,0,0.43409843263058406,Male,0,No,No,11,One year,DSL,Electronic check,41.6,470.6,Medium
9408-SSNVZ,Yes,1,0.6657996868399265,Female,0,No,No,4,Month-to-month,Fiber optic,Electronic check,70.15,268.35,High
5168-MSWXT,No,1,0.6792768159380805,Male,0,Yes,Yes,8,Month-to-month,Fiber optic,Electronic check,94.75,759.55,High
1470-PSXNM,No,0,0.24122035992290308,Male,0,Yes,Yes,49,One year,Fiber optic,Electronic check,93.65,4520.15,Low
7293-LSCDV,No,0,0.0035936961082774976,Female,0,Yes,Yes,60,Two year,No,Credit card (automatic),19.25,1103.25,Low
6925-BAYGL,No,0,0.0077986465552087976,Female,1,Yes,No,53,Two year,No,Credit card (automatic),25.1,1275.6,Low
1767-CJKBA,No,0,0.0033263447526694166,Male,0,No,No,66,Two year,No,Mailed check,25.1,1697.7,Low
8816-VXNZD,Yes,1,0.7425542147794658,Female,0,No,No,1,Month-to-month,Fiber optic,Electronic check,75.1,75.1,High
0674-EYYZV,No,1,0.5627327763721892,Female,0,No,No,1,Month-to-month,DSL,Electronic check,54.65,54.65,Medium
8815-LMFLX,No,0,0.1022374810160109,Male,0,Yes,Yes,25,Month-to-month,No,Bank transfer (automatic),25.4,546.85,Low
8404-VLQFB,No,0,0.21650772356998216,Female,0,Yes,Yes,15,Month-to-month,No,Electronic check,25.25,394.85,Low
6646-QVXLR,Yes,0,0.33048808133425206,Male,1,Yes,No,62,One year,Fiber optic,Electronic check,103.75,6383.35,Medium
1816-FLZDK,No,0,0.3838189803690993,Male,0,No,No,1,Month-to-month,DSL,Mailed check,29.15,29.15,Medium
7634-WSWDB,No,1,0.506808065403385,Female,0,No,Yes,8,Month-to-month,DSL,Electronic check,38.5,330.8,Medium
8785-EPNCG,Yes,0,0.14806291262875124,Male,0,No,No,11,Month-to-month,No,Credit card (automatic),23.15,245.2,Low
0409-WTMPL,No,0,0.20161364217747557,Female,0,Yes,No,58,One year,Fiber optic,Credit card (automatic),110.65,6526.65,Low
8920-NAVAY,No,0,0.22273187424369734,Male,1,No,No,62,One year,Fiber optic,Bank transfer (automatic),110.75,7053.35,Low
0125-LZQXK,Yes,1,0.5754793991610037,Male,0,No,No,15,Month-to-month,Fiber optic,Electronic check,101.35,1553.95,Medium
9190-MFJLN,Yes,1,0.6078689438138448,Male,1,No,No,19,Month-to-month,Fiber optic,Credit card (automatic),95.9,1777.9,High
3292-PBZEJ,No,1,0.687464887012171,Male,1,No,No,11,Month-to-month,Fiber optic,Electronic check,111.4,1183.05,High
0201-MIBOL,No,0,0.10790410063589327,Female,1,No,No,66,Two year,Fiber optic,Bank transfer (automatic),102.4,6471.85,Low
8065-BVEPF,No,0,0.30903233579912864,Male,1,No,No,65,Month-to-month,Fiber optic,Bank transfer (automatic),99.1,6496.15,Medium
3999-WRNGR,No,0,0.15142498952868164,Female,0,Yes,Yes,60,Month-to-month,DSL,Electronic check,49.75,3069.45,Low
1323-OOEPC,Yes,0,0.36792071120372494,Female,0,Yes,No,53,Month-to-month,Fiber optic,Credit card (automatic),98.4,5149.5,Medium
4291-TPNFG,No,0,0.013601982664578837,Male,0,Yes,No,72,Two year,DSL,Bank transfer (automatic),82.3,5980.55,Low
7595-EUIVN,Yes,1,0.5808667041536405,Female,0,No,No,1,Month-to-month,Fiber optic,Electronic check,75.8,75.8,Medium
6419-ZTTLE,No,0,0.09686689127874956,Male,1,Yes,No,23,One year,No,Electronic check,20.75,485.2,Low
1346-UFHAX,No,0,0.47261166774642394,Female,0,No,No,13,Month-to-month,Fiber optic,Credit card (automatic),80.0,1029.35,Medium
5542-DHSXL,No,0,0.2393216412077101,Female,0,Yes,No,4,Month-to-month,DSL,Mailed check,54.7,235.05,Low
1266-NZYUI,No,0,0.005501866617686838,Female,0,Yes,Yes,72,Two year,DSL,Bank transfer (automatic),66.85,4758.8,Low
7534-BFESC,Yes,1,0.6034921793548852,Male,1,No,No,24,Month-to-month,Fiber optic,Electronic check,76.1,1712.7,High
0380-ZCSBI,No,0,0.12372528703880263,Male,0,No,No,10,Month-to-month,No,Credit card (automatic),20.0,198.7,Low
8350-NYMVI,No,0,0.09699114249745945,Female,0,No,No,39,Month-to-month,DSL,Bank transfer (automatic),41.1,1597.05,Low
7601-WFVZV,No,0,0.19587529360370567,Male,0,No,No,1,Month-to-month,No,Mailed check,19.55,19.55,Low
5095-ETBRJ,No,0,0.0068542223630484395,Female,0,Yes,No,55,Two year,DSL,Mailed check,56.8,3112.05,Low
2320-YKQBO,No,0,0.1594600882424885,Female,0,No,No,7,Month-to-month,No,Mailed check,19.3,144.95,Low
1166-PQLGG,No,0,0.0015572006145731863,Female,0,Yes,Yes,72,Two year,No,Bank transfer (automatic),19.55,1463.45,Low
4361-BKAXE,Yes,0,0.3151484115335802,Female,0,No,No,41,Month-to-month,Fiber optic,Bank transfer (automatic),114.5,4527.45,Medium
4646-QZXTF,No,0,0.23715656836039087,Female,0,Yes,No,7,Month-to-month,DSL,Bank transfer (automatic),81.25,580.1,Low
9351-LZYGF,No,0,0.07587069678533762,Female,0,Yes,No,42,Month-to-month,DSL,Credit card (automatic),66.4,2727.8,Low
2108-GLPQB,No,0,0.20269308152690857,Male,0,Yes,No,25,Month-to-month,DSL,Credit card (automatic),55.55,1405.3,Low
7931-PXHFC,Yes,0,0.07395292929228159,Male,0,No,No,38,One year,DSL,Mailed check,62.3,2354.8,Low
7852-LECYP,No,0,0.4706056529958184,Male,1,Yes,No,13,Month-to-month,Fiber optic,Credit card (automatic),93.8,1261.0,Medium
4211-MMAZN,Yes,0,0.19621990689215266,Male,0,No,No,1,Month-to-month,No,Mailed check,20.25,20.25,Low
0880-FVFWF,No,0,0.2334532731813643,Male,0,No,No,56,Month-to-month,Fiber optic,Electronic check,86.4,4922.4,Low
1618-CFHME,Yes,1,0.7359075598348123,Female,0,No,No,2,Month-to-month,Fiber optic,Electronic check,75.9,143.35,High
4199-QHJNM,No,0,0.06861946513384141,Male,1,Yes,No,67,Two year,Fiber optic,Bank transfer (automatic),102.9,6989.7,Low
1760-CAZHT,No,0,0.055683498813619656,Male,0,No,Yes,25,Month-to-month,No,Mailed check,20.8,460.2,Low
4007-NHVHI,No,0,0.35642048499458495,Female,1,No,No,56,Month-to-month,Fiber optic,Electronic check,96.85,5219.65,Medium
2516-VQRRV,Yes,1,0.7234813630996961,Female,1,No,No,2,Month-to-month,Fiber optic,Mailed check,75.45,158.4,High
0936-NQLJU,No,0,0.008399530233492967,Female,0,Yes,No,41,Two year,No,Credit card (automatic),20.65,875.55,Low
5309-TAIKL,No,0,0.26843039944513164,Female,0,No,No,7,Month-to-month,DSL,Bank transfer (automatic),62.8,418.3,Low
1925-TIBLE,Yes,1,0.7366994095333429,Female,0,Yes,No,7,Month-to-month,Fiber optic,Electronic check,86.5,582.5,High
7018-FPXHH,No,0,0.012972403072961346,Male,0,Yes,Yes,56,Two year,DSL,Bank transfer (automatic),59.8,3457.45,Low
4592-IWTJI,Yes,0,0.33630703472292434,Female,0,Yes,Yes,3,Month-to-month,DSL,Credit card (automatic),29.7,91.7,Medium
5948-UJZLF,No,0,0.31463182737681145,Male,0,No,No,2,Month-to-month,DSL,Mailed check,49.25,97.0,Medium
0556-FJEGU,No,0,0.01233503582185733,Male,0,No,No,58,Two year,DSL,Bank transfer (automatic),70.1,4048.95,Low
3049-NDXFL,Yes,1,0.6486366595083328,Female,0,No,No,1,Month-to-month,Fiber optic,Mailed check,85.8,85.8,High
2308-STERM,No,0,0.19804553883163997,Female,0,No,No,2,Month-to-month,No,Mailed check,19.4,61.05,Low
8996-ZROXE,No,0,0.04439903349757123,Male,1,No,No,57,One year,DSL,Electronic check,53.5,3035.8,Low
5204-HMGYF,No,0,0.04744974319300816,Female,0,Yes,Yes,49,One year,DSL,Mailed check,87.2,4345.0,Low
0939-EREMR,No,0,0.16241367764124168,Female,0,No,Yes,13,Month-to-month,DSL,Mailed check,53.45,718.1,Low
0623-IIHUG,Yes,0,0.44711345658825685,Female,1,No,No,21,Month-to-month,DSL,Electronic check,41.9,840.1,Medium
7245-JMTTQ,No,0,0.2859490960983048,Female,0,No,No,51,One year,Fiber optic,Electronic check,111.5,5703.25,Low
0876-WDUUZ,Yes,1,0.5129476608022835,Female,0,No,No,5,Month-to-month,Fiber optic,Credit card (automatic),85.4,425.9,Medium
8325-QRPZR,No,1,0.6468214649705734,Female,0,No,No,7,Month-to-month,Fiber optic,Electronic check,75.15,525.0,High
2075-RMJIK,No,0,0.28770336689428105,Female,0,Yes,Yes,5,Month-to-month,DSL,Mailed check,49.4,232.55,Low
2466-NEJOJ,No,0,0.1186587774117314,Male,0,Yes,Yes,8,Month-to-month,No,Credit card (automatic),19.65,169.75,Low
7881-EVUAD,Yes,1,0.5820727745094882,Female,0,No,No,2,Month-to-month,DSL,Electronic check,42.6,72.4,Medium
2862-PFNIK,No,1,0.6126694713843919,Male,0,No,Yes,1,Month-to-month,DSL,Electronic check,24.7,24.7,High
8069-RHUXK,No,0,0.0046233550118907575,Female,0,Yes,Yes,67,Two year,DSL,Credit card (automatic),35.7,2545.7,Low
7115-IRDHS,No,0,0.002668372346797775,Female,0,Yes,No,72,Two year,No,Bank transfer (automatic),24.65,1830.05,Low
6230-BSUXY,Yes,1,0.7792060846382421,Female,1,No,No,1,Month-to-month,Fiber optic,Electronic check,85.0,85.0,High
9860-LISIZ,No,0,0.04485475583732542,Female,0,No,No,34,Month-to-month,No,Mailed check,20.35,673.2,Low
7590-VHVEG,No,1,0.6399376617591332,Female,0,Yes,No,1,Month-to-month,DSL,Electronic check,29.85,29.85,High
2737-WFVYW,Yes,1,0.72984357527087,Female,0,No,No,2,Month-to-month,DSL,Electronic check,45.25,85.5,High
1015-JPFYW,No,0,0.0758319023818859,Male,0,No,Yes,7,One year,No,Mailed check,19.45,136.75,Low
6631-HMANX,No,0,0.02222613246311737,Male,0,Yes,No,72,Two year,DSL,Credit card (automatic),85.45,6227.5,Low
1794-SWWKL,No,0,0.24354986332112705,Male,0,Yes,Yes,15,Month-to-month,DSL,Bank transfer (automatic),59.65,867.1,Low
9863-JZAIC,Yes,0,0.13897377013396986,Male,0,No,No,35,Month-to-month,DSL,Mailed check,55.0,2010.55,Low
9979-RGMZT,No,0,0.4812783189467812,Female,0,No,No,7,One year,Fiber optic,Mailed check,94.05,633.45,Medium
0847-HGRML,No,0,0.0024129493728924562,Male,0,No,Yes,62,Two year,No,Bank transfer (automatic),20.0,1250.1,Low
7729-JTEEC,No,0,0.46323087769747245,Male,0,Yes,Yes,2,Month-to-month,DSL,Electronic check,44.5,90.05,Medium
5108-ADXWO,Yes,1,0.5002921115460841,Male,0,No,No,11,Month-to-month,Fiber optic,Electronic check,73.5,791.75,Medium
8972-HJWNV,Yes,1,0.79397470937788,Female,1,Yes,No,7,Month-to-month,Fiber optic,Electronic check,84.55,646.85,High
0997-YTLNY,No,0,0.1274545018540989,Female,0,No,Yes,19,Month-to-month,DSL,Mailed check,48.8,953.65,Low
0430-IHCDJ,No,0,0.42870490168970954,Male,0,No,No,15,Month-to-month,DSL,Electronic check,49.0,749.25,Medium
4765-OXPPD,Yes,0,0.12821242858308707,Female,0,Yes,Yes,9,Month-to-month,DSL,Mailed check,65.0,663.05,Low
9838-BFCQT,No,0,0.002123055875475119,Male,0,Yes,Yes,72,Two year,No,Mailed check,26.1,1851.45,Low
4092-OFQZS,No,0,0.048471462805406075,Male,0,Yes,No,20,One year,No,Mailed check,20.65,417.5,Low
1539-LNKHM,No,0,0.12888296118056444,Female,0,No,No,12,Month-to-month,No,Mailed check,20.4,266.6,Low
2030-BTZRO,No,0,0.053973792506954665,Male,0,Yes,Yes,6,Two year,No,Credit card (automatic),20.4,107.6,Low
9710-ZUSHQ,Yes,0,0.49797276790682443,Female,1,No,No,37,Month-to-month,Fiber optic,Bank transfer (automatic),106.75,4056.75,Medium
4730-AWNAU,No,0,0.06412880632708041,Male,0,Yes,Yes,36,One year,DSL,Credit card (automatic),60.7,2234.55,Low
7208-PSIHR,No,0,0.08246910356019276,Female,0,Yes,No,70,Two year,Fiber optic,Bank transfer (automatic),104.3,7188.5,Low
1099-GODLO,No,0,0.05679156781174543,Female,0,Yes,Yes,1,Two year,No,Mailed check,20.35,20.35,Low
0727-BMPLR,Yes,0,0.40252297984461505,Female,1,No,No,55,One year,Fiber optic,Electronic check,100.0,5509.3,Medium
9089-UOWJG,No,0,0.3301565066297774,Female,0,Yes,Yes,12,Month-to-month,DSL,Credit card (automatic),58.35,740.55,Medium
1091-SOZGA,No,0,0.22542780087724948,Female,0,Yes,Yes,56,One year,Fiber optic,Credit card (automatic),99.8,5515.45,Low
3442-ZHHCC,No,0,0.03505561894410933,Male,0,No,No,68,One year,DSL,Credit card (automatic),76.9,5023.0,Low
0115-TFERT,Yes,1,0.5830780501161581,Male,0,Yes,No,21,Month-to-month,Fiber optic,Electronic check,111.2,2317.1,Medium
2014-MKGMH,No,0,0.40840179108670827,Female,0,No,No,46,One year,Fiber optic,Electronic check,101.1,4674.4,Medium
0103-CSITQ,No,0,0.20131770348899256,Female,0,Yes,No,57,One year,Fiber optic,Bank transfer (automatic),109.4,6252.7,Low
0322-YINQP,Yes,0,0.34519579155077484,Male,0,No,No,1,Month-to-month,DSL,Mailed check,48.55,48.55,Medium
3930-ZGWVE,No,0,0.19597370780465848,Male,0,No,No,1,Month-to-month,No,Mailed check,19.75,19.75,Low
2237-ZFSMY,Yes,0,0.17386942727270432,Female,0,No,No,39,One year,Fiber optic,Electronic check,95.55,3692.85,Low
2335-GSODA,No,0,0.03442451700503312,Male,0,No,Yes,23,Two year,DSL,Mailed check,40.1,857.75,Low
1402-PTHGN,No,0,0.07104320962830704,Female,0,Yes,Yes,18,One year,DSL,Mailed check,61.5,1087.45,Low
7426-RHZGU,No,1,0.5297566325620692,Male,0,No,No,9,Month-to-month,Fiber optic,Bank transfer (automatic),95.9,827.45,Medium
5138-WVKYJ,Yes,1,0.5934673613550129,Male,0,No,No,10,Month-to-month,Fiber optic,Electronic check,98.55,1008.55,Medium
0016-QLJIS,No,0,0.020378004628454207,Female,0,Yes,Yes,65,Two year,DSL,Mailed check,90.45,5957.9,Low
3195-TQDZX,No,0,0.29795467804750014,Male,0,No,No,3,Month-to-month,No,Electronic check,20.25,61.45,Low
6738-ISCBM,No,0,0.14817465238658617,Male,0,No,No,44,One year,DSL,Electronic check,54.0,2440.25,Low
6551-ZCOTS,No,0,0.059694489527392224,Male,1,No,No,33,One year,No,Bank transfer (automatic),24.9,847.8,Low
8550-XSXUQ,No,0,0.09443908082678135,Male,0,Yes,No,48,One year,DSL,Credit card (automatic),70.55,3420.5,Low
7508-KBIMB,No,0,0.08624511697186821,Male,0,Yes,Yes,24,One year,DSL,Credit card (automatic),56.25,1454.25,Low
6481-LXPWL,No,0,0.038501944270492604,Male,0,Yes,Yes,56,One year,DSL,Credit card (automatic),36.1,1971.5,Low
0394-YONDK,No,0,0.002150602345930332,Male,0,Yes,Yes,70,Two year,No,Credit card (automatic),25.15,1790.15,Low
6013-BHCAW,No,0,0.029874764205899306,Male,0,Yes,Yes,61,Two year,DSL,Bank transfer (automatic),81.0,4976.15,Low
4291-SHSBH,No,1,0.6302176078955183,Male,0,No,No,7,Month-to-month,Fiber optic,Electronic check,69.55,521.35,High
1353-LJWEM,No,0,0.29097386926142926,Male,0,No,No,11,Month-to-month,DSL,Electronic check,60.9,688.5,Low
8259-DZLIZ,No,0,0.0313678423235504,Female,0,Yes,Yes,64,One year,DSL,Bank transfer (automatic),53.85,3399.85,Low
1122-JWTJW,Yes,1,0.5703206414404831,Male,0,Yes,Yes,1,Month-to-month,Fiber optic,Mailed check,70.65,70.65,Medium
5419-JKZNQ,No,0,0.40992337333368273,Male,1,Yes,No,30,Month-to-month,Fiber optic,Mailed check,77.9,2351.45,Medium
3635-JBPSG,No,0,0.18462597948217782,Female,0,No,No,15,Two year,DSL,Mailed check,38.8,603.0,Low
5393-HJZSM,No,0,0.0766253014080524,Female,0,Yes,Yes,32,Month-to-month,DSL,Bank transfer (automatic),76.3,2404.15,Low
1545-ACTAS,No,0,0.18489268039801976,Female,0,Yes,Yes,48,One year,Fiber optic,Bank transfer (automatic),99.7,4977.2,Low
6016-LVTJQ,No,0,0.039256567421697856,Female,0,Yes,Yes,34,Month-to-month,No,Mailed check,20.65,716.4,Low
2842-JTCCU,Yes,0,0.3458548453266096,Male,0,No,No,2,Month-to-month,DSL,Bank transfer (automatic),46.05,80.35,Medium
0603-OLQDC,No,0,0.29860707529142777,Male,0,No,Yes,12,Month-to-month,DSL,Mailed check,69.85,837.5,Low
7993-NQLJE,No,0,0.28418882553627806,Male,0,Yes,Yes,15,Month-to-month,Fiber optic,Mailed check,75.1,1151.55,Low
4806-KEXQR,Yes,1,0.7008249619365436,Male,0,No,No,4,Month-to-month,Fiber optic,Electronic check,79.9,324.3,High
9139-WQQDY,Yes,0,0.1958270891714026,Female,0,Yes,Yes,49,One year,Fiber optic,Mailed check,100.45,4941.8,Low
7858-GTZSP,No,1,0.7188014061446598,Female,0,No,No,12,Month-to-month,Fiber optic,Electronic check,86.55,1066.9,High
4931-TRZWN,No,0,0.41501279181231177,Female,0,No,No,13,Month-to-month,DSL,Electronic check,71.95,923.85,Medium
1319-YLZJG,No,0,0.4736323635824659,Male,0,Yes,No,12,Month-to-month,Fiber optic,Electronic check,84.6,959.9,Medium
0742-NXBGR,Yes,1,0.6662415146220396,Female,0,No,No,1,Month-to-month,Fiber optic,Electronic check,82.3,82.3,High
4627-MIHJH,No,0,0.054176715537500926,Female,1,No,No,69,Two year,Fiber optic,Credit card (automatic),110.25,7467.55,Low
2580-ASVVY,No,0,0.03790742871714358,Female,0,Yes,No,37,Two year,DSL,Electronic check,45.4,1593.1,Low
5886-VLQVU,No,0,0.3698604188095225,Male,0,Yes,No,35,Month-to-month,Fiber optic,Bank transfer (automatic),89.85,3161.2,Medium
4361-JEIVL,Yes,0,0.4700648426959613,Male,0,No,Yes,1,Month-to-month,DSL,Electronic check,44.4,44.4,Medium
3144-KMTWZ,No,0,0.22990440644833113,Male,0,Yes,No,71,Month-to-month,Fiber optic,Bank transfer (automatic),93.25,6669.45,Low
8433-WPJTV,No,0,0.18518811220585774,Female,1,Yes,Yes,65,One year,Fiber optic,Bank transfer (automatic),103.9,6767.1,Low
3936-QQFLL,No,0,0.1879362625355886,Male,0,No,No,2,Month-to-month,No,Mailed check,19.75,39.3,Low
8469-SNFFH,No,0,0.01744228893446184,Male,0,Yes,No,70,One year,DSL,Bank transfer (automatic),79.4,5528.9,Low
2770-NSVDG,No,0,0.30528421810174017,Male,0,Yes,No,24,Month-to-month,DSL,Electronic check,29.1,688.0,Medium
5445-UTODQ,Yes,1,0.6834185475219746,Female,0,Yes,No,7,Month-to-month,Fiber optic,Electronic check,81.1,576.65,High
9447-YPTBX,No,0,0.01576985845004355,Female,0,Yes,No,50,One year,No,Bank transfer (automatic),19.85,943.1,Low
2692-PFYTJ,No,0,0.32241655803708785,Female,0,No,No,1,Month-to-month,No,Mailed check,25.75,25.75,Medium
4159-NAAIX,No,0,0.0863704969413362,Female,0,No,No,63,Two year,Fiber optic,Bank transfer (automatic),97.45,6253.0,Low
3179-GBRWV,No,0,0.2590225285292621,Male,1,Yes,No,21,Month-to-month,DSL,Bank transfer (automatic),64.95,1339.8,Low
1907-UBQFC,Yes,1,0.6265552326192838,Male,1,No,No,10,Month-to-month,Fiber optic,Electronic check,72.85,688.65,High
4993-JCRGJ,No,0,0.37569233844243144,Male,0,No,No,26,Month-to-month,Fiber optic,Mailed check,84.3,2281.6,Medium
0519-XUZJU,Yes,1,0.5367629899107142,Female,0,No,No,1,Month-to-month,Fiber optic,Mailed check,70.75,70.75,Medium
1608-GMEWB,No,1,0.5043554346215934,Male,1,No,No,45,Month-to-month,Fiber optic,Bank transfer (automatic),93.9,4200.25,Medium
1843-TLSGD,No,0,0.0315233986943129,Female,0,Yes,Yes,13,Two year,No,Mailed check,20.85,272.35,Low
3066-RRJIO,Yes,1,0.6209365332911536,Female,0,No,No,1,Month-to-month,Fiber optic,Mailed check,69.95,69.95,High
2642-MAWLJ,No,0,0.009867631204169676,Female,0,Yes,Yes,36,Two year,No,Bank transfer (automatic),20.25,717.95,Low
0975-VOOVL,No,0,0.45183625299451785,Female,0,No,No,3,Month-to-month,DSL,Mailed check,29.2,98.5,Medium
2230-XTUWL,No,0,0.005141736624677701,Female,0,Yes,Yes,48,Two year,No,Mailed check,19.55,883.35,Low
0848-SOMKO,No,0,0.0075929294073512,Male,0,No,No,70,Two year,DSL,Bank transfer (automatic),48.4,3442.8,Low
2604-IJPDU,No,0,0.37110561271894027,Female,0,Yes,No,20,Month-to-month,Fiber optic,Electronic check,96.55,1901.65,Medium
4277-PVRAN,Yes,1,0.6055494079230136,Female,0,No,No,8,Month-to-month,Fiber optic,Bank transfer (automatic),80.1,679.3,High
5445-PZWGX,Yes,0,0.09679880138508402,Male,0,No,No,62,One year,Fiber optic,Electronic check,102.0,6529.25,Low
7924-GJZFI,No,1,0.5515529606710793,Female,1,Yes,No,25,Month-to-month,Fiber optic,Electronic check,69.3,1813.1,Medium
3239-TPHPZ,No,0,0.0726710636342209,Female,0,Yes,No,12,Two year,No,Electronic check,20.05,264.55,Low
9138-EFSMO,No,0,0.2140795948398977,Male,0,Yes,Yes,26,One year,Fiber optic,Bank transfer (automatic),78.95,2034.25,Low
2957-LOLHO,Yes,0,0.3244586834076073,Male,0,No,No,12,Month-to-month,DSL,Bank transfer (automatic),45.4,518.9,Medium
6229-UOLQL,No,0,0.027986467965567266,Male,0,Yes,Yes,56,One year,DSL,Mailed check,52.0,2884.9,Low
2321-OMBXY,Yes,0,0.038918471016705515,Female,0,Yes,Yes,38,One year,DSL,Credit card (automatic),80.3,3058.65,Low
1307-ATKGB,No,1,0.5373871206017317,Male,0,No,No,24,Month-to-month,Fiber optic,Electronic check,89.55,2187.15,Medium
5976-JCJRH,Yes,1,0.609404518024148,Male,0,Yes,No,10,Month-to-month,Fiber optic,Electronic check,70.3,738.2,High
3748-FVMZZ,No,1,0.5639885592030692,Male,0,No,No,4,Month-to-month,DSL,Electronic check,40.05,162.45,Medium
8313-NDOIA,No,1,0.668031960782148,Female,0,No,No,24,Month-to-month,Fiber optic,Electronic check,104.15,2494.65,High
0392-BZIUW,No,0,0.08110795463060394,Female,0,Yes,No,72,Two year,Fiber optic,Credit card (automatic),105.0,7589.8,Low
1163-VIPRI,No,0,0.06434213217495392,Female,0,Yes,Yes,65,Two year,Fiber optic,Electronic check,109.3,7337.55,Low
0897-FEGMU,Yes,1,0.7601002508047582,Female,0,Yes,No,11,Month-to-month,Fiber optic,Electronic check,99.5,1056.95,High
5760-WRAHC,No,0,0.2109746618964498,Female,1,No,No,22,Month-to-month,DSL,Mailed check,69.75,1545.4,Low
7742-MYPGI,No,0,0.26700698489544167,Female,0,Yes,Yes,6,Month-to-month,DSL,Mailed check,48.8,297.35,Low
6927-WTFIV,Yes,0,0.391324611854023,Male,1,No,No,20,Month-to-month,Fiber optic,Credit card (automatic),71.3,1389.2,Medium
0254-KCJGT,No,0,0.04623409420385934,Male,0,Yes,No,52,One year,DSL,Credit card (automatic),81.4,4354.45,Low
3092-IGHWF,Yes,0,0.0968851611150799,Male,0,Yes,Yes,67,One year,Fiber optic,Electronic check,87.4,5918.8,Low
3071-MVJCD,No,0,0.00726074122884509,Male,0,Yes,Yes,72,Two year,DSL,Bank transfer (automatic),82.3,5815.15,Low
2661-GKBTK,No,0,0.01340149851094819,Male,0,Yes,Yes,60,Two year,DSL,Bank transfer (automatic),76.95,4543.95,Low
7795-CFOCW,No,0,0.031755755737647835,Male,0,No,No,45,One year,DSL,Bank transfer (automatic),42.3,1840.75,Low
7188-CBBBA,No,0,0.2061834177740316,Female,0,No,No,65,One year,Fiber optic,Electronic check,95.5,6153.85,Low
1334-PDUKM,No,0,0.07577890823851308,Female,0,Yes,No,68,One year,Fiber optic,Credit card (automatic),86.45,5762.95,Low
2696-RZVZW,No,0,0.002718737125892601,Male,0,Yes,No,68,Two year,No,Credit card (automatic),25.05,1629.2,Low
0565-JUPYD,No,0,0.061659285181597495,Male,0,No,No,63,One year,Fiber optic,Credit card (automatic),104.5,6590.8,Low
2884-GBPFB,Yes,0,0.3958043075428575,Female,0,Yes,No,35,Month-to-month,Fiber optic,Electronic check,70.3,2416.55,Medium
0757-WCUUZ,No,0,0.024029784730803305,Male,0,Yes,Yes,54,Two year,DSL,Credit card (automatic),63.35,3409.1,Low
2000-DHJUY,No,0,0.02723871866676593,Female,1,Yes,No,70,Two year,DSL,Bank transfer (automatic),92.2,6474.45,Low
7831-QGOXH,Yes,1,0.6622985549327974,Female,0,No,No,18,Month-to-month,Fiber optic,Electronic check,85.2,1553.9,High
0230-WEQUW,No,0,0.01267786169148143,Male,0,Yes,No,66,Two year,DSL,Bank transfer (automatic),56.6,3789.2,Low
7033-CLAMM,No,0,0.00544572510208685,Female,0,Yes,Yes,48,Two year,No,Bank transfer (automatic),20.2,1027.25,Low
8603-IJWDN,Yes,1,0.7707262348409297,Male,0,No,No,1,Month-to-month,Fiber optic,Electronic check,86.6,86.6,High
3001-CBHLQ,Yes,1,0.5954550115215246,Male,1,Yes,No,32,Month-to-month,Fiber optic,Electronic check,104.9,3351.55,Medium
4682-BLBUC,No,0,0.07882268448564522,Male,0,Yes,No,44,One year,DSL,Electronic check,70.95,3250.45,Low
5338-YHWYT,No,0,0.01101214605256626,Male,0,No,Yes,37,Two year,DSL,Credit card (automatic),61.45,2302.35,Low
4572-DVCGN,Yes,1,0.6058148501930631,Female,0,No,No,10,Month-to-month,Fiber optic,Bank transfer (automatic),80.25,846.0,High
1069-XAIEM,Yes,1,0.8187140152559972,Female,1,No,No,1,Month-to-month,Fiber optic,Electronic check,85.05,85.05,High
4832-VRBMR,No,0,0.25912176676217746,Male,1,Yes,No,65,One year,Fiber optic,Bank transfer (automatic),103.15,6792.45,Low
9365-CSLBQ,No,0,0.00207272852861184,Male,0,No,Yes,71,Two year,No,Mailed check,24.35,1654.6,Low
3296-SILRA,Yes,1,0.6516959272894516,Female,1,Yes,No,1,Month-to-month,Fiber optic,Mailed check,76.4,76.4,High
1697-BCSHV,No,0,0.10428298138003438,Female,0,Yes,Yes,58,Month-to-month,DSL,Bank transfer (automatic),66.8,3970.4,Low
8203-XJZRC,No,0,0.19621990689215266,Male,0,No,No,1,Month-to-month,No,Mailed check,20.25,20.25,Low
2150-UWTFY,Yes,0,0.12070337204776965,Female,0,Yes,Yes,22,Month-to-month,DSL,Mailed check,61.15,1422.05,Low
7627-JKIAZ,Yes,0,0.36969020899745314,Female,0,Yes,No,37,Month-to-month,Fiber optic,Credit card (automatic),78.95,2839.65,Medium
7945-PRBVF,No,0,0.011464468123857888,Male,0,No,No,35,Two year,No,Bank transfer (automatic),21.45,705.45,Low
9227-UAQFT,No,0,0.02920434657251964,Male,0,No,No,16,Two year,No,Mailed check,19.75,284.35,Low
6496-SLWHQ,Yes,1,0.8048898403043248,Male,1,No,No,3,Month-to-month,Fiber optic,Electronic check,105.0,294.45,High
3312-ZWLGF,No,0,0.4785027487877438,Male,1,Yes,No,29,Month-to-month,Fiber optic,Electronic check,79.3,2414.55,Medium
3521-MNKLV,No,0,0.22614851366267086,Male,0,No,No,24,Month-to-month,DSL,Mailed check,49.7,1167.8,Low
2636-SJDOU,No,0,0.07308624985849843,Male,0,No,No,64,One year,Fiber optic,Credit card (automatic),84.3,5289.05,Low
8544-JNBOX,No,0,0.002447377257555768,Male,0,No,No,72,Two year,No,Mailed check,20.8,1521.2,Low
7967-HYCDE,No,0,0.4610108265439759,Male,0,No,No,8,Month-to-month,Fiber optic,Bank transfer (automatic),70.7,553.4,Medium
4009-ALQFH,Yes,1,0.5859037380354266,Female,0,No,No,25,Month-to-month,Fiber optic,Electronic check,99.5,2369.05,Medium
8261-GWDBQ,No,0,0.10180949192902433,Female,1,Yes,No,60,Two year,Fiber optic,Bank transfer (automatic),116.05,6925.9,Low
8185-UPYBR,Yes,1,0.6985264514519144,Male,0,Yes,No,6,Month-to-month,Fiber optic,Electronic check,75.5,438.0,High
7649-SIJJF,No,0,0.01254348866701348,Male,0,Yes,No,71,Two year,DSL,Mailed check,80.1,5585.4,Low
7163-OCEQI,No,0,0.17236206382945082,Male,0,Yes,Yes,22,One year,DSL,Mailed check,78.65,1663.75,Low
2187-LZGPL,Yes,1,0.5275108385748025,Female,0,No,No,7,Month-to-month,DSL,Credit card (automatic),40.1,293.3,Medium
8992-JQYUN,Yes,1,0.7326075044524982,Male,0,Yes,No,1,Month-to-month,DSL,Electronic check,50.35,50.35,High
8883-ANODQ,No,0,0.04604309486117835,Female,0,Yes,Yes,68,Two year,Fiber optic,Credit card (automatic),84.4,5746.75,Low
2189-UXTKY,Yes,0,0.3119812802523565,Female,0,Yes,No,22,Month-to-month,DSL,Electronic check,79.2,1742.75,Medium
1097-FSPVW,No,0,0.06750920309128107,Female,0,No,No,42,Month-to-month,DSL,Credit card (automatic),54.55,2455.05,Low
9938-ZREHM,No,0,0.07452823736588575,Female,0,Yes,No,37,One year,DSL,Mailed check,72.1,2658.4,Low
4817-QRJSX,Yes,1,0.5628148826098924,Female,0,No,No,10,Month-to-month,Fiber optic,Credit card (automatic),81.0,818.05,Medium
5312-IRCFR,No,0,0.19156162188927825,Female,0,Yes,Yes,64,One year,Fiber optic,Electronic check,92.85,5980.75,Low
5726-CVNYA,No,0,0.05579513894212339,Female,0,Yes,Yes,8,Two year,No,Mailed check,19.85,146.6,Low
3585-ISXZP,Yes,1,0.6394623020091585,Female,0,No,No,8,Month-to-month,Fiber optic,Bank transfer (automatic),95.65,778.1,High
3308-DGHKL,No,0,0.0028651852818823175,Male,0,No,No,69,Two year,No,Bank transfer (automatic),19.3,1447.9,Low
7017-VFHAY,No,0,0.04462318822630686,Female,0,Yes,Yes,61,Two year,Fiber optic,Credit card (automatic),115.1,7008.15,Low
5628-FCGYG,No,1,0.6362956252111476,Male,0,No,No,21,Month-to-month,Fiber optic,Electronic check,84.1,1737.45,High
7613-LLQFO,Yes,1,0.6913369553450148,Male,0,No,No,12,Month-to-month,Fiber optic,Electronic check,84.45,1059.55,High
6007-TCTST,No,0,0.05719746504856822,Female,0,Yes,Yes,72,Two year,Fiber optic,Bank transfer (automatic),115.8,8476.5,Low
9053-EJUNL,No,0,0.44979860790991705,Male,0,No,No,41,Month-to-month,Fiber optic,Electronic check,89.2,3645.75,Medium
5816-JMLGY,No,0,0.01629509125961847,Female,0,Yes,Yes,70,Two year,DSL,Bank transfer (automatic),80.4,5717.85,Low
0306-JAELE,Yes,1,0.6297971859533489,Male,0,No,No,5,Month-to-month,Fiber optic,Electronic check,96.1,453.4,High
6961-VCPMC,Yes,0,0.42438881582738286,Male,1,Yes,No,46,Month-to-month,Fiber optic,Electronic check,80.4,3605.2,Medium
2251-PYLPB,No,0,0.008281937341975637,Male,0,Yes,No,72,Two year,DSL,Credit card (automatic),79.55,5810.9,Low
8591-NXRCV,No,0,0.12859678937742267,Female,0,No,No,41,Month-to-month,DSL,Bank transfer (automatic),74.65,3090.65,Low
2115-BFTIW,Yes,0,0.3154633179312277,Male,0,No,No,25,Month-to-month,Fiber optic,Mailed check,70.95,1767.35,Medium
8039-ACLPL,No,0,0.006725542192501767,Female,0,Yes,Yes,72,Two year,DSL,Credit card (automatic),68.75,4888.2,Low
0214-JHPFW,No,0,0.01443451233467469,Female,0,Yes,No,70,Two year,DSL,Bank transfer (automatic),57.8,4039.3,Low
1564-NTYXF,Yes,1,0.755366983498665,Female,1,No,No,13,Month-to-month,Fiber optic,Electronic check,82.0,1127.2,High
5562-BETPV,No,0,0.10221914463992875,Male,0,Yes,Yes,1,One year,No,Mailed check,19.65,19.65,Low
3258-SANFR,No,0,0.33996857189836815,Male,1,No,No,6,Month-to-month,DSL,Credit card (automatic),44.7,276.5,Medium
1051-EQPZR,No,0,0.022763143183687693,Female,0,Yes,Yes,44,Month-to-month,No,Mailed check,19.6,780.25,Low
5753-QQWPW,No,0,0.07463332033099068,Female,0,No,No,28,One year,DSL,Electronic check,59.9,1654.7,Low
3370-GQEAL,No,0,0.42915089485479246,Male,0,Yes,Yes,30,Month-to-month,Fiber optic,Electronic check,85.45,2509.95,Medium
1349-WXNGG,Yes,0,0.1979125413701923,Male,0,No,No,1,Month-to-month,No,Bank transfer (automatic),20.05,20.05,Low
6723-WSNTY,No,0,0.1875073143830458,Female,1,Yes,No,66,One year,Fiber optic,Credit card (automatic),108.1,7181.95,Low
8182-BJDSI,Yes,1,0.589259412980585,Female,0,No,No,28,Month-to-month,Fiber optic,Electronic check,89.95,2625.55,Medium
1142-WACZW,Yes,0,0.3767029216649546,Male,0,No,No,2,Month-to-month,DSL,Bank transfer (automatic),29.85,75.6,Medium
1766-GKNMI,No,1,0.5841526226831342,Male,0,No,No,29,Month-to-month,Fiber optic,Electronic check,84.9,2516.2,Medium
6103-BOCOU,No,1,0.5695952011683965,Female,0,No,No,26,Month-to-month,Fiber optic,Electronic check,80.7,2193.0,Medium
6304-IJFSQ,Yes,0,0.3832814259597089,Male,0,No,No,3,Month-to-month,DSL,Mailed check,49.9,130.1,Medium
3721-CNEYS,Yes,1,0.6828399949997778,Female,0,No,No,2,Month-to-month,Fiber optic,Electronic check,70.95,137.95,High
3594-KADLU,No,0,0.28303384949426796,Male,0,Yes,No,3,Month-to-month,DSL,Mailed check,35.1,101.1,Low
0114-PEGZZ,No,1,0.5488090192326994,Female,0,No,No,33,Month-to-month,Fiber optic,Electronic check,107.55,3645.5,Medium
6891-JPYFF,No,0,0.3006283230332064,Female,0,Yes,Yes,48,Month-to-month,Fiber optic,Credit card (automatic),105.25,4997.5,Medium
0464-WJTKO,No,0,0.001558354277868904,Female,0,Yes,Yes,72,Two year,No,Bank transfer (automatic),20.1,1460.85,Low
2157-MXBJS,Yes,0,0.34572773461552037,Male,0,Yes,No,13,One year,DSL,Mailed check,75.3,989.45,Medium
0315-LVCRK,No,1,0.5700231194507456,Male,0,No,No,11,Month-to-month,Fiber optic,Electronic check,84.8,888.75,Medium
9396-ZSFLL,No,0,0.2847650188922805,Female,0,No,No,15,Month-to-month,DSL,Mailed check,48.85,631.4,Low
9036-CSKBW,No,0,0.1802929620959149,Female,0,No,No,51,One year,Fiber optic,Bank transfer (automatic),107.45,5680.9,Low
3658-KIBGF,Yes,0,0.4017968212258669,Female,0,No,No,1,Month-to-month,DSL,Electronic check,54.9,54.9,Medium
4883-QICIH,Yes,0,0.31073126186396355,Male,0,Yes,Yes,32,Month-to-month,Fiber optic,Bank transfer (automatic),69.75,2347.9,Medium
8766-PAFNE,No,0,0.014895339541444215,Male,0,Yes,No,71,Two year,DSL,Credit card (automatic),79.1,5564.85,Low
6509-TSGWN,No,0,0.0451279383135082,Female,0,Yes,Yes,37,Month-to-month,No,Mailed check,26.45,911.6,Low
4020-KIUDI,No,0,0.13028513614243364,Male,0,Yes,Yes,6,Month-to-month,No,Credit card (automatic),19.85,138.85,Low
0778-NELLA,Yes,1,0.5000466438828812,Male,0,No,No,9,Month-to-month,DSL,Credit card (automatic),34.7,296.1,Medium
0067-DKWBL,Yes,0,0.46637379083698055,Male,1,No,No,2,Month-to-month,DSL,Electronic check,49.25,91.1,Medium
8224-DWCKX,No,1,0.6092354090023285,Male,1,No,No,12,Month-to-month,Fiber optic,Credit card (automatic),73.3,828.05,High
5346-BZCHP,No,0,0.0017651764171317673,Female,0,Yes,Yes,69,Two year,No,Mailed check,19.4,1346.2,Low
7176-WIONM,No,1,0.5765402072278001,Female,0,Yes,No,12,Month-to-month,DSL,Bank transfer (automatic),49.85,617.15,Medium
0875-CABNR,Yes,1,0.6439073806057836,Female,1,No,No,10,Month-to-month,Fiber optic,Credit card (automatic),84.6,865.55,High
4821-SJHJV,No,0,0.35339105961007916,Female,0,Yes,Yes,32,Month-to-month,Fiber optic,Electronic check,89.6,2901.8,Medium
3173-WSSUE,No,0,0.0014829283553392965,Female,0,Yes,Yes,71,Two year,No,Credit card (automatic),19.7,1415.85,Low
1032-MAELW,No,0,0.032942876681248554,Female,0,Yes,Yes,68,One year,DSL,Electronic check,78.45,5333.35,Low
5774-XZTQC,No,0,0.14056509788421556,Female,0,Yes,Yes,7,Month-to-month,No,Mailed check,20.45,150.75,Low
0221-WMXNQ,No,1,0.5357215164436357,Male,1,No,No,4,Month-to-month,Fiber optic,Electronic check,75.35,273.4,Medium
9904-EHEVJ,No,1,0.5181630285959437,Female,1,Yes,Yes,32,Month-to-month,Fiber optic,Mailed check,91.35,2896.55,Medium
2369-FEVNO,No,0,0.2568364345979219,Male,0,No,No,1,Month-to-month,No,Mailed check,19.9,19.9,Low
6207-WIOLX,Yes,0,0.2796529349036079,Female,0,Yes,Yes,25,Month-to-month,DSL,Credit card (automatic),58.6,1502.65,Low
8752-GHJFU,No,0,0.08787063898353858,Male,1,Yes,No,71,One year,Fiber optic,Electronic check,92.0,6585.2,Low
5684-FJVYR,No,0,0.022962241356969462,Female,0,Yes,Yes,72,Two year,Fiber optic,Bank transfer (automatic),90.35,6563.4,Low
1775-KWJKQ,No,0,0.010139364263977125,Male,0,Yes,Yes,72,Two year,DSL,Credit card (automatic),89.85,6562.9,Low
5399-ZIMKF,No,1,0.6169230069965144,Male,0,No,No,5,Month-to-month,Fiber optic,Electronic check,74.65,383.65,High
5201-CBWYG,No,0,0.006799326733349852,Male,0,Yes,Yes,62,One year,No,Bank transfer (automatic),24.8,1476.25,Low
3125-RAHBV,No,0,0.04009309627994489,Male,0,No,No,22,One year,No,Credit card (automatic),20.3,467.15,Low
3891-PUQOD,Yes,0,0.45241233557758065,Female,0,No,Yes,1,Month-to-month,DSL,Electronic check,59.2,59.2,Medium
1513-XNPPH,Yes,1,0.5621339778904815,Female,0,No,No,12,Month-to-month,Fiber optic,Electronic check,89.4,1095.65,Medium
7682-AZNDK,No,0,0.40950713416502865,Male,0,Yes,Yes,34,Month-to-month,Fiber optic,Electronic check,89.85,3091.75,Medium
6352-GIGGQ,No,0,0.038936857245396396,Male,0,No,No,67,One year,DSL,Bank transfer (automatic),88.8,5903.15,Low
3580-GICBM,No,0,0.005275295610981915,Female,0,Yes,Yes,61,Two year,No,Mailed check,24.2,1445.2,Low
3118-UHVVQ,No,0,0.0031534352126099618,Female,0,Yes,No,68,Two year,No,Credit card (automatic),25.8,1911.5,Low
9503-XJUME,No,0,0.007100996840721987,Male,0,No,Yes,52,One year,No,Credit card (automatic),19.65,928.4,Low
3823-KYNQY,No,0,0.08323051619465847,Male,0,No,No,12,One year,No,Credit card (automatic),24.95,280.4,Low
5168-MQQCA,No,0,0.1536586948917755,Female,0,Yes,No,72,One year,Fiber optic,Bank transfer (automatic),108.5,8003.8,Low
2541-YGPKE,No,0,0.026519345697263233,Male,0,Yes,Yes,42,One year,DSL,Credit card (automatic),63.7,2763.35,Low
8496-EJAUI,Yes,0,0.4008206345239083,Male,0,No,No,19,Month-to-month,Fiber optic,Credit card (automatic),73.85,1424.5,Medium
3797-VTIDR,Yes,1,0.6547584196449744,Male,0,Yes,No,1,Month-to-month,DSL,Electronic check,23.45,23.45,High
2361-FJWNO,No,0,0.042098813920034076,Male,0,No,No,40,One year,DSL,Credit card (automatic),36.0,1382.9,Low
2249-YPRNG,Yes,1,0.6004158348396925,Female,0,Yes,Yes,20,Month-to-month,Fiber optic,Bank transfer (automatic),105.85,2239.65,High
8738-JOKAR,No,0,0.04493551130133714,Female,0,No,No,42,One year,DSL,Mailed check,67.7,2882.25,Low
3253-HKOKL,No,0,0.15666291666048815,Female,0,Yes,Yes,52,One year,Fiber optic,Electronic check,100.3,5244.45,Low
3533-UVMOM,No,0,0.009950483736307247,Male,0,Yes,No,68,Two year,DSL,Bank transfer (automatic),70.95,4741.45,Low
8819-ZBYNA,No,0,0.07074356162083882,Female,0,Yes,No,58,Two year,Fiber optic,Credit card (automatic),109.1,6393.65,Low
0440-EKDCF,No,0,0.010216748960150707,Male,0,Yes,No,62,Two year,DSL,Credit card (automatic),60.15,3753.2,Low
4012-ZTHBR,No,0,0.2834221358068517,Female,0,Yes,Yes,21,Month-to-month,DSL,Electronic check,44.95,926.25,Low
4686-UXDML,No,1,0.5795316188124751,Female,0,No,No,21,Month-to-month,Fiber optic,Credit card (automatic),99.85,1992.55,Medium
5651-WYIPH,No,0,0.2896377297180403,Female,1,No,No,18,Month-to-month,DSL,Credit card (automatic),49.85,865.75,Low
0607-DAAHE,Yes,0,0.0038129630468664295,Male,0,No,Yes,53,Two year,No,Bank transfer (automatic),19.75,1052.35,Low
1832-PEUTS,No,0,0.07057648253478929,Male,0,Yes,Yes,62,Two year,Fiber optic,Credit card (automatic),89.1,5411.65,Low
7515-LODFU,No,0,0.0022872544295741374,Male,1,No,No,69,Two year,No,Credit card (automatic),20.3,1356.3,Low
6906-MPARY,No,0,0.13895475042762523,Male,0,No,No,40,One year,Fiber optic,Credit card (automatic),89.6,3488.15,Low
4443-EMBNA,No,0,0.0028337193979963014,Female,0,Yes,No,71,Two year,No,Bank transfer (automatic),24.75,1836.9,Low
1057-FOGLZ,No,0,0.09783530882493356,Female,0,No,No,18,Month-to-month,No,Mailed check,19.65,391.7,Low
4785-QRJHC,Yes,0,0.1214800196429687,Male,1,Yes,No,46,One year,DSL,Bank transfer (automatic),59.9,2816.65,Low
2587-YNLES,No,0,0.04414080261359399,Female,0,Yes,Yes,6,Two year,No,Mailed check,20.1,100.35,Low
0407-BDJKB,Yes,0,0.3495462519549342,Male,0,Yes,No,60,Month-to-month,Fiber optic,Electronic check,95.75,5742.9,Medium
3530-CRZSB,No,0,0.16042638404967882,Female,0,No,No,7,Month-to-month,No,Mailed check,20.65,155.9,Low
3088-LHEFH,No,1,0.5161900767999059,Female,0,No,No,11,Month-to-month,Fiber optic,Bank transfer (automatic),79.0,929.3,Medium
8949-JTMAY,Yes,1,0.5709567625724472,Female,0,No,No,29,Month-to-month,Fiber optic,Credit card (automatic),98.6,2933.2,Medium
1179-INLAT,No,0,0.1453345385212507,Male,0,No,No,3,One year,No,Mailed check,19.45,69.25,Low
3815-SLMEF,Yes,0,0.2938349735004629,Female,0,No,No,3,Month-to-month,DSL,Mailed check,34.25,139.35,Low
9112-WSNPU,No,0,0.36695563426496774,Female,1,No,No,35,Month-to-month,Fiber optic,Electronic check,70.55,2419.0,Medium
1964-SVLEA,No,0,0.0661399749618199,Male,0,No,No,20,One year,No,Mailed check,19.7,415.9,Low
8272-ONJLV,No,0,0.4626578014696786,Male,0,No,No,12,One year,Fiber optic,Electronic check,95.7,1184.0,Medium
8123-QBNAZ,No,0,0.39685072177983033,Female,0,Yes,Yes,36,Month-to-month,Fiber optic,Credit card (automatic),104.5,3684.95,Medium
9498-FIMXL,No,0,0.12197090522889052,Female,0,No,No,8,One year,No,Mailed check,19.2,161.95,Low
9170-ARBTB,No,0,0.00785015423885959,Female,0,Yes,Yes,52,One year,No,Credit card (automatic),19.6,1012.4,Low
2595-KIWPV,No,0,0.013105895404329897,Male,0,No,Yes,27,Two year,No,Credit card (automatic),19.7,509.3,Low
5756-OZRIO,No,0,0.052493410122414416,Male,1,Yes,No,61,One year,DSL,Bank transfer (automatic),64.05,3902.6,Low
7683-CBDKJ,Yes,0,0.2792464662577031,Male,0,Yes,Yes,14,Month-to-month,DSL,Electronic check,65.45,937.6,Low
5066-GFJMM,No,0,0.2506647430594423,Female,0,Yes,No,3,Month-to-month,No,Mailed check,19.9,45.75,Low
0526-SXDJP,No,0,0.006688177246628515,Male,0,Yes,No,72,Two year,DSL,Bank transfer (automatic),42.1,2962.0,Low
6437-UKHMV,Yes,1,0.6797242180617934,Female,0,No,No,7,Month-to-month,Fiber optic,Electronic check,79.7,586.05,High
5453-YBTWV,No,0,0.02280933250484367,Male,0,Yes,Yes,70,Two year,Fiber optic,Credit card (automatic),101.1,6994.8,Low
0654-HMSHN,Yes,1,0.5518251261547877,Male,0,Yes,Yes,21,Month-to-month,Fiber optic,Electronic check,104.4,2157.95,Medium
6023-GSSXW,No,0,0.015382491750882219,Female,0,Yes,No,69,Two year,DSL,Credit card (automatic),61.45,4131.2,Low
9732-EQMWY,No,0,0.3653900313225108,Female,0,Yes,No,49,Month-to-month,Fiber optic,Electronic check,99.4,5025.0,Medium
8563-OYMQY,No,0,0.49806714327133245,Male,0,No,No,17,Month-to-month,Fiber optic,Credit card (automatic),90.95,1612.2,Medium
1197-BVMVG,No,1,0.7672243284979968,Female,1,No,No,4,Month-to-month,Fiber optic,Electronic check,74.45,294.45,High
2234-XADUH,No,0,0.1515583395407376,Female,0,Yes,Yes,72,One year,Fiber optic,Credit card (automatic),103.2,7362.9,Low
6344-SFJVH,No,0,0.2689043958334148,Female,0,No,No,20,Month-to-month,DSL,Credit card (automatic),24.9,505.95,Low
0690-SRQID,No,0,0.22757369060711927,Male,0,No,No,4,Month-to-month,No,Mailed check,19.65,67.55,Low
6712-OAWRH,Yes,1,0.6569485857598608,Female,1,No,No,26,Month-to-month,Fiber optic,Electronic check,91.25,2351.8,High
8885-QSQBX,No,0,0.2859124969217241,Female,0,No,No,1,Month-to-month,DSL,Bank transfer (automatic),49.55,49.55,Low
4797-MIWUM,No,0,0.1819960340910604,Male,0,Yes,Yes,7,Month-to-month,No,Bank transfer (automatic),20.25,174.7,Low
4140-MUHUG,Yes,1,0.7554365467254415,Female,1,No,No,3,Month-to-month,Fiber optic,Electronic check,86.85,220.95,High
9067-SQTNS,No,0,0.012531430848146063,Male,0,Yes,Yes,44,One year,No,Bank transfer (automatic),20.6,926.0,Low
1685-VAYJF,No,0,0.24497818065027216,Male,0,No,No,11,Month-to-month,DSL,Credit card (automatic),45.2,492.0,Low
4822-NGOCH,Yes,1,0.6335772385101729,Female,0,No,No,13,Month-to-month,Fiber optic,Electronic check,84.45,1058.6,High
2143-LJULT,No,0,0.004468012512396147,Female,0,Yes,No,67,Two year,No,Credit card (automatic),25.25,1733.15,Low
7239-HZZCX,Yes,0,0.19597370780465848,Male,0,No,No,1,Month-to-month,No,Mailed check,19.75,19.75,Low
9643-AVVWI,No,1,0.5024558410446394,Female,0,Yes,Yes,3,Month-to-month,Fiber optic,Electronic check,80.0,241.3,Medium
0612-RTZZA,Yes,1,0.6413034066952691,Female,1,No,No,1,Month-to-month,DSL,Electronic check,25.25,25.25,High
1763-KUAAW,No,0,0.07033158873092744,Female,1,No,No,18,One year,No,Bank transfer (automatic),20.35,369.6,Low
8445-DNBAE,No,1,0.5349713408435102,Male,0,No,Yes,1,Month-to-month,DSL,Electronic check,50.05,50.05,Medium
4342-HFXWS,No,0,0.022532863317943578,Female,0,Yes,Yes,48,One year,DSL,Bank transfer (automatic),69.7,3023.65,Low
1455-UGQVH,Yes,1,0.758263567217084,Male,0,Yes,No,10,Month-to-month,Fiber optic,Electronic check,98.5,1037.75,High
6368-NWMCE,No,0,0.11120512416696567,Female,0,No,No,38,Month-to-month,DSL,Credit card (automatic),68.15,2656.3,Low
6286-ZHAOK,No,0,0.13754522472837152,Female,0,Yes,Yes,20,Month-to-month,No,Bank transfer (automatic),25.55,507.4,Low
1589-AGTLK,Yes,0,0.4916250623540498,Male,0,No,No,3,Month-to-month,DSL,Electronic check,45.35,141.5,Medium
1853-UDXBW,Yes,1,0.6430104139383289,Male,0,Yes,Yes,1,Month-to-month,Fiber optic,Electronic check,70.0,70.0,High
2672-OJQZP,No,0,0.36672937745279566,Female,0,No,No,1,Month-to-month,DSL,Mailed check,44.75,44.75,Medium
0536-ACXIP,No,0,0.12005795477492419,Female,0,Yes,No,72,Two year,Fiber optic,Electronic check,109.55,8165.1,Low
2402-TAIRZ,No,0,0.1907829723758629,Female,0,No,No,37,One year,Fiber optic,Electronic check,80.05,3019.1,Low
3164-YAXFY,No,0,0.15969373971691883,Male,0,No,No,57,Month-to-month,DSL,Electronic check,53.75,3196.0,Low
0577-WHMEV,No,0,0.4406513486507724,Female,0,Yes,No,16,Month-to-month,Fiber optic,Electronic check,90.7,1374.9,Medium
3039-MJSLN,No,0,0.15780494104521434,Male,0,No,Yes,3,Month-to-month,No,Bank transfer (automatic),20.2,50.6,Low
2990-OGYTD,No,0,0.021963522004600937,Female,0,Yes,No,67,Two year,DSL,Bank transfer (automatic),86.15,5883.85,Low
5895-QSXOD,No,0,0.45139222505759086,Male,0,No,No,9,Month-to-month,Fiber optic,Mailed check,70.05,657.5,Medium
6625-IUTTT,No,0,0.010486884432911698,Male,0,No,No,67,Two year,DSL,Bank transfer (automatic),65.55,4361.55,Low
1568-LJSZU,No,0,0.017174815780161907,Male,0,Yes,Yes,68,Two year,DSL,Credit card (automatic),92.2,6392.85,Low
9274-CNFMO,Yes,1,0.691395480582152,Male,1,Yes,No,4,Month-to-month,Fiber optic,Electronic check,74.95,308.7,High
5219-YIPTK,Yes,1,0.61741573359056,Female,0,Yes,No,33,Month-to-month,Fiber optic,Electronic check,104.4,3409.6,High
7351-MHQVU,No,0,0.2688945713315696,Female,0,No,No,6,Month-to-month,DSL,Credit card (automatic),50.95,307.6,Low
0840-DFEZH,No,1,0.7035799490448328,Female,0,No,No,7,Month-to-month,Fiber optic,Electronic check,75.35,564.65,High
8050-WYBND,No,0,0.26340843381881635,Female,0,No,Yes,22,One year,DSL,Credit card (automatic),49.45,1031.4,Low
7638-QVMVY,Yes,1,0.6750203801067898,Female,0,No,No,7,Month-to-month,Fiber optic,Electronic check,79.0,522.95,High
5198-EFNBM,No,0,0.22462222786990746,Male,1,Yes,No,57,One year,Fiber optic,Electronic check,90.65,5199.8,Low
8874-EJNSR,No,0,0.010849103270330252,Male,0,Yes,Yes,39,Two year,No,Mailed check,25.2,987.95,Low
6621-YOBKI,No,0,0.16536038987738103,Male,0,No,No,5,Month-to-month,No,Mailed check,20.35,92.75,Low
4719-UMSIY,No,0,0.13639239171906972,Male,0,No,Yes,6,Month-to-month,No,Mailed check,19.65,100.9,Low
5804-HYIEZ,No,0,0.27014855686086436,Male,0,Yes,Yes,70,Month-to-month,Fiber optic,Electronic check,106.05,7554.05,Low
3023-GFLBR,Yes,0,0.34333247667531475,Female,0,Yes,Yes,33,Month-to-month,Fiber optic,Credit card (automatic),86.15,2745.7,Medium
3178-CIFOT,No,0,0.056036783250130964,Female,0,No,No,23,One year,No,Credit card (automatic),19.65,478.1,Low
6506-EYCNH,No,0,0.0726386595437002,Female,0,Yes,Yes,28,Month-to-month,No,Bank transfer (automatic),19.55,543.8,Low
6024-RUGGH,No,0,0.0029838194449043577,Male,0,Yes,Yes,72,Two year,No,Bank transfer (automatic),25.2,1798.9,Low
6313-GIDIT,Yes,0,0.2610289088200005,Male,1,No,No,53,Month-to-month,DSL,Electronic check,54.45,2854.55,Low
6227-HWPWX,Yes,0,0.36826541785919414,Female,0,No,Yes,15,Month-to-month,Fiber optic,Bank transfer (automatic),69.0,994.8,Medium
8270-RKSAP,No,1,0.6091594105181234,Male,0,No,No,9,Month-to-month,Fiber optic,Electronic check,70.5,597.9,High
0396-UKGAI,No,0,0.13265524459495823,Male,0,No,Yes,23,Month-to-month,DSL,Bank transfer (automatic),55.3,1284.2,Low
9620-ENEJV,No,0,0.4722083689790258,Female,0,No,No,6,Month-to-month,Fiber optic,Credit card (automatic),70.55,433.95,Medium
8019-ENHXU,Yes,0,0.3868797335537711,Male,0,Yes,No,42,Month-to-month,Fiber optic,Electronic check,99.45,4138.05,Medium
7278-CKDNC,No,1,0.5998351558953713,Male,1,No,No,24,Month-to-month,Fiber optic,Electronic check,80.5,2088.45,Medium
7253-UVNDW,Yes,0,0.014402900608799833,Female,0,No,No,46,Two year,DSL,Credit card (automatic),54.35,2460.15,Low
6351-SCJKT,No,0,0.28290967148845425,Male,0,No,No,3,Month-to-month,DSL,Mailed check,41.35,107.25,Low
8659-HDIYE,No,0,0.06645139773646015,Female,1,No,No,64,Month-to-month,DSL,Credit card (automatic),74.65,4869.35,Low
6741-QRLUP,No,0,0.015935082798781034,Female,0,No,No,63,Two year,DSL,Credit card (automatic),80.3,4995.35,Low
5171-EPLKN,No,0,0.015309184337974317,Male,0,No,No,27,Two year,No,Credit card (automatic),19.85,470.0,Low
4250-ZBWLV,Yes,0,0.13481638116436104,Male,0,No,No,68,One year,Fiber optic,Electronic check,108.45,7176.55,Low
1171-TYKUR,No,0,0.041257693556966075,Male,0,Yes,No,47,Month-to-month,No,Electronic check,25.4,1139.2,Low
2434-EEVDB,No,0,0.06425167843301187,Female,0,Yes,No,64,Two year,Fiber optic,Credit card (automatic),94.6,5948.7,Low
3057-VJJQE,No,0,0.03166338591415354,Male,0,No,No,35,Two year,DSL,Mailed check,55.25,1924.1,Low
1301-LOPVR,No,0,0.08450836438902823,Male,0,Yes,Yes,29,One year,DSL,Credit card (automatic),55.35,1636.95,Low
9833-TGFHX,No,0,0.21305339348210134,Male,0,Yes,Yes,42,One year,Fiber optic,Electronic check,97.1,4016.75,Low
6916-HIJSE,No,0,0.015974527498986302,Female,0,No,No,65,Two year,DSL,Bank transfer (automatic),84.85,5459.2,Low
7542-CYDDM,No,0,0.09196788017633548,Male,0,No,No,18,Month-to-month,No,Mailed check,20.05,358.5,Low
5206-XZZQI,No,0,0.13906919574230805,Male,0,No,No,53,Month-to-month,Fiber optic,Mailed check,80.6,4348.1,Low
6374-AFWOX,No,0,0.010840682346355629,Male,0,Yes,No,46,Two year,DSL,Mailed check,65.65,3047.15,Low
8461-EFQYM,No,0,0.051499039430397076,Female,0,No,No,38,One year,No,Electronic check,24.25,914.4,Low
9499-XPZXM,No,0,0.005712247426821672,Female,0,Yes,No,72,Two year,DSL,Bank transfer (automatic),64.75,4804.75,Low
8466-PZBLH,No,0,0.035670786545262,Male,0,Yes,Yes,67,Two year,Fiber optic,Bank transfer (automatic),104.6,6885.75,Low
6257-DTAYD,No,0,0.06271308151626817,Male,0,Yes,No,71,Two year,Fiber optic,Credit card (automatic),104.15,7365.3,Low
7750-EYXWZ,No,0,0.2887750429068802,Female,0,No,No,12,One year,DSL,Electronic check,60.65,743.3,Low
6729-GDNGC,No,0,0.47942979755158327,Female,1,No,No,20,Month-to-month,Fiber optic,Bank transfer (automatic),80.7,1614.2,Medium
4029-HPFVY,No,1,0.5905411693592149,Male,0,No,No,3,Month-to-month,Fiber optic,Mailed check,70.3,220.4,Medium
9388-ZEYVT,No,0,0.08312401334821047,Male,0,No,No,43,One year,DSL,Electronic check,44.15,1931.3,Low
9774-NRNAU,No,0,0.3195239772704985,Male,1,Yes,No,27,Month-to-month,DSL,Bank transfer (automatic),84.8,2309.55,Medium
7629-WFGLW,No,0,0.10948612232636581,Female,1,Yes,No,56,One year,Fiber optic,Electronic check,95.65,5471.75,Low
0319-QZTCO,No,0,0.3768897723576955,Female,0,Yes,Yes,3,Month-to-month,DSL,Credit card (automatic),58.7,168.6,Medium
1708-PBBOA,No,0,0.08986950077433827,Female,0,No,No,42,One year,DSL,Electronic check,54.75,2348.45,Low
2303-PJYHN,No,0,0.20217185801249274,Female,0,Yes,No,2,Month-to-month,No,Bank transfer (automatic),19.85,52.0,Low
7284-BUYEC,No,1,0.5861872364409599,Female,0,No,No,5,Month-to-month,DSL,Credit card (automatic),50.95,229.4,Medium
8184-WMOFI,No,0,0.014645733405501274,Male,0,Yes,Yes,62,One year,DSL,Credit card (automatic),71.4,4487.3,Low
0011-IGKFF,Yes,1,0.7077791185122391,Male,1,Yes,No,13,Month-to-month,Fiber optic,Electronic check,98.0,1237.85,High
9739-JLPQJ,No,0,0.03997240742291993,Female,0,Yes,Yes,72,Two year,Fiber optic,Credit card (automatic),117.5,8670.1,Low
1122-YJBCS,No,0,0.01456155110444839,Male,0,Yes,No,69,One year,DSL,Credit card (automatic),53.65,3804.4,Low
6543-JXSOO,No,0,0.05677624348069348,Female,0,Yes,Yes,23,One year,DSL,Mailed check,57.75,1282.85,Low
5380-AFSSK,Yes,1,0.7288670370409391,Female,0,No,No,5,Month-to-month,Fiber optic,Mailed check,93.9,486.85,High
2812-REYAT,No,0,0.01660166007413462,Female,0,Yes,No,49,One year,No,Bank transfer (automatic),20.05,923.1,Low
5135-RDDQL,No,0,0.009673525732093288,Female,0,Yes,Yes,63,Two year,DSL,Bank transfer (automatic),50.65,3221.25,Low
2882-WDTBA,No,0,0.008254254031250815,Male,0,Yes,Yes,69,Two year,DSL,Bank transfer (automatic),75.75,5388.15,Low
4806-DXQCE,No,0,0.09775477649104712,Female,1,Yes,No,70,Two year,Fiber optic,Electronic check,113.65,7714.65,Low
0748-RDGGM,Yes,0,0.08092268487683162,Male,0,Yes,No,70,One year,Fiber optic,Bank transfer (automatic),109.5,7534.65,Low
6933-FHBZC,No,0,0.12999226909321687,Female,0,No,No,26,One year,DSL,Mailed check,56.05,1553.2,Low
0537-QYZZN,No,0,0.48170617567117363,Male,1,Yes,Yes,24,Month-to-month,Fiber optic,Electronic check,79.85,1857.75,Medium
4648-YPBTM,No,0,0.030618631128471293,Male,0,No,No,53,Two year,DSL,Bank transfer (automatic),73.9,3958.25,Low
4670-TABXH,No,0,0.0673155429840102,Male,0,Yes,No,72,Two year,Fiber optic,Credit card (automatic),109.75,7758.9,Low
3002-WQZWT,No,1,0.5076159264517307,Female,0,No,No,29,Month-to-month,Fiber optic,Electronic check,74.2,1993.25,Medium
1113-IUJYX,Yes,0,0.19589653917823463,Female,0,Yes,No,14,One year,Fiber optic,Mailed check,105.95,1348.9,Low
7404-JLKQG,No,0,0.45634599111115404,Female,0,No,No,3,Month-to-month,DSL,Electronic check,57.55,161.45,Medium
6900-RBKER,No,0,0.11524022539043775,Male,0,No,No,52,Two year,Fiber optic,Credit card (automatic),89.45,4577.75,Low
9281-CEDRU,No,0,0.008054733414030867,Female,0,Yes,No,68,Two year,DSL,Bank transfer (automatic),64.1,4326.25,Low
5908-QMGOE,Yes,1,0.5909190132689095,Male,1,No,No,15,Month-to-month,Fiber optic,Credit card (automatic),74.2,1133.9,Medium
8204-YJCLA,No,0,0.015686069064057187,Male,1,Yes,Yes,72,Two year,DSL,Bank transfer (automatic),64.8,4732.35,Low
6300-BWMJX,No,0,0.21670418271665495,Female,0,Yes,No,59,Month-to-month,Fiber optic,Electronic check,93.35,5386.5,Low
2243-FNMMI,No,0,0.08395366217392584,Male,0,No,No,20,Month-to-month,No,Mailed check,19.4,415.4,Low
6253-WRFHY,No,0,0.3094702912543071,Male,0,Yes,Yes,13,One year,DSL,Electronic check,64.75,877.35,Medium
8292-TYSPY,Yes,0,0.18185990339658065,Male,0,No,No,19,Month-to-month,DSL,Credit card (automatic),55.0,1046.5,Low
7710-JSYOA,No,0,0.04529389951608128,Female,0,Yes,Yes,69,Two year,Fiber optic,Bank transfer (automatic),93.3,6398.05,Low
9995-HOTOH,No,0,0.02217060041272793,Male,0,Yes,Yes,63,Two year,DSL,Electronic check,59.0,3707.6,Low
5438-QMDDL,No,0,0.30741186323151015,Female,0,Yes,No,19,Month-to-month,DSL,Mailed check,59.8,1130.85,Medium
7945-HLKEA,No,0,0.027026460414378204,Female,0,No,No,60,One year,DSL,Electronic check,64.75,4039.5,Low
3982-JGSFD,No,0,0.027484235764632083,Male,0,No,No,36,One year,No,Credit card (automatic),20.35,695.85,Low
3481-JHUZH,No,0,0.4046029981471873,Male,0,Yes,No,41,Month-to-month,Fiber optic,Electronic check,80.25,3439.0,Medium
5590-ZSKRV,No,0,0.18529900623884807,Female,0,Yes,Yes,8,Month-to-month,DSL,Mailed check,54.65,482.25,Low
1423-BMPBQ,No,0,0.23875651255596825,Female,0,Yes,Yes,1,Month-to-month,No,Mailed check,19.0,19.0,Low
9274-UARKJ,No,1,0.5069423629978012,Female,0,No,No,15,Month-to-month,Fiber optic,Bank transfer (automatic),83.2,1130.0,Medium
7129-ACFOG,No,0,0.4563132905148121,Female,0,No,No,5,Month-to-month,DSL,Electronic check,53.8,283.95,Medium
4947-DSMXK,No,0,0.4704192232680289,Male,0,Yes,Yes,34,Month-to-month,Fiber optic,Bank transfer (automatic),97.7,3410.0,Medium
7878-RTCZG,No,0,0.20554074675153744,Female,0,No,No,1,Month-to-month,No,Mailed check,19.9,19.9,Low
3351-NQLDI,Yes,0,0.0696302827796546,Female,0,Yes,Yes,67,One year,Fiber optic,Credit card (automatic),94.35,6341.45,Low
0823-HSCDJ,Yes,0,0.25206076860989585,Male,1,No,No,52,Month-to-month,DSL,Electronic check,49.15,2550.9,Low
8199-ZLLSA,Yes,0,0.1276995206786235,Male,0,No,No,67,One year,Fiber optic,Bank transfer (automatic),118.35,7804.15,Low
8929-KSWIH,No,0,0.12635264696388365,Male,0,No,No,25,Two year,Fiber optic,Bank transfer (automatic),99.3,2513.5,Low
2236-HILPA,No,0,0.0022179045134217497,Male,0,Yes,Yes,62,Two year,No,Credit card (automatic),20.65,1218.45,Low
8390-FESFV,No,0,0.023170759515532532,Female,0,No,No,62,Two year,DSL,Bank transfer (automatic),84.5,5193.2,Low
5304-EFJLP,No,0,0.0990242263590318,Male,1,Yes,No,72,Two year,Fiber optic,Bank transfer (automatic),111.65,8022.85,Low
9250-WYPLL,Yes,1,0.6422702830556779,Female,0,No,No,5,Month-to-month,Fiber optic,Electronic check,75.55,413.65,High
0471-LVHGK,Yes,0,0.20844901150098719,Male,0,Yes,No,41,One year,DSL,Electronic check,73.0,3001.2,Low
4049-ZPALD,No,0,0.07534966385452352,Female,0,Yes,No,64,Two year,Fiber optic,Bank transfer (automatic),99.0,6375.8,Low
4450-DLLMH,No,1,0.5808605803417026,Male,0,No,No,2,Month-to-month,Fiber optic,Credit card (automatic),71.3,157.75,Medium
5214-CHIWJ,No,0,0.03408449092673285,Male,0,No,No,27,One year,No,Mailed check,20.3,595.05,Low
2623-DRYAM,No,0,0.2689882494299889,Female,0,Yes,No,70,One year,Fiber optic,Electronic check,101.75,7069.3,Low
0258-NOKBL,No,1,0.6045476086311287,Male,0,No,No,3,Month-to-month,Fiber optic,Electronic check,90.4,268.45,High
9364-YKUVW,No,0,0.14388325412273248,Male,0,No,No,15,Month-to-month,No,Mailed check,19.8,309.4,Low
4012-YCFAI,No,0,0.00848980383143114,Male,0,Yes,No,60,Two year,DSL,Mailed check,61.35,3766.2,Low
5846-NEQVZ,No,0,0.007171505355291457,Male,0,Yes,Yes,71,Two year,DSL,Credit card (automatic),70.85,4973.4,Low
7868-BGSZA,No,0,0.16174489744974627,Male,0,Yes,No,43,One year,DSL,Electronic check,80.2,3581.6,Low
0930-EHUZA,No,0,0.05523612370623358,Female,0,No,No,36,One year,DSL,Mailed check,76.35,2606.35,Low
1728-CXQBE,No,0,0.39027130743284005,Male,1,Yes,No,64,Month-to-month,Fiber optic,Electronic check,94.25,6081.4,Medium
2520-SGTTA,No,0,0.0595631380942633,Female,0,Yes,Yes,0,Two year,No,Mailed check,20.0,0.0,Low
2799-TSLAG,No,0,0.004667106215341023,Female,0,Yes,Yes,65,Two year,No,Bank transfer (automatic),25.3,1748.55,Low
2499-AJYUA,No,0,0.0921709433248284,Female,1,Yes,No,72,Two year,Fiber optic,Credit card (automatic),110.8,7882.25,Low
9013-AQORL,No,0,0.09908559716466718,Female,0,No,Yes,48,Month-to-month,DSL,Credit card (automatic),45.55,2108.35,Low
6583-QGCSI,Yes,0,0.45364287281117466,Female,1,Yes,No,50,Month-to-month,Fiber optic,Electronic check,88.05,4367.35,Medium
8100-HZZLJ,No,0,0.1228821714784285,Female,0,No,Yes,43,Month-to-month,DSL,Electronic check,63.95,2737.05,Low
3030-YZADT,Yes,0,0.27923859207413426,Male,0,No,No,9,Month-to-month,DSL,Mailed check,44.95,431.0,Low
1622-HSHSF,No,0,0.26807634295715654,Female,0,No,No,1,Month-to-month,No,Mailed check,19.55,19.55,Low
8570-KLJYJ,No,0,0.061086884034432604,Female,0,No,No,36,One year,DSL,Mailed check,54.45,1893.5,Low
3629-ZNKXA,No,1,0.6915254407158324,Male,1,No,No,17,Month-to-month,Fiber optic,Electronic check,101.8,1752.45,High
4226-KKDON,No,0,0.34590944895779774,Male,0,No,No,8,Month-to-month,DSL,Electronic check,66.65,520.95,Medium
3156-QLHBO,No,0,0.1636303103371239,Male,0,No,Yes,2,Month-to-month,No,Mailed check,19.25,48.35,Low
0581-BXBUB,No,1,0.6130143489417865,Female,1,No,No,4,Month-to-month,Fiber optic,Electronic check,72.75,317.75,High
3472-OAOOR,No,0,0.2307936440362079,Male,0,Yes,Yes,19,Month-to-month,DSL,Mailed check,34.95,610.2,Low
0916-KNFAJ,No,0,0.025740564915705103,Male,0,Yes,No,61,Two year,DSL,Mailed check,69.9,4226.7,Low
3441-CGZJH,No,0,0.07223069577936089,Female,0,Yes,Yes,43,One year,DSL,Credit card (automatic),60.4,2640.55,Low
9572-WUKSB,No,1,0.5261153795629124,Male,0,Yes,No,3,Month-to-month,DSL,Electronic check,29.9,92.25,Medium
0707-HOVVN,No,0,0.02165702579006398,Female,1,No,No,70,Two year,DSL,Bank transfer (automatic),75.5,5212.65,Low
5747-PMBSQ,Yes,1,0.5014489350874479,Male,1,Yes,No,10,Month-to-month,Fiber optic,Mailed check,92.5,934.1,Medium
5639-NTUPK,No,0,0.20059120793711285,Male,0,No,Yes,13,Month-to-month,DSL,Credit card (automatic),52.1,670.65,Low
0691-IFBQW,Yes,0,0.3584822718625444,Female,1,No,No,46,One year,Fiber optic,Electronic check,110.0,4874.8,Medium
2450-ZKEED,No,0,0.1222812614505919,Female,0,No,No,11,One year,DSL,Bank transfer (automatic),53.8,651.55,Low
5143-WMWOG,Yes,0,0.24904695861465556,Male,0,No,No,1,Month-to-month,No,Electronic check,19.95,19.95,Low
3780-YVMFA,No,0,0.40322749853436185,Female,0,Yes,Yes,8,Month-to-month,DSL,Electronic check,68.55,564.35,Medium
6234-RAAPL,No,0,0.023030741533864554,Female,0,Yes,Yes,72,Two year,Fiber optic,Bank transfer (automatic),99.9,7251.7,Low
5707-ORNDZ,Yes,0,0.37602407266027066,Male,1,No,No,9,Month-to-month,DSL,Electronic check,54.55,494.05,Medium
2344-JMOGN,Yes,0,0.4541024759949779,Male,0,Yes,No,9,Month-to-month,Fiber optic,Mailed check,94.85,890.6,Medium
0913-XWSCN,No,0,0.21744671494396178,Male,0,Yes,Yes,55,Month-to-month,Fiber optic,Bank transfer (automatic),85.5,4713.4,Low
8985-OOPOS,No,0,0.21105924622002445,Female,0,No,No,1,One year,DSL,Credit card (automatic),74.1,74.1,Low
2675-OTVVJ,No,0,0.4440486164953794,Male,1,Yes,No,31,Month-to-month,Fiber optic,Electronic check,89.45,2807.65,Medium
1597-FZREH,Yes,0,0.414076900358195,Female,0,No,No,2,Month-to-month,DSL,Electronic check,76.4,160.8,Medium
4102-OQUPX,Yes,1,0.7781381927064072,Male,1,Yes,No,1,Month-to-month,Fiber optic,Electronic check,74.4,74.4,High
0363-SVHYR,No,0,0.010645779019880064,Male,0,Yes,Yes,71,Two year,DSL,Bank transfer (automatic),86.85,6263.8,Low
8992-VONJD,No,0,0.26135320375031723,Female,0,No,Yes,13,Month-to-month,DSL,Electronic check,56.0,764.55,Low
5208-FVQKB,No,0,0.005406783314961603,Male,0,Yes,No,70,Two year,DSL,Mailed check,67.95,4664.15,Low
6483-OATDN,No,0,0.23871767826499335,Male,0,Yes,Yes,8,Month-to-month,DSL,Credit card (automatic),51.3,411.6,Low
1269-FOYWN,No,0,0.012263568338464361,Male,0,Yes,Yes,44,One year,No,Bank transfer (automatic),20.0,860.85,Low
8963-JLGJT,No,0,0.2272811956250867,Male,0,No,Yes,3,Month-to-month,DSL,Mailed check,55.9,157.55,Low
5999-LCXAO,No,0,0.41385432375931247,Female,0,No,No,1,Month-to-month,DSL,Mailed check,29.9,29.9,Medium
2819-GWENI,No,0,0.0289279081925479,Female,0,Yes,Yes,28,One year,No,Mailed check,19.9,543.0,Low
2824-DXNKN,No,0,0.01503841482748802,Female,0,Yes,Yes,72,Two year,DSL,Bank transfer (automatic),71.45,5025.85,Low
4425-OWHWB,No,0,0.06506940064014738,Female,0,No,No,20,One year,No,Credit card (automatic),19.35,433.75,Low
2038-YSEZE,No,0,0.08988022608334319,Female,0,No,No,29,Month-to-month,DSL,Mailed check,67.45,1801.1,Low
4822-RVYBB,Yes,1,0.8056694512558785,Male,1,No,No,8,Month-to-month,Fiber optic,Electronic check,100.6,819.4,High
6365-HITVU,No,0,0.008273950033132915,Female,0,Yes,Yes,71,Two year,DSL,Credit card (automatic),87.25,6328.7,Low
0640-YJTPY,No,0,0.0014877478887438062,Male,0,Yes,Yes,72,Two year,No,Bank transfer (automatic),21.0,1493.75,Low
9233-PSYHO,No,0,0.39246662858573206,Female,1,No,No,45,One year,Fiber optic,Bank transfer (automatic),100.15,4459.8,Medium
7480-SPLEF,No,0,0.003553044656845855,Male,0,Yes,Yes,69,Two year,No,Bank transfer (automatic),26.0,1796.55,Low
7049-GKVZY,No,0,0.086521761855045,Female,0,No,No,17,One year,DSL,Credit card (automatic),79.85,1387.35,Low
8221-EQDGL,No,0,0.08249377029083739,Male,0,Yes,No,35,Month-to-month,DSL,Mailed check,61.0,2130.45,Low
1818-ESQMW,No,0,0.44525931233817784,Female,0,No,No,27,Month-to-month,Fiber optic,Electronic check,89.2,2383.6,Medium
0052-DCKON,No,0,0.10333657788319892,Male,0,Yes,No,66,One year,Fiber optic,Bank transfer (automatic),115.8,7942.15,Low
2114-MGINA,Yes,1,0.601826765206008,Female,0,No,No,14,Month-to-month,Fiber optic,Mailed check,89.8,1129.1,High
9489-JMTTN,No,0,0.010857010072747203,Female,0,Yes,Yes,72,Two year,DSL,Credit card (automatic),89.75,6595.9,Low
3620-EHIMZ,No,0,0.004272261750382883,Female,0,Yes,Yes,52,Two year,No,Mailed check,19.35,1031.7,Low
2272-JKMSI,No,0,0.20511355432841483,Female,0,Yes,Yes,62,One year,Fiber optic,Electronic check,110.8,6840.95,Low
9992-RRAMN,Yes,1,0.6370244897167175,Male,0,Yes,No,22,Month-to-month,Fiber optic,Electronic check,85.1,1873.7,High
3266-FTKHB,No,0,0.028057122960760142,Male,0,No,No,17,Two year,No,Mailed check,19.15,343.45,Low
4013-UBXWQ,Yes,1,0.5163303805958651,Female,0,No,No,7,Month-to-month,DSL,Electronic check,74.65,521.1,Medium
9415-TPKRV,No,0,0.3673260919476406,Female,0,Yes,Yes,8,Month-to-month,DSL,Electronic check,55.75,446.8,Medium
6169-PPETC,No,0,0.009988046709687557,Male,0,Yes,Yes,35,Two year,No,Bank transfer (automatic),20.5,759.35,Low
7691-KGKGP,No,0,0.037110415658787727,Male,0,Yes,Yes,53,Month-to-month,DSL,Credit card (automatic),65.0,3363.8,Low
2782-LFZVW,No,0,0.4637758219504604,Female,0,No,No,11,Month-to-month,DSL,Mailed check,58.95,601.6,Medium
0365-GXEZS,No,0,0.3585622694183759,Male,0,Yes,No,18,Month-to-month,Fiber optic,Electronic check,78.2,1468.75,Medium
0769-MURVM,No,0,0.00887367208527478,Female,0,Yes,Yes,72,Two year,DSL,Bank transfer (automatic),65.7,4575.35,Low
4422-QVIJA,No,0,0.12708192579922464,Female,0,No,Yes,35,Month-to-month,DSL,Mailed check,50.15,1655.35,Low
1309-XGFSN,No,0,0.15613212461158205,Male,1,Yes,Yes,52,One year,DSL,Electronic check,80.85,4079.55,Low
4707-YNOQA,No,0,0.03845599410203348,Female,0,Yes,Yes,34,One year,No,Credit card (automatic),25.6,917.15,Low
2675-IJRGJ,No,0,0.004409968256059346,Male,0,No,No,53,Two year,No,Bank transfer (automatic),19.65,978.0,Low
9625-QSTYE,Yes,1,0.5653776470667629,Female,0,No,No,13,Month-to-month,Fiber optic,Electronic check,81.15,952.3,Medium
1320-GVNHT,No,0,0.060912966167870085,Male,0,Yes,Yes,72,Two year,Fiber optic,Credit card (automatic),108.4,7767.25,Low
0617-AQNWT,Yes,0,0.01409813933226473,Female,0,Yes,No,64,Two year,DSL,Electronic check,47.85,3147.5,Low
5124-EOGYE,No,0,0.013921414328765851,Male,0,No,No,31,Two year,No,Mailed check,20.45,638.55,Low
9330-DHBFL,No,0,0.06223353971630126,Female,0,Yes,Yes,23,One year,DSL,Mailed check,66.25,1533.8,Low
4451-RWASJ,No,0,0.07131410533345756,Male,0,Yes,Yes,15,One year,No,Mailed check,19.5,239.75,Low
4815-TUMEQ,No,0,0.11084125378276292,Female,0,No,No,10,One year,No,Mailed check,19.3,185.2,Low
9818-XQCUV,No,0,0.19769508660654747,Female,0,No,No,2,Month-to-month,No,Mailed check,20.35,45.3,Low
8679-JOEVF,Yes,0,0.2954197721792153,Female,1,No,No,16,Month-to-month,DSL,Electronic check,59.4,1023.9,Low
2740-TVLFN,No,1,0.5768387350912523,Male,0,No,No,1,Month-to-month,DSL,Electronic check,50.15,50.15,Medium
6664-FPDAC,Yes,0,0.3228750858824687,Female,1,No,No,56,One year,Fiber optic,Electronic check,111.95,6418.9,Medium
1837-YQUCE,No,0,0.016522115163556412,Female,0,No,No,70,Two year,DSL,Bank transfer (automatic),58.35,4214.25,Low
5334-JLAXU,No,0,0.2035558874338666,Female,0,Yes,No,60,Month-to-month,Fiber optic,Credit card (automatic),94.1,5475.9,Low
8205-MQUGY,No,0,0.2770351018879208,Male,0,Yes,Yes,12,Month-to-month,DSL,Electronic check,49.2,571.15,Low
1550-EENBN,No,0,0.4439966355983955,Female,0,No,No,31,Month-to-month,Fiber optic,Electronic check,104.35,3205.6,Medium
4955-VCWBI,No,0,0.01343519706354617,Female,0,Yes,Yes,43,One year,No,Mailed check,20.0,817.95,Low
8614-VGMMV,Yes,0,0.43799818571509397,Female,0,No,No,15,Month-to-month,DSL,Electronic check,49.1,679.55,Medium
7730-CLDSV,No,0,0.04814147123258078,Female,0,Yes,Yes,72,Two year,Fiber optic,Bank transfer (automatic),98.65,7129.45,Low
7951-VRDVK,No,0,0.05465521467030124,Female,0,No,No,36,One year,DSL,Bank transfer (automatic),85.85,3003.55,Low
2748-MYRVK,Yes,0,0.15585610200192965,Female,0,No,No,63,One year,Fiber optic,Bank transfer (automatic),99.9,6137.0,Low
1334-FJSVR,Yes,1,0.6517009877749116,Male,0,No,No,1,Month-to-month,DSL,Electronic check,24.25,24.25,High
2612-RANWT,Yes,1,0.6939058474648008,Female,0,No,No,12,Month-to-month,Fiber optic,Bank transfer (automatic),100.15,1164.3,High
5605-XNWEN,No,0,0.004493172112606141,Male,1,Yes,No,72,Two year,No,Bank transfer (automatic),25.0,1802.55,Low
2718-GAXQD,Yes,0,0.430664887280419,Female,1,Yes,Yes,4,Month-to-month,DSL,Electronic check,46.0,181.6,Medium
1024-KPRBB,No,0,0.28910057424396685,Female,0,No,No,38,One year,Fiber optic,Mailed check,89.1,3342.0,Low
5204-QZXPU,Yes,0,0.48879768740925555,Male,0,No,No,19,Month-to-month,DSL,Electronic check,39.65,733.35,Medium
1536-HBSWP,No,0,0.4174319667401407,Female,0,No,No,1,Month-to-month,DSL,Electronic check,49.9,49.9,Medium
3166-PNEOF,No,0,0.017509035793346284,Female,0,No,No,61,Two year,DSL,Credit card (automatic),86.45,5175.3,Low
3523-BRGUW,No,0,0.04079373193906994,Male,1,No,No,26,One year,No,Credit card (automatic),19.3,504.2,Low
9290-SHCMB,No,1,0.7442025465714235,Female,1,No,No,13,Month-to-month,Fiber optic,Electronic check,96.85,1235.55,High
7432-FFVAR,No,0,0.10470526194277692,Female,0,Yes,Yes,46,One year,Fiber optic,Bank transfer (automatic),90.95,4236.6,Low
8749-CLJXC,No,0,0.1961213992126883,Male,0,No,No,1,Month-to-month,No,Mailed check,20.05,20.05,Low
1133-KXCGE,No,0,0.05609679341510034,Female,0,No,No,18,One year,No,Mailed check,20.1,407.05,Low
9474-PHLYD,Yes,0,0.4441807415263787,Female,0,No,No,15,Month-to-month,DSL,Electronic check,59.45,892.65,Medium
7240-ETPTR,Yes,1,0.6728110315339555,Female,0,Yes,No,9,Month-to-month,DSL,Electronic check,48.75,442.2,High
6331-EWIEB,Yes,1,0.6352326244837283,Male,0,No,No,20,Month-to-month,Fiber optic,Electronic check,85.25,1734.5,High
2265-CYWIV,Yes,1,0.7664804304148667,Female,1,Yes,No,4,Month-to-month,Fiber optic,Electronic check,99.6,347.65,High
3137-LUPIX,No,0,0.4117755643489197,Female,0,No,No,4,Month-to-month,DSL,Mailed check,64.4,253.0,Medium
3621-CEOVK,Yes,1,0.7648476458471878,Female,1,Yes,No,14,Month-to-month,Fiber optic,Electronic check,100.2,1369.8,High
8388-FYNPZ,No,0,0.3153200513376516,Male,0,No,No,4,Month-to-month,DSL,Electronic check,56.75,245.15,Medium
7688-AWMDX,No,0,0.0036625319639433853,Male,0,Yes,No,71,Two year,DSL,Bank transfer (automatic),54.5,3778.2,Low
4877-EVATK,Yes,0,0.1960967781355549,Male,0,No,No,1,Month-to-month,No,Mailed check,20.0,20.0,Low
6240-EURKS,Yes,0,0.4757132833988411,Female,0,No,Yes,18,Month-to-month,DSL,Electronic check,35.0,553.0,Medium
6050-FFXES,No,0,0.06410565283519681,Female,0,Yes,No,69,Two year,Fiber optic,Bank transfer (automatic),105.35,7240.65,Low
9955-QOPOY,No,0,0.03945519698846869,Male,0,Yes,No,69,One year,DSL,Credit card (automatic),60.8,4263.4,Low
3063-QFSZL,Yes,1,0.5791775195422117,Female,0,No,No,1,Month-to-month,DSL,Electronic check,55.4,55.4,Medium
2812-SFXMJ,No,0,0.17078170058459108,Male,0,No,Yes,1,Month-to-month,No,Mailed check,20.05,20.05,Low
5949-EBSQK,Yes,0,0.2328677656485164,Male,0,Yes,Yes,4,Month-to-month,DSL,Credit card (automatic),61.45,229.55,Low
7587-RZNME,Yes,0,0.4888012453802558,Male,0,No,No,3,Month-to-month,DSL,Electronic check,43.3,123.65,Medium
6496-JDSSB,No,1,0.6014257546675345,Female,0,No,No,8,Month-to-month,Fiber optic,Bank transfer (automatic),80.0,624.6,High
5606-AMZBO,No,0,0.49822531064004527,Female,0,Yes,No,10,Month-to-month,Fiber optic,Credit card (automatic),78.15,765.15,Medium
9888-ZCUMM,No,0,0.01693724887836633,Male,0,Yes,Yes,64,Two year,DSL,Bank transfer (automatic),60.05,3845.45,Low
9356-AXGMP,No,0,0.29851629869177154,Male,0,Yes,No,38,One year,Fiber optic,Electronic check,110.7,4428.6,Low
2018-PZKMU,No,0,0.4933865705548073,Male,0,Yes,Yes,9,Month-to-month,Fiber optic,Electronic check,103.1,970.45,Medium
9577-WJVCQ,No,0,0.031639849400479356,Female,0,No,No,68,Month-to-month,DSL,Mailed check,54.45,3687.75,Low
6022-UGGSO,Yes,0,0.450112148426423,Female,1,No,No,32,Month-to-month,Fiber optic,Electronic check,74.4,2276.95,Medium
0679-IDSTG,Yes,1,0.7081044702026106,Female,1,Yes,Yes,1,Month-to-month,Fiber optic,Electronic check,69.25,69.25,High
4228-ZGYUW,Yes,1,0.72940919128645,Male,0,No,No,4,Month-to-month,Fiber optic,Electronic check,90.05,368.1,High
0107-YHINA,Yes,1,0.7670236991824787,Male,0,No,Yes,1,Month-to-month,Fiber optic,Electronic check,99.75,99.75,High
2054-PJOCK,No,0,0.04769716341193533,Female,0,No,No,60,One year,DSL,Credit card (automatic),80.55,4847.05,Low
3571-RFHAR,Yes,0,0.3099866156054813,Male,0,No,No,65,Month-to-month,Fiber optic,Electronic check,109.15,6941.2,Medium
0827-ITJPH,No,0,0.013763101227200685,Male,0,No,No,36,Two year,No,Credit card (automatic),18.55,689.0,Low
7128-GGCNO,No,0,0.2189018586530354,Male,0,No,No,46,Month-to-month,Fiber optic,Bank transfer (automatic),72.8,3249.4,Low
6339-RZCBJ,No,0,0.0222825713960477,Male,0,No,No,48,Two year,DSL,Credit card (automatic),78.9,3771.5,Low
5312-UXESG,No,0,0.41607529996696746,Female,0,No,No,41,Month-to-month,Fiber optic,Bank transfer (automatic),98.05,3990.6,Medium
5701-ZIKJE,No,0,0.22815214115131352,Male,0,No,No,13,Month-to-month,DSL,Mailed check,50.55,610.75,Low
1099-BTKWT,No,0,0.06512107981712373,Female,0,Yes,No,68,One year,DSL,Electronic check,54.4,3723.65,Low
2495-INZWQ,Yes,1,0.699401009257593,Male,0,No,No,4,Month-to-month,DSL,Electronic check,44.55,174.3,High
6933-VLYFX,No,0,0.10675530119060628,Male,0,Yes,Yes,31,One year,DSL,Electronic check,59.95,1848.8,Low
2863-IMQDR,No,0,0.023370981548621265,Female,0,No,No,61,Two year,DSL,Electronic check,89.65,5308.7,Low
1383-EZRWL,Yes,0,0.16057263765293986,Female,0,No,No,7,Month-to-month,No,Mailed check,20.05,164.85,Low
7765-LWVVH,No,0,0.05820242524990652,Female,0,Yes,Yes,72,Two year,Fiber optic,Electronic check,95.1,6843.15,Low
9397-TZSHA,No,0,0.0027164572923490463,Female,0,No,No,69,Two year,No,Credit card (automatic),24.6,1678.05,Low
5447-WZAFP,No,0,0.2127151410967905,Female,0,No,No,53,One year,Fiber optic,Mailed check,100.3,5200.8,Low
2930-UOTMB,Yes,0,0.08961205885550949,Female,0,No,No,31,Month-to-month,DSL,Credit card (automatic),65.25,1994.3,Low
2485-ITVKB,Yes,1,0.7035992210229485,Female,0,Yes,No,2,Month-to-month,DSL,Electronic check,35.1,68.75,High
1624-NALOJ,Yes,1,0.7712955127721413,Male,1,No,No,5,Month-to-month,Fiber optic,Electronic check,89.8,502.6,High
0650-BWOZN,No,1,0.5801573151384083,Female,1,No,No,18,Month-to-month,Fiber optic,Electronic check,73.55,1359.45,Medium
3194-ORPIK,Yes,0,0.3023146964128051,Female,0,Yes,Yes,50,Month-to-month,Fiber optic,Bank transfer (automatic),84.4,4116.15,Medium
2719-BDAQO,Yes,0,0.47721639497382673,Male,0,No,No,17,Month-to-month,Fiber optic,Electronic check,93.85,1625.65,Medium
3088-FVYWK,No,0,0.004989450262393313,Male,0,Yes,Yes,53,Two year,No,Credit card (automatic),25.55,1336.1,Low
3910-MRQOY,No,0,0.0018622245929022592,Female,0,Yes,No,72,Two year,No,Bank transfer (automatic),19.4,1496.45,Low
6621-NRZAK,No,0,0.0022103986771473878,Female,0,Yes,Yes,63,Two year,No,Credit card (automatic),20.0,1209.25,Low
2625-TRCZQ,No,0,0.23265870225127,Female,0,Yes,No,51,Month-to-month,DSL,Electronic check,49.65,2553.35,Low
7593-JNWRU,Yes,0,0.3493992687025242,Male,0,Yes,Yes,6,Month-to-month,DSL,Bank transfer (automatic),44.6,260.8,Medium
2017-CCBLH,No,0,0.046304582399557453,Female,0,No,No,8,Two year,No,Mailed check,20.0,141.6,Low
6641-XRPSU,Yes,0,0.3163542552255171,Female,0,No,No,34,Month-to-month,Fiber optic,Credit card (automatic),70.0,2416.1,Medium
1073-XXCZD,No,0,0.005966800616726007,Male,0,Yes,No,55,Two year,No,Bank transfer (automatic),25.7,1443.65,Low
4632-XJMEX,No,0,0.012428920333538733,Male,0,No,Yes,53,One year,DSL,Credit card (automatic),62.85,3419.5,Low
4680-KUTAJ,No,0,0.4540017368910826,Female,1,No,No,11,Month-to-month,DSL,Electronic check,55.6,580.8,Medium
1322-AGOQM,Yes,0,0.08868442977207307,Male,0,No,No,46,Month-to-month,DSL,Bank transfer (automatic),30.3,1380.1,Low
4673-KKSLS,No,0,0.21912853862435397,Female,0,No,No,31,Month-to-month,Fiber optic,Electronic check,87.6,2724.25,Low
8421-WZOOW,No,0,0.18810921966388178,Female,1,Yes,Yes,57,Month-to-month,Fiber optic,Credit card (automatic),95.3,5567.45,Low
2436-QBZFP,No,0,0.3172328100866771,Female,0,Yes,Yes,22,Month-to-month,DSL,Electronic check,39.2,849.9,Medium
6308-CQRBU,No,0,0.07662550793015703,Female,0,Yes,No,71,Two year,Fiber optic,Electronic check,109.25,7707.7,Low
2904-GGUAZ,No,0,0.03563110479970846,Female,0,Yes,No,72,Two year,Fiber optic,Bank transfer (automatic),84.05,6052.25,Low
2123-AGEEN,No,1,0.7329640573171444,Female,1,No,No,7,Month-to-month,Fiber optic,Electronic check,84.35,609.65,High
1725-MIMXW,Yes,0,0.22561045054420426,Male,0,No,Yes,1,Month-to-month,No,Mailed check,19.45,19.45,Low
7776-QGYJC,No,0,0.20790591007085388,Female,0,Yes,Yes,39,Month-to-month,Fiber optic,Bank transfer (automatic),81.5,3107.3,Low
3712-PKXZA,No,0,0.007967068765708908,Male,0,Yes,No,61,One year,No,Credit card (automatic),20.55,1252.0,Low
2469-DTSGX,No,0,0.09601973393211545,Female,1,No,No,72,Two year,Fiber optic,Electronic check,111.65,7943.45,Low
8532-UEFWH,No,0,0.005750032748397772,Male,0,Yes,Yes,52,Two year,No,Mailed check,25.75,1345.85,Low
7330-WZLNC,Yes,1,0.7225829473036093,Female,0,No,No,5,Month-to-month,Fiber optic,Electronic check,90.8,455.5,High
2466-FCCPT,No,0,0.04371145087468412,Female,0,Yes,Yes,20,One year,No,Bank transfer (automatic),19.7,395.6,Low
1871-MOWRM,Yes,0,0.24959635739779015,Male,0,Yes,No,12,Month-to-month,Fiber optic,Bank transfer (automatic),80.85,866.45,Low
8622-ZLFKO,No,1,0.7305991596268405,Female,0,Yes,No,6,Month-to-month,Fiber optic,Electronic check,90.75,512.25,High
6898-MDLZW,No,0,0.216831516132196,Male,0,No,No,12,Month-to-month,DSL,Mailed check,53.75,648.65,Low
0390-DCFDQ,Yes,1,0.6796146973099022,Female,1,Yes,No,1,Month-to-month,Fiber optic,Mailed check,70.45,70.45,High
1784-BXEFA,No,0,0.18686101745976355,Female,0,No,No,10,Month-to-month,No,Mailed check,20.55,187.35,Low
9661-JALZV,No,0,0.006900101763237392,Female,0,No,No,58,Two year,No,Credit card (automatic),24.7,1519.0,Low
4335-UPJSI,No,0,0.01779576262484494,Female,0,No,Yes,24,Two year,No,Mailed check,19.75,498.1,Low
6680-NENYN,Yes,0,0.26832704652842604,Female,0,No,No,43,Two year,Fiber optic,Electronic check,104.6,4759.85,Low
0117-LFRMW,Yes,0,0.09008753173383323,Male,0,Yes,Yes,37,Month-to-month,DSL,Bank transfer (automatic),40.2,1448.8,Low
6616-AALSR,No,0,0.07860392661102487,Female,0,Yes,Yes,65,Two year,Fiber optic,Credit card (automatic),104.3,6725.3,Low
5442-UTCVD,Yes,1,0.655216408611557,Male,0,No,Yes,3,Month-to-month,Fiber optic,Electronic check,91.85,257.05,High
2873-ZLIWT,Yes,0,0.31280558328193625,Female,0,Yes,Yes,40,Month-to-month,Fiber optic,Electronic check,84.85,3303.05,Medium
2545-LXYVJ,No,0,0.0017594808599276437,Male,0,Yes,No,72,Two year,No,Bank transfer (automatic),20.7,1492.1,Low
5222-JCXZT,No,0,0.17234755750834452,Male,0,No,No,4,Month-to-month,No,Mailed check,19.0,78.9,Low
5136-GFPMB,No,0,0.24850610769442316,Male,0,No,No,54,Month-to-month,Fiber optic,Credit card (automatic),89.4,4869.5,Low
9548-ZMVTX,No,0,0.02261535640684512,Male,0,Yes,Yes,72,Two year,Fiber optic,Bank transfer (automatic),90.45,6565.85,Low
9281-OFDMF,No,0,0.45102186727355076,Male,1,No,No,39,Month-to-month,Fiber optic,Electronic check,90.7,3413.25,Medium
0348-SDKOL,Yes,0,0.2867366663659228,Female,0,Yes,No,58,Month-to-month,Fiber optic,Credit card (automatic),102.1,5885.4,Low
7032-LMBHI,No,0,0.07600522132847123,Female,0,No,No,37,One year,DSL,Bank transfer (automatic),64.65,2347.85,Low
6729-FZWSY,No,0,0.005899198995753597,Male,0,No,No,67,One year,No,Mailed check,19.45,1195.95,Low
5154-VEKBL,Yes,0,0.3212713379649652,Female,0,No,No,9,Month-to-month,DSL,Mailed check,58.5,539.85,Medium
2673-ZALNP,No,0,0.09455199739667236,Female,0,No,No,7,One year,No,Mailed check,19.9,173.15,Low
7065-YUNRY,Yes,0,0.4511935250953689,Female,0,No,No,1,Month-to-month,DSL,Mailed check,45.3,45.3,Medium
4013-GUXND,No,0,0.19649099583503907,Male,0,No,No,1,Month-to-month,No,Mailed check,20.8,20.8,Low
1866-OBPNR,No,0,0.430828820498058,Male,0,Yes,Yes,1,Month-to-month,Fiber optic,Credit card (automatic),74.6,74.6,Medium
6876-ADESB,Yes,0,0.38734529096012654,Male,0,No,Yes,1,Month-to-month,DSL,Electronic check,48.95,48.95,Medium
6986-IXNDM,No,1,0.6757990358038578,Male,0,No,No,14,Month-to-month,Fiber optic,Electronic check,92.9,1337.45,High
1293-BSEUN,No,0,0.0022005485976717494,Female,0,Yes,Yes,72,Two year,No,Mailed check,20.7,1482.3,Low
8433-WXGNA,Yes,1,0.5845730250330353,Male,0,No,No,2,Month-to-month,Fiber optic,Electronic check,75.7,189.2,Medium
3466-RITXD,No,0,0.37526038944074275,Male,0,No,No,26,Month-to-month,Fiber optic,Credit card (automatic),92.4,2349.8,Medium
2874-YXVVA,No,0,0.4439750581863963,Female,0,No,No,34,Month-to-month,Fiber optic,Electronic check,105.1,3634.8,Medium
4367-NHWMM,No,1,0.5939684197302106,Female,0,No,No,1,Month-to-month,DSL,Mailed check,24.9,24.9,Medium
0670-ANMUU,No,0,0.04918339709569949,Male,0,No,No,71,One year,Fiber optic,Credit card (automatic),97.65,6687.85,Low
1307-TVUFB,No,0,0.3665077900948389,Male,1,No,No,42,Month-to-month,Fiber optic,Bank transfer (automatic),79.35,3344.1,Medium
4059-IIEBK,No,1,0.6035782872029106,Female,0,No,No,7,Month-to-month,Fiber optic,Bank transfer (automatic),78.55,522.95,High
1658-XUHBX,No,0,0.3199618737011455,Female,1,Yes,Yes,59,Month-to-month,Fiber optic,Credit card (automatic),88.75,5348.65,Medium
9823-EALYC,No,0,0.009946502583879647,Male,0,Yes,Yes,72,Two year,DSL,Bank transfer (automatic),80.85,5727.45,Low
1792-UXAFY,Yes,1,0.639976870120599,Female,1,No,No,17,Month-to-month,Fiber optic,Electronic check,89.15,1496.9,High
1272-ILHFG,No,0,0.05284144063695668,Male,0,Yes,Yes,15,One year,No,Mailed check,19.65,332.65,Low
2057-BOYKM,No,0,0.0375051855716812,Female,1,Yes,No,72,Two year,Fiber optic,Bank transfer (automatic),96.6,6827.5,Low
2929-ERCFZ,Yes,1,0.6928695429173513,Female,0,Yes,Yes,8,Month-to-month,Fiber optic,Electronic check,94.2,777.3,High
2346-DJQTB,No,0,0.19988041751764513,Female,0,No,No,35,Month-to-month,DSL,Electronic check,24.15,812.5,Low
0404-SWRVG,Yes,1,0.7171259647636467,Male,0,No,No,3,Month-to-month,Fiber optic,Electronic check,74.4,229.55,High
3569-JFODW,No,0,0.011083781592332628,Female,0,Yes,Yes,72,Two year,DSL,Credit card (automatic),90.95,6652.45,Low
8107-KNCIM,No,1,0.6889727184475408,Male,1,Yes,No,14,Month-to-month,Fiber optic,Electronic check,75.1,1013.35,High
3766-EJLFL,No,0,0.06033043489813121,Female,0,Yes,Yes,68,Two year,Fiber optic,Bank transfer (automatic),109.05,7508.55,Low
2393-DIVAI,No,0,0.2486468667278982,Female,0,No,No,3,Month-to-month,No,Mailed check,20.0,61.7,Low
8512-WIWYV,No,0,0.02460633298800172,Male,0,No,No,32,One year,No,Credit card (automatic),20.35,707.5,Low
9084-OAYKL,No,0,0.0035248886298830627,Male,0,No,No,58,Two year,No,Mailed check,20.8,1212.25,Low
9122-UMROB,No,0,0.1962445396549132,Male,0,No,No,1,Month-to-month,No,Mailed check,20.3,20.3,Low
3904-UKFRE,No,1,0.62856812454844,Male,0,No,No,4,Month-to-month,Fiber optic,Electronic check,80.1,336.15,High
3763-GCZHZ,Yes,0,0.18608765237289182,Male,0,Yes,No,66,One year,Fiber optic,Electronic check,104.05,6890.0,Low
4806-HIPDW,Yes,1,0.6929022988046142,Female,0,Yes,No,1,Month-to-month,Fiber optic,Electronic check,68.95,68.95,High
0397-GZBBC,Yes,0,0.41310946981532803,Male,1,Yes,No,59,Month-to-month,Fiber optic,Bank transfer (automatic),93.85,5574.75,Medium
8148-NLEGT,No,0,0.013149910189099029,Female,0,Yes,Yes,42,Two year,No,Electronic check,22.95,1014.25,Low
6765-MBQNU,No,0,0.05092083917462462,Female,0,Yes,No,26,One year,No,Mailed check,26.0,684.05,Low
3070-DVEYC,Yes,1,0.5937719766947364,Male,1,No,No,7,Month-to-month,Fiber optic,Mailed check,73.75,545.15,Medium
0257-ZESQC,Yes,0,0.36643150124301976,Female,1,Yes,No,27,Month-to-month,Fiber optic,Bank transfer (automatic),75.2,1929.35,Medium
7783-YKGDV,Yes,1,0.5471424182707746,Female,0,No,No,12,Month-to-month,Fiber optic,Bank transfer (automatic),99.7,1238.45,Medium
0508-SQWPL,No,0,0.004673079683867295,Female,0,Yes,Yes,57,Two year,No,Bank transfer (automatic),20.1,1087.7,Low
7349-ALMUX,No,0,0.014419021619898754,Male,0,No,No,37,Two year,DSL,Bank transfer (automatic),65.6,2313.8,Low
7064-FRRSW,No,0,0.3944133919094367,Male,1,No,No,48,One year,Fiber optic,Electronic check,99.0,4744.35,Medium
0239-OXEXL,No,0,0.1756531398671807,Female,0,No,No,46,Month-to-month,Fiber optic,Mailed check,84.25,3847.6,Low
7551-JOHTI,Yes,0,0.2053368022736327,Female,0,No,No,1,Month-to-month,No,Mailed check,19.5,19.5,Low
2657-VPXTA,No,1,0.6756842767072471,Female,0,Yes,Yes,10,Month-to-month,Fiber optic,Electronic check,88.85,929.45,High
2498-XLDZR,No,0,0.021021132369978685,Female,0,Yes,Yes,32,Two year,DSL,Mailed check,73.6,2316.85,Low
2954-PIBKO,No,0,0.00716541194246427,Female,0,Yes,Yes,69,Two year,DSL,Credit card (automatic),64.15,4254.1,Low
6583-KQJLK,No,1,0.6979025830245885,Female,1,Yes,No,15,Month-to-month,Fiber optic,Electronic check,94.65,1285.05,High
2869-ADAWR,Yes,0,0.34365063379393224,Female,0,No,No,45,Month-to-month,Fiber optic,Credit card (automatic),89.3,4016.85,Medium
7633-MVPUY,No,0,0.012348014196270678,Male,0,Yes,No,57,Two year,DSL,Electronic check,59.75,3450.15,Low
4310-KEDTB,No,0,0.27084030167349,Female,0,No,Yes,26,Month-to-month,DSL,Mailed check,29.8,786.5,Low
1135-LMECX,No,0,0.205515245482423,Female,0,No,No,1,Month-to-month,No,Mailed check,19.85,19.85,Low
3701-SFMUH,No,0,0.25380506354351784,Male,0,Yes,Yes,7,Month-to-month,DSL,Credit card (automatic),69.7,516.15,Low
3129-AAQOU,No,0,0.030756985952643697,Female,0,Yes,Yes,19,Two year,No,Mailed check,25.6,485.9,Low
4732-RRJZC,No,0,0.13327396990823379,Male,0,Yes,Yes,7,Month-to-month,No,Mailed check,20.25,144.35,Low
1729-VLAZJ,No,0,0.10892878137310844,Female,0,No,Yes,10,One year,DSL,Mailed check,40.25,411.45,Low
7319-ZNRTR,No,0,0.041746781071729785,Male,0,Yes,Yes,25,One year,No,Electronic check,19.6,411.15,Low
4430-YHXGG,No,0,0.25569781571759453,Female,0,No,Yes,4,Month-to-month,No,Mailed check,25.45,84.2,Low
1475-VWVDO,No,1,0.6305440688226416,Male,0,No,No,7,Month-to-month,Fiber optic,Electronic check,74.9,490.55,High
7619-ODSGN,Yes,0,0.18140472324123558,Male,0,Yes,Yes,24,Month-to-month,DSL,Electronic check,54.75,1338.15,Low
4060-LDNLU,No,1,0.6955950823207026,Male,0,No,No,7,Month-to-month,Fiber optic,Electronic check,96.2,639.7,High
2325-WINES,No,0,0.38361878632559343,Female,0,No,No,32,One year,Fiber optic,Credit card (automatic),104.05,3416.85,Medium
4827-LTQRJ,No,0,0.11805949228168394,Female,1,Yes,Yes,66,One year,Fiber optic,Credit card (automatic),110.6,7210.85,Low
2792-LSHWX,No,0,0.3862561553243049,Female,0,No,No,1,Month-to-month,Fiber optic,Mailed check,83.4,83.4,Medium
9207-ZPANB,No,0,0.050089910064386435,Male,0,No,No,37,One year,DSL,Electronic check,67.45,2443.3,Low
4608-LCIMN,No,0,0.2587578493142725,Male,0,Yes,Yes,8,Month-to-month,DSL,Bank transfer (automatic),44.65,369.15,Low
9079-LWTFD,No,0,0.15320556562699456,Male,0,No,No,47,Month-to-month,Fiber optic,Mailed check,100.75,4669.2,Low
5376-DEQCP,Yes,1,0.6905903348495968,Female,0,No,No,1,Month-to-month,Fiber optic,Electronic check,70.6,70.6,High
4132-POCZS,No,0,0.1340396047086343,Male,0,Yes,No,52,Month-to-month,DSL,Electronic check,39.9,2020.9,Low
5816-QVHRX,No,0,0.31263884235154554,Female,0,No,No,37,Month-to-month,Fiber optic,Credit card (automatic),100.3,3541.4,Medium
1135-HIORI,No,0,0.2080771894073254,Female,0,Yes,Yes,64,One year,Fiber optic,Electronic check,111.45,7266.95,Low
7644-OMVMY,No,0,0.05631161481584426,Male,0,Yes,Yes,0,Two year,No,Mailed check,19.85,0.0,Low
0048-LUMLS,No,0,0.1812842839780903,Male,0,Yes,Yes,37,One year,Fiber optic,Credit card (automatic),91.2,3247.55,Low
3338-CVVEH,No,1,0.6676980541592553,Male,0,No,No,12,Month-to-month,Fiber optic,Electronic check,94.55,1173.55,High
3021-VLNRJ,No,0,0.02926674025122703,Female,0,No,Yes,50,One year,DSL,Credit card (automatic),70.8,3478.15,Low
5494-HECPR,Yes,1,0.7200283927823062,Female,0,No,No,1,Month-to-month,Fiber optic,Electronic check,80.25,80.25,High
2672-TGEFF,No,0,0.46011476108789046,Female,0,Yes,Yes,37,Month-to-month,Fiber optic,Electronic check,88.8,3340.55,Medium
7472-EQOAV,No,0,0.0612738896365916,Male,1,Yes,Yes,71,One year,Fiber optic,Bank transfer (automatic),86.7,6179.35,Low
3642-BYHDO,No,0,0.0016140344901056122,Female,0,Yes,Yes,71,Two year,No,Bank transfer (automatic),19.9,1389.35,Low
9018-PCIOK,No,0,0.031140162613212303,Female,0,No,No,55,Two year,DSL,Mailed check,64.75,3617.1,Low
6982-UQZLY,Yes,0,0.322254736022362,Female,1,Yes,No,1,Month-to-month,No,Mailed check,20.85,20.85,Medium
3709-OIJEA,No,0,0.22759047835639745,Male,0,No,No,26,One year,Fiber optic,Electronic check,85.2,2184.6,Low
9565-JSNFM,Yes,0,0.17965020744715773,Male,0,No,No,38,One year,Fiber optic,Bank transfer (automatic),70.45,2597.6,Low
9777-IQHWP,No,0,0.04144550001575858,Male,0,Yes,Yes,64,Two year,Fiber optic,Bank transfer (automatic),93.4,5822.3,Low
3334-CTHOL,Yes,1,0.5180788899897089,Female,0,No,No,1,Month-to-month,DSL,Bank transfer (automatic),49.95,49.95,Medium
3722-WPXTK,Yes,1,0.7478375525128748,Male,0,No,No,1,Month-to-month,Fiber optic,Electronic check,88.35,88.35,High
9294-TDIPC,No,0,0.1428929827498418,Male,0,No,Yes,5,Month-to-month,No,Mailed check,20.2,83.75,Low
4716-HHKQH,No,1,0.5579870015210788,Male,1,Yes,No,20,Month-to-month,Fiber optic,Electronic check,107.05,2172.05,Medium
9509-MPYOD,No,0,0.023794860404115152,Female,0,No,No,35,One year,No,Mailed check,20.75,700.45,Low
0134-XWXCE,No,0,0.07711643173232233,Female,1,No,No,44,One year,DSL,Bank transfer (automatic),74.85,3268.05,Low
9629-NHXFW,No,0,0.23898366778179153,Female,0,Yes,Yes,1,Month-to-month,No,Mailed check,19.4,19.4,Low
2637-FKFSY,No,0,0.433625711204495,Female,0,Yes,No,3,Month-to-month,DSL,Mailed check,46.1,130.15,Medium
7422-WNBTY,No,1,0.544465496905542,Male,0,Yes,No,33,Month-to-month,Fiber optic,Electronic check,93.35,3092.0,Medium
6857-VWJDT,Yes,1,0.680353845045285,Female,0,No,No,1,Month-to-month,Fiber optic,Mailed check,95.65,95.65,High
7762-URZQH,Yes,0,0.08908488980552962,Male,0,Yes,No,66,Two year,Fiber optic,Credit card (automatic),106.05,6981.35,Low
6242-SGYTS,No,0,0.09275276387292312,Male,0,Yes,Yes,62,One year,Fiber optic,Credit card (automatic),94.95,5791.85,Low
8750-QWZAJ,No,0,0.001703974728401541,Female,0,Yes,Yes,70,Two year,No,Bank transfer (automatic),19.8,1378.75,Low
0195-IESCP,Yes,1,0.7194808585221816,Male,0,Yes,No,10,Month-to-month,Fiber optic,Electronic check,85.25,855.3,High
4223-WOZCM,No,0,0.4031018061212578,Male,1,No,No,2,Month-to-month,DSL,Mailed check,49.95,107.1,Medium
2080-SRCDE,No,0,0.2206520326846821,Female,0,No,Yes,1,Month-to-month,No,Mailed check,25.4,25.4,Low
0815-MFZGM,No,0,0.11060440021866749,Female,0,Yes,No,42,Two year,Fiber optic,Credit card (automatic),99.0,4135.0,Low
0031-PVLZI,Yes,0,0.15972264162699862,Female,0,Yes,Yes,4,Month-to-month,No,Mailed check,20.35,76.35,Low
9732-OUYRN,No,0,0.010697026714735491,Female,0,Yes,No,49,One year,No,Credit card (automatic),19.0,918.7,Low
3070-BDOQC,No,0,0.1326922533440792,Female,0,No,No,60,Two year,Fiber optic,Electronic check,99.65,5941.05,Low
8058-JMEQO,Yes,1,0.7777926560199104,Female,1,No,No,9,Month-to-month,Fiber optic,Electronic check,84.45,762.5,High
8782-LKFPK,No,0,0.4145945827663412,Male,0,No,No,44,Month-to-month,Fiber optic,Mailed check,90.4,4063.0,Medium
2190-BCXEC,No,0,0.25473153514363905,Female,0,Yes,No,40,Month-to-month,Fiber optic,Credit card (automatic),78.85,3126.85,Low
2842-BCQGE,No,0,0.2968553399071641,Male,0,No,No,43,Month-to-month,Fiber optic,Credit card (automatic),75.35,3161.4,Low
1430-SFQSA,No,0,0.05978248369203328,Male,0,No,No,29,One year,DSL,Mailed check,35.6,1072.6,Low
5522-JBWMO,No,0,0.38465420294462566,Male,0,No,Yes,1,Month-to-month,DSL,Electronic check,44.0,44.0,Medium
7503-EPSZW,No,0,0.0045949618735944,Female,0,Yes,Yes,64,Two year,No,Mailed check,24.05,1559.15,Low
3957-LXOLK,Yes,1,0.7146709934532535,Female,1,No,No,28,Month-to-month,Fiber optic,Electronic check,106.15,3152.5,High
6402-EJMWF,No,0,0.45902204167532124,Male,0,No,No,4,Month-to-month,DSL,Mailed check,55.3,238.5,Medium
5372-FBKBN,No,0,0.0729184637030033,Female,0,No,Yes,21,Month-to-month,No,Mailed check,20.75,452.2,Low
4229-CZMLL,Yes,1,0.6968750934582064,Male,0,No,No,6,Month-to-month,Fiber optic,Electronic check,74.9,469.8,High
9844-FELAJ,No,0,0.19969772941052333,Female,1,Yes,Yes,70,One year,Fiber optic,Electronic check,107.9,7475.85,Low
5155-AZQPB,No,0,0.17044280144275115,Female,0,Yes,Yes,28,Month-to-month,DSL,Mailed check,49.9,1410.25,Low
9968-FFVVH,No,0,0.014446074288609384,Male,0,No,No,63,One year,DSL,Bank transfer (automatic),68.8,4111.35,Low
1658-TJVOA,No,1,0.6193348664786782,Female,1,No,No,6,Month-to-month,Fiber optic,Electronic check,74.1,450.9,High
3428-MMGUB,No,0,0.12186697163691618,Male,0,No,No,60,Two year,Fiber optic,Electronic check,89.55,5231.2,Low
3648-GZPHF,No,0,0.08977923599798474,Male,0,Yes,Yes,32,One year,DSL,Mailed check,36.25,1151.05,Low
4521-WFJAI,No,0,0.007845758982455738,Male,0,No,No,56,Two year,No,Bank transfer (automatic),25.95,1444.05,Low
7816-VGHTO,No,0,0.09791110085764212,Female,0,Yes,Yes,6,Two year,DSL,Mailed check,40.55,217.5,Low
4291-YZODP,No,0,0.0792995881548521,Female,0,No,Yes,7,One year,No,Mailed check,20.05,96.8,Low
2688-BHGOG,No,1,0.7158414505810958,Male,1,No,No,9,Month-to-month,Fiber optic,Electronic check,79.55,718.55,High
0471-ARVMX,No,0,0.28560486672798246,Female,1,Yes,No,62,One year,Fiber optic,Electronic check,104.85,6312.9,Low
6292-TOSSS,No,0,0.007236383380450963,Male,0,No,No,50,Two year,No,Bank transfer (automatic),24.9,1195.25,Low
5944-UGLLK,No,0,0.05311211386415676,Male,0,No,No,53,One year,DSL,Credit card (automatic),54.9,3045.75,Low
1867-TJHTS,No,0,0.17674115602512352,Female,0,No,No,58,Month-to-month,Fiber optic,Bank transfer (automatic),79.8,4526.85,Low
2103-ZRXFN,No,0,0.4147537250053662,Male,0,No,No,1,Month-to-month,DSL,Mailed check,50.75,50.75,Medium
0036-IHMOT,No,0,0.13299083212833646,Female,0,Yes,Yes,55,One year,Fiber optic,Bank transfer (automatic),103.7,5656.75,Low
8910-LEDAG,No,0,0.2862459965656001,Male,1,Yes,No,34,Month-to-month,Fiber optic,Credit card (automatic),71.55,2427.35,Low
6394-MFYNG,Yes,0,0.4594014191493709,Female,0,No,No,48,Month-to-month,Fiber optic,Bank transfer (automatic),107.4,5121.3,Medium
1131-QQZEB,No,0,0.0033055729531055794,Male,1,Yes,No,71,Two year,No,Bank transfer (automatic),23.95,1756.2,Low
1956-YIFGE,No,0,0.33370377885462116,Male,0,Yes,Yes,22,One year,Fiber optic,Mailed check,100.05,2090.25,Medium
8414-OOEEL,No,0,0.014762187666508048,Male,0,No,Yes,66,Two year,DSL,Credit card (automatic),79.5,5196.1,Low
6919-ELBGL,No,0,0.06239817737908811,Male,1,Yes,Yes,72,Two year,Fiber optic,Bank transfer (automatic),114.95,8196.4,Low
6476-YHMGA,No,0,0.20028412679398716,Female,0,Yes,Yes,15,Month-to-month,DSL,Bank transfer (automatic),76.5,1155.6,Low
4039-PIMHX,No,0,0.021180035765734635,Male,1,Yes,No,49,Two year,DSL,Mailed check,49.8,2398.4,Low
0354-VXMJC,No,0,0.01630463550071518,Male,0,Yes,Yes,23,Two year,No,Credit card (automatic),19.6,426.65,Low
6297-NOOPG,No,0,0.11252005501794803,Female,0,Yes,No,70,Two year,Fiber optic,Electronic check,110.5,7752.05,Low
5519-YLDGW,Yes,1,0.6370185474274463,Female,0,Yes,No,21,Month-to-month,Fiber optic,Electronic check,103.9,2254.2,High
4160-AMJTL,Yes,0,0.237776453788911,Female,1,No,No,8,Month-to-month,No,Electronic check,19.65,164.3,Low
0643-OKLRP,Yes,0,0.2863143046059526,Female,1,Yes,No,47,Month-to-month,Fiber optic,Electronic check,80.35,3825.85,Low
0402-OAMEN,No,0,0.002169594906949176,Female,0,Yes,Yes,72,Two year,No,Bank transfer (automatic),24.45,1709.1,Low
7562-UXTPG,No,1,0.513147755046614,Female,0,No,No,13,Month-to-month,Fiber optic,Mailed check,70.15,886.7,Medium
1750-CSKKM,Yes,0,0.33992078878257315,Male,0,No,Yes,9,Month-to-month,DSL,Electronic check,55.35,449.75,Medium
2577-GVSIL,No,0,0.11799242422808619,Male,0,Yes,Yes,35,One year,DSL,Bank transfer (automatic),73.45,2661.1,Low
0512-FLFDW,No,0,0.29019803217635126,Female,1,Yes,No,60,One year,Fiber optic,Credit card (automatic),100.5,6029.0,Low
0887-WBJVH,No,0,0.19506970001001087,Female,0,Yes,No,53,One year,Fiber optic,Electronic check,93.45,4872.2,Low
2560-WBWXF,No,0,0.003979609217152316,Male,0,No,No,68,Two year,No,Bank transfer (automatic),24.15,1498.85,Low
9494-MRNYX,No,1,0.5867942502210154,Male,0,No,No,10,Month-to-month,Fiber optic,Electronic check,75.05,786.3,Medium
3422-LYEPQ,Yes,1,0.643727087613646,Male,0,Yes,Yes,1,Month-to-month,Fiber optic,Electronic check,71.0,71.0,High
2465-BLLEU,No,0,0.25674701658343074,Male,0,No,No,1,Month-to-month,No,Mailed check,19.75,19.75,Low
7639-LIAYI,No,0,0.028515961966258135,Male,0,No,No,52,Two year,DSL,Credit card (automatic),79.75,4217.8,Low
2252-ISRNH,No,1,0.5352648344208921,Male,0,Yes,Yes,9,One year,Fiber optic,Electronic check,90.35,767.9,Medium
6645-MXQJT,No,1,0.5463869909762806,Male,0,Yes,Yes,2,Month-to-month,Fiber optic,Electronic check,97.1,184.15,Medium
6586-PSJOX,No,0,0.0791731932560756,Male,0,No,Yes,15,One year,DSL,Credit card (automatic),55.2,864.55,Low
1703-MGIAB,No,0,0.3025238135498177,Female,0,No,No,17,Month-to-month,DSL,Mailed check,69.0,1108.0,Medium
3272-VUHPV,No,0,0.17454995472631446,Female,0,Yes,Yes,8,Month-to-month,DSL,Bank transfer (automatic),56.3,401.5,Low
1258-YMZNM,No,0,0.40085381324005,Female,1,No,No,27,One year,Fiber optic,Bank transfer (automatic),110.5,2857.6,Medium
8220-OCUFY,No,0,0.10965317902588557,Female,0,No,No,21,One year,DSL,Electronic check,60.25,1258.35,Low
9470-XCCEM,No,0,0.3888025386557833,Male,0,Yes,Yes,35,Month-to-month,Fiber optic,Bank transfer (automatic),89.65,3161.6,Medium
0269-XFESX,No,0,0.04609463974516935,Male,0,Yes,Yes,23,One year,No,Mailed check,24.35,538.5,Low
6435-VWCCY,No,0,0.06333502068690414,Male,1,Yes,No,65,Two year,Fiber optic,Credit card (automatic),92.7,5968.4,Low
0428-AXXLJ,No,0,0.05239655875761825,Male,0,No,No,25,One year,No,Bank transfer (automatic),19.5,516.3,Low
2077-MPJQO,No,1,0.7412548573740088,Male,1,Yes,No,7,Month-to-month,Fiber optic,Electronic check,75.4,533.05,High
8740-CRYFY,Yes,1,0.7071073552809576,Male,0,No,No,1,Month-to-month,Fiber optic,Electronic check,78.95,78.95,High
2430-USGXP,Yes,1,0.6812705324052712,Male,0,Yes,No,24,Month-to-month,Fiber optic,Electronic check,101.05,2391.8,High
3714-NTNFO,No,0,0.4185181953879116,Female,0,No,No,49,Month-to-month,Fiber optic,Electronic check,84.5,3906.7,Medium
2639-UGMAZ,No,0,0.06150438266591777,Male,1,No,No,71,One year,DSL,Electronic check,56.45,3985.35,Low
3563-SVYLG,No,0,0.0035607134756222266,Male,0,Yes,Yes,68,Two year,DSL,Credit card (automatic),62.65,4375.8,Low
8988-ECPJR,Yes,0,0.4054181402645946,Female,1,Yes,Yes,34,Month-to-month,Fiber optic,Mailed check,79.6,2718.3,Medium
8152-UOBNY,No,0,0.32397490924258665,Female,1,No,No,50,One year,Fiber optic,Electronic check,106.8,5347.95,Medium
8190-ZTQFB,No,0,0.21406466617404532,Male,0,No,No,41,One year,DSL,Electronic check,51.35,2075.1,Low
5701-GUXDC,No,0,0.10317845664327903,Female,0,Yes,No,26,One year,DSL,Credit card (automatic),35.4,978.6,Low
0156-FVPTA,Yes,0,0.16334584101876984,Male,0,Yes,No,22,Month-to-month,DSL,Electronic check,54.2,1152.7,Low
4236-XPXAV,Yes,0,0.49947703174066665,Female,0,Yes,Yes,5,Month-to-month,Fiber optic,Mailed check,99.15,465.05,Medium
4391-RESHN,Yes,1,0.516922661961631,Male,0,No,No,23,Month-to-month,Fiber optic,Mailed check,104.05,2470.1,Medium
4325-NFSKC,Yes,1,0.6106718682695583,Male,1,No,No,19,Month-to-month,Fiber optic,Electronic check,90.6,1660.0,High
2667-WYLWJ,Yes,0,0.10612111931213651,Female,0,Yes,Yes,8,One year,No,Mailed check,19.75,145.0,Low
4238-JSSWH,No,1,0.527427256478109,Female,1,Yes,No,35,Month-to-month,Fiber optic,Bank transfer (automatic),102.05,3452.55,Medium
1635-FJFCC,No,0,0.38616345750284303,Female,0,No,No,5,Month-to-month,DSL,Credit card (automatic),44.05,202.15,Medium
2272-UOINI,No,0,0.33400220120872604,Female,0,No,No,7,Month-to-month,DSL,Electronic check,78.5,571.05,Medium
3399-BMLVW,No,0,0.006426470787635728,Male,0,Yes,Yes,51,Two year,DSL,Credit card (automatic),60.5,3121.45,Low
7698-YFGEZ,No,0,0.1960967781355549,Male,0,No,No,1,Month-to-month,No,Mailed check,20.0,20.0,Low
5419-JPRRN,Yes,1,0.7967774665071865,Male,0,No,No,1,Month-to-month,Fiber optic,Electronic check,101.45,101.45,High
2096-XOTMO,No,0,0.09146618667190567,Female,0,Yes,Yes,16,Month-to-month,No,Mailed check,19.35,275.9,Low
5542-NKVRU,No,0,0.011971591480048737,Female,0,No,No,42,Two year,No,Bank transfer (automatic),20.75,844.45,Low
5244-IRFIH,Yes,1,0.6651783973403403,Male,1,Yes,No,33,Month-to-month,Fiber optic,Electronic check,94.5,3105.55,High
3871-IKPYH,Yes,1,0.6527710432256653,Male,1,No,No,1,Month-to-month,Fiber optic,Electronic check,69.1,69.1,High
3638-VBZTA,No,0,0.01566564146607865,Male,0,No,Yes,68,Two year,DSL,Bank transfer (automatic),86.5,5882.75,Low
0601-WZHJF,Yes,1,0.5227034682367458,Male,0,Yes,No,14,Month-to-month,DSL,Electronic check,46.35,667.7,Medium
9817-APLHW,No,0,0.19908100290148154,Male,0,No,No,12,Month-to-month,No,Electronic check,25.0,316.2,Low
4625-LAMOB,No,0,0.006617738751864971,Male,0,No,No,44,Two year,No,Credit card (automatic),20.4,905.55,Low
6330-JKLPC,Yes,1,0.5663733981795644,Male,0,Yes,No,11,Month-to-month,Fiber optic,Bank transfer (automatic),80.5,896.9,Medium
8124-NZVGJ,No,0,0.36640184218618416,Female,0,No,No,6,One year,DSL,Mailed check,49.25,255.6,Medium
5339-TJFEK,No,0,0.29671914594217824,Male,0,Yes,Yes,62,Month-to-month,Fiber optic,Electronic check,105.5,6487.2,Low
1629-DQQVB,No,0,0.18820246870600624,Female,0,No,No,14,Month-to-month,DSL,Bank transfer (automatic),50.1,709.5,Low
0221-NAUXK,No,0,0.09220997840867946,Male,0,No,Yes,10,One year,No,Bank transfer (automatic),19.95,219.5,Low
1769-GRUIK,No,1,0.5461373195219904,Female,0,No,No,18,Month-to-month,Fiber optic,Electronic check,71.1,1247.75,Medium
8837-VVWLQ,Yes,0,0.49771161422863447,Female,0,No,No,8,Month-to-month,Fiber optic,Electronic check,84.95,668.4,Medium
8481-YYXWG,Yes,1,0.5789411941578517,Female,0,No,No,5,Month-to-month,Fiber optic,Electronic check,89.35,461.7,Medium
5995-OIGLP,Yes,0,0.13306467138946798,Male,0,No,No,12,Month-to-month,DSL,Mailed check,56.65,654.85,Low
7599-NTMDP,No,0,0.00782500063680214,Female,0,Yes,Yes,62,Two year,DSL,Bank transfer (automatic),48.7,3008.55,Low
2834-JKOOW,No,0,0.10692144539272792,Female,0,No,No,15,One year,DSL,Mailed check,45.9,693.45,Low
6967-PEJLL,No,0,0.07131422240569464,Male,0,Yes,Yes,37,One year,DSL,Electronic check,40.2,1525.35,Low
6620-JDYNW,No,0,0.27896231098045704,Female,0,No,No,18,Month-to-month,DSL,Mailed check,60.6,1156.35,Low
0484-FFVBJ,No,0,0.1553284446494358,Male,0,No,No,32,One year,DSL,Bank transfer (automatic),64.85,2010.95,Low
7978-DKUQH,No,0,0.49301975963725053,Female,0,Yes,No,25,Month-to-month,Fiber optic,Electronic check,74.6,1797.75,Medium
4871-JTKJF,Yes,1,0.739010459825348,Female,1,No,No,1,Month-to-month,Fiber optic,Electronic check,69.65,69.65,High
4176-RELJR,No,0,0.003652773323822272,Male,1,No,No,67,Two year,No,Credit card (automatic),25.1,1672.15,Low
4366-CTOUZ,No,0,0.08793713804147921,Female,0,No,No,50,Two year,Fiber optic,Mailed check,100.2,5038.45,Low
7148-XZPHA,No,0,0.10239121288628793,Male,0,Yes,Yes,55,Month-to-month,Fiber optic,Electronic check,79.4,4238.45,Low
5375-XLDOF,No,0,0.0500598160784399,Male,0,Yes,Yes,69,Two year,Fiber optic,Bank transfer (automatic),114.35,7665.8,Low
9700-ZCLOT,No,0,0.18773154521894425,Male,0,No,No,2,Month-to-month,No,Mailed check,20.0,32.7,Low
5702-SKUOB,No,0,0.18426401022911337,Female,0,Yes,No,4,Month-to-month,No,Mailed check,19.6,93.45,Low
6648-INWPS,No,0,0.11658553703676923,Male,0,Yes,Yes,16,Month-to-month,No,Electronic check,20.15,341.35,Low
5404-GGUKR,No,0,0.4405240216735115,Male,0,No,No,5,Month-to-month,DSL,Electronic check,51.35,262.3,Medium
4826-TZEVA,No,0,0.1938821226348882,Female,0,No,No,40,Month-to-month,Fiber optic,Credit card (automatic),74.8,2971.7,Low
4859-ZSRDZ,No,0,0.027254135790220638,Female,0,Yes,Yes,58,Two year,DSL,Credit card (automatic),55.5,3166.9,Low
1391-UBDAR,No,1,0.5125729911479009,Male,0,No,No,11,Month-to-month,Fiber optic,Electronic check,72.9,818.45,Medium
2398-YPMUR,Yes,1,0.6516172202217196,Female,1,Yes,No,13,Month-to-month,Fiber optic,Electronic check,70.15,916.75,High
6806-YDEUL,No,0,0.20369033079566415,Female,1,No,No,6,Month-to-month,No,Bank transfer (automatic),19.5,106.8,Low
7851-FLGGQ,Yes,0,0.48901212988509046,Male,0,No,No,1,Month-to-month,DSL,Mailed check,44.65,44.65,Medium
7521-AFHAB,No,0,0.29388237373011744,Female,0,Yes,Yes,5,Month-to-month,DSL,Mailed check,44.8,220.45,Low
6892-XPFPU,Yes,1,0.7065115639505151,Male,1,Yes,No,24,Month-to-month,Fiber optic,Electronic check,104.25,2433.9,High
4464-JCOLN,Yes,0,0.09751978722250931,Male,0,Yes,Yes,2,One year,No,Mailed check,19.85,35.9,Low
7964-VEXDG,No,0,0.36864539289619075,Male,0,No,Yes,21,Month-to-month,Fiber optic,Electronic check,80.35,1747.2,Medium
6999-CHVCF,No,0,0.07051286416818507,Male,0,No,No,68,Two year,Fiber optic,Bank transfer (automatic),102.1,7149.35,Low
5366-OBVMR,No,0,0.2072830290680238,Female,0,Yes,No,18,Month-to-month,DSL,Mailed check,50.3,908.75,Low
1930-QPBVZ,No,0,0.01903166126331455,Male,0,Yes,Yes,68,Two year,Fiber optic,Bank transfer (automatic),95.1,6683.4,Low
7549-MYGPK,Yes,0,0.24225730219046387,Female,0,Yes,Yes,63,Month-to-month,Fiber optic,Electronic check,100.55,6215.35,Low
8017-LXHFA,Yes,1,0.6617497942344677,Female,1,No,No,23,Month-to-month,Fiber optic,Electronic check,94.75,2293.6,High
1047-RNXZV,No,0,0.007511321179677537,Male,0,No,No,43,Two year,No,Mailed check,19.55,876.15,Low
2961-VNFKL,No,0,0.0036310687195568315,Female,0,Yes,No,71,Two year,No,Credit card (automatic),25.95,1801.9,Low
3957-SQXML,No,0,0.013719989265283315,Female,0,Yes,Yes,34,Two year,No,Credit card (automatic),24.95,894.3,Low
4544-RXFMG,No,0,0.20862848060932548,Male,0,Yes,Yes,8,One year,DSL,Mailed check,43.45,345.5,Low
6502-KUGLL,No,0,0.10248135216961475,Female,0,Yes,Yes,14,Month-to-month,DSL,Bank transfer (automatic),59.45,780.85,Low
5712-PTIWW,Yes,1,0.5680619911249604,Male,0,No,No,2,Month-to-month,Fiber optic,Electronic check,79.85,152.45,Medium
6479-SZPLM,No,0,0.008567562788929867,Male,0,Yes,Yes,36,Two year,No,Credit card (automatic),19.45,754.5,Low
4484-GLZOU,Yes,1,0.516782032214202,Female,0,Yes,No,52,Month-to-month,Fiber optic,Electronic check,105.05,5624.85,Medium
2971-SGAFL,No,0,0.4840687591276388,Female,0,No,No,13,Month-to-month,DSL,Electronic check,78.75,995.35,Medium
2656-TABEH,Yes,1,0.7620419696447103,Male,0,Yes,No,4,Month-to-month,Fiber optic,Electronic check,100.2,420.2,High
5329-KRDTM,No,0,0.01276037499701821,Male,1,Yes,No,72,Two year,DSL,Credit card (automatic),77.35,5396.25,Low
6000-APYLU,Yes,1,0.6648171710604153,Male,0,No,No,9,Month-to-month,Fiber optic,Electronic check,80.8,713.1,High
5215-LNLDJ,No,1,0.5560007601469047,Female,0,Yes,Yes,7,Month-to-month,DSL,Electronic check,24.7,149.05,Medium
4950-BDEUX,No,0,0.30654334077125156,Male,0,No,No,35,Month-to-month,DSL,Electronic check,49.2,1701.65,Medium
5564-NEMQO,Yes,1,0.6809996777374692,Female,1,No,No,1,Month-to-month,Fiber optic,Bank transfer (automatic),75.3,75.3,High
5630-IXDXV,No,1,0.5259327386450589,Female,0,No,No,47,Month-to-month,Fiber optic,Electronic check,106.35,4849.1,Medium
4351-QLCSU,Yes,0,0.466264160304025,Female,0,No,No,1,Month-to-month,DSL,Credit card (automatic),55.0,55.0,Medium
4359-INNWN,No,0,0.05376799166630637,Female,0,No,No,17,One year,No,Credit card (automatic),20.05,337.9,Low
7073-QETQY,No,0,0.00767574999173898,Male,0,Yes,Yes,66,One year,No,Electronic check,20.35,1359.5,Low
6691-CCIHA,No,0,0.02977322106394621,Female,0,Yes,No,62,Two year,DSL,Electronic check,84.95,5150.55,Low
2946-KIQSP,No,0,0.15840199027665966,Female,0,No,No,35,Month-to-month,DSL,Mailed check,33.45,1175.85,Low
1563-IWQEX,No,0,0.12706369591818445,Female,0,No,No,12,Month-to-month,No,Mailed check,19.7,220.35,Low
1345-ZUKID,No,0,0.06427337796431383,Male,0,No,No,14,One year,No,Mailed check,19.35,324.8,Low
8174-LNWMW,No,0,0.013852908234728078,Female,0,No,No,31,Two year,No,Credit card (automatic),20.9,689.35,Low
3521-SYVOR,Yes,0,0.28559140438968,Female,0,No,No,37,Month-to-month,DSL,Electronic check,64.75,2345.2,Low
7243-LCGGZ,No,0,0.20605126472078733,Female,0,No,No,1,Month-to-month,No,Mailed check,20.9,20.9,Low
2138-VFAPZ,No,0,0.0414830287827304,Female,0,Yes,Yes,14,Two year,No,Mailed check,19.7,263.65,Low
4631-OACRM,Yes,1,0.6707994966868889,Male,1,No,No,15,Month-to-month,Fiber optic,Electronic check,79.4,1156.1,High
4855-SNKMY,Yes,1,0.5269058288932009,Female,0,No,No,1,Month-to-month,DSL,Electronic check,44.1,44.1,Medium
6212-ATMLK,No,1,0.5028535527696049,Female,0,No,No,50,Month-to-month,Fiber optic,Electronic check,95.7,4729.75,Medium
6077-BDPXA,No,1,0.6735206985907521,Female,0,No,No,3,Month-to-month,Fiber optic,Electronic check,70.15,194.2,High
1641-BYBTK,No,0,0.18300506077638617,Male,0,No,Yes,6,Month-to-month,No,Mailed check,20.2,98.35,Low
0674-GCDXG,No,0,0.015838588403363153,Male,0,No,No,63,Two year,DSL,Bank transfer (automatic),71.9,4479.2,Low
3324-OIRTO,No,0,0.0921272784323213,Male,0,Yes,Yes,71,One year,Fiber optic,Bank transfer (automatic),104.65,7288.4,Low
6692-YQHXC,No,0,0.45930151204960434,Male,0,No,No,16,Month-to-month,Fiber optic,Credit card (automatic),69.95,1205.5,Medium
7665-NKLAV,No,0,0.020288676857453967,Female,0,Yes,Yes,36,Two year,DSL,Credit card (automatic),40.65,1547.35,Low
5568-DMXZS,No,0,0.3610296743094157,Female,0,No,No,8,Month-to-month,DSL,Electronic check,65.45,554.45,Medium
5519-TEEUH,No,0,0.02972363018630978,Male,0,No,Yes,33,One year,No,Mailed check,20.15,682.15,Low
7753-USQYQ,No,0,0.04999874112324254,Male,0,No,No,55,One year,DSL,Electronic check,64.2,3627.3,Low
2858-MOFSQ,Yes,0,0.2051524790779365,Female,0,No,Yes,17,One year,DSL,Mailed check,55.85,937.5,Low
5321-NTRKC,No,0,0.023511301320083024,Male,0,Yes,Yes,66,Two year,DSL,Bank transfer (automatic),79.85,5234.95,Low
9565-DJPIB,Yes,1,0.5395566894929114,Female,0,No,Yes,4,Month-to-month,Fiber optic,Mailed check,89.6,365.65,Medium
0459-SPZHJ,No,0,0.018552438542545853,Male,0,Yes,Yes,63,Two year,DSL,Credit card (automatic),83.5,5435.0,Low
6067-NGCEU,No,0,0.2671787573999846,Female,0,No,No,65,Month-to-month,Fiber optic,Credit card (automatic),111.05,7107.0,Low
7216-EWTRS,Yes,1,0.8429473994269534,Female,1,Yes,No,1,Month-to-month,Fiber optic,Electronic check,100.8,100.8,High
9398-MMQTO,No,0,0.4511881242960955,Male,0,No,No,3,Month-to-month,Fiber optic,Credit card (automatic),74.45,221.1,Medium
2475-MROZF,No,0,0.23993606776105586,Male,0,No,No,30,Month-to-month,Fiber optic,Credit card (automatic),95.0,2852.4,Low
6568-POCUI,No,0,0.09813831451210343,Female,0,Yes,No,45,Two year,Fiber optic,Credit card (automatic),95.2,4285.8,Low
5956-VKDTT,Yes,1,0.7618847248446858,Female,1,Yes,No,5,Month-to-month,Fiber optic,Electronic check,74.35,334.8,High
7901-IIDQV,No,0,0.08699576609462667,Male,0,No,No,24,One year,DSL,Bank transfer (automatic),54.6,1242.25,Low
2585-KTFRE,No,0,0.2392568503579608,Male,0,No,Yes,1,Month-to-month,DSL,Bank transfer (automatic),70.45,70.45,Low
4137-JOPHL,No,0,0.07200023631215208,Female,0,No,No,50,Two year,Fiber optic,Bank transfer (automatic),89.7,4304.5,Low
8901-UPRHR,No,0,0.06521382752171981,Female,0,Yes,Yes,72,Two year,Fiber optic,Bank transfer (automatic),109.2,7711.45,Low
6996-KNSML,Yes,1,0.6925791737641168,Female,0,No,No,1,Month-to-month,Fiber optic,Electronic check,74.9,74.9,High
5458-CQJTA,Yes,0,0.011993354191136918,Male,0,Yes,Yes,65,Two year,DSL,Bank transfer (automatic),74.8,4820.15,Low
6559-ILWKJ,Yes,0,0.022586818494879632,Male,0,Yes,No,71,Two year,DSL,Electronic check,49.35,3515.25,Low
0899-LIIBW,No,1,0.5457244590596292,Male,0,Yes,No,34,Month-to-month,Fiber optic,Electronic check,100.85,3527.3,Medium
9200-NLNPD,No,0,0.0674679515517153,Male,0,Yes,No,56,One year,DSL,Bank transfer (automatic),54.05,2959.8,Low
6608-QQLVK,Yes,1,0.5161058194414422,Male,0,No,No,1,Month-to-month,DSL,Electronic check,50.5,50.5,Medium
2296-DKZFP,No,0,0.01123668787012811,Female,0,Yes,No,65,Two year,DSL,Bank transfer (automatic),71.0,4386.2,Low
7010-BRBUU,No,0,0.0018778009375470662,Male,0,Yes,Yes,72,Two year,No,Credit card (automatic),24.1,1734.65,Low
8902-ZEOVF,No,0,0.010503316116710787,Male,0,Yes,Yes,47,One year,No,Mailed check,20.05,951.55,Low
0329-GTIAJ,Yes,1,0.6281903720954494,Female,0,No,No,3,Month-to-month,Fiber optic,Electronic check,97.9,315.3,High
8260-NGFNY,Yes,1,0.5081557882015793,Female,0,No,No,1,Month-to-month,DSL,Mailed check,25.2,25.2,Medium
3128-YOVTD,No,0,0.13793168456138893,Female,0,Yes,Yes,51,Month-to-month,Fiber optic,Bank transfer (automatic),79.15,4018.55,Low
7450-NWRTR,Yes,1,0.7867323305539661,Male,1,No,No,12,Month-to-month,Fiber optic,Electronic check,99.45,1200.15,High
0722-TROQR,Yes,1,0.7689568660549057,Female,1,No,No,4,Month-to-month,Fiber optic,Electronic check,74.9,321.75,High
4923-ADWXJ,No,0,0.19209843359669412,Female,0,No,No,25,Month-to-month,DSL,Bank transfer (automatic),65.8,1679.65,Low
1025-FALIX,No,0,0.378418590538799,Female,0,No,No,26,Month-to-month,Fiber optic,Credit card (automatic),69.05,1815.65,Medium
0318-ZOPWS,No,0,0.008458389987902094,Female,0,Yes,No,49,Two year,No,Bank transfer (automatic),20.15,973.35,Low
3902-MIVLE,No,0,0.010243067031444167,Male,0,Yes,Yes,63,Two year,DSL,Mailed check,75.7,4676.7,Low
6275-YDUVO,Yes,1,0.6653734339870819,Female,0,No,No,2,Month-to-month,Fiber optic,Mailed check,86.2,178.7,High
9445-ZUEQE,No,0,0.2732784416132737,Male,0,Yes,Yes,27,Month-to-month,Fiber optic,Credit card (automatic),85.2,2151.6,Low
5847-MXBEO,No,0,0.04343881944744913,Male,0,No,No,22,One year,No,Mailed check,20.3,475.1,Low
6328-ZPBGN,Yes,1,0.7418562101871987,Female,1,No,No,11,Month-to-month,Fiber optic,Bank transfer (automatic),95.15,997.65,High
5760-FXFVO,No,1,0.5174566159025926,Male,0,No,No,6,Month-to-month,Fiber optic,Electronic check,78.95,494.95,Medium
3627-FCRDW,Yes,1,0.5445764502545211,Female,0,No,No,9,Month-to-month,Fiber optic,Electronic check,71.0,672.55,Medium
5480-HPRRX,Yes,1,0.6181421828749527,Female,1,No,No,3,Month-to-month,DSL,Electronic check,25.3,77.75,High
4676-MQUEA,No,0,0.2260503657357682,Male,1,Yes,No,50,One year,Fiber optic,Bank transfer (automatic),101.9,5265.5,Low
3750-YHRYO,No,0,0.07749380116918021,Male,0,Yes,Yes,7,One year,No,Mailed check,20.65,150.0,Low
7130-VTEWQ,Yes,1,0.7429688263800722,Female,1,No,No,8,Month-to-month,Fiber optic,Electronic check,75.75,606.25,High
2325-ZUSFD,Yes,0,0.04627594004895215,Female,0,Yes,Yes,57,One year,DSL,Bank transfer (automatic),70.1,3913.3,Low
2144-ESWKO,No,0,0.061624307301914066,Male,0,No,No,43,One year,DSL,Credit card (automatic),35.2,1463.7,Low
7734-DBOAI,Yes,0,0.47141037475966985,Female,0,Yes,Yes,1,Month-to-month,DSL,Electronic check,40.1,40.1,Medium
0980-PVMRC,No,0,0.29259602046232214,Female,0,Yes,Yes,40,Month-to-month,DSL,Electronic check,50.85,2036.55,Low
8232-UTFOZ,No,0,0.0018207666346205602,Male,0,No,No,69,Two year,No,Credit card (automatic),19.95,1399.35,Low
0980-FEXWF,No,0,0.08187751526479321,Male,0,Yes,Yes,26,One year,DSL,Mailed check,50.35,1285.8,Low
9481-IEBZY,No,0,0.20188117502196312,Male,1,Yes,No,72,Month-to-month,Fiber optic,Credit card (automatic),112.9,8061.5,Low
5197-PYEPU,No,0,0.1619257518872863,Female,0,Yes,Yes,42,One year,Fiber optic,Credit card (automatic),94.45,3923.8,Low
9975-SKRNR,No,0,0.19555570564866803,Male,0,No,No,1,Month-to-month,No,Mailed check,18.9,18.9,Low
5371-VYLSX,No,0,0.3098994536755562,Female,1,No,No,50,Month-to-month,Fiber optic,Electronic check,83.4,4113.7,Medium
5318-IXUZF,Yes,1,0.6220175648461833,Female,0,No,No,2,Month-to-month,Fiber optic,Bank transfer (automatic),87.15,183.75,High
5027-XWQHA,Yes,0,0.37345344765368094,Male,0,No,No,6,Month-to-month,DSL,Electronic check,44.75,270.95,Medium
8318-LCNBW,No,0,0.10817743581255593,Male,0,Yes,No,35,One year,DSL,Credit card (automatic),53.15,1930.9,Low
7860-KSUGX,No,0,0.006352661254190206,Male,0,Yes,Yes,72,Two year,DSL,Credit card (automatic),64.45,4720.0,Low
9931-DCEZH,No,0,0.05745589527762531,Male,0,No,Yes,28,One year,DSL,Credit card (automatic),54.4,1516.6,Low
2642-DTVCO,Yes,1,0.7668149667325228,Male,1,No,No,9,Month-to-month,Fiber optic,Electronic check,85.05,746.5,High
3884-UEBXB,No,0,0.006708638417170463,Female,0,Yes,Yes,67,Two year,DSL,Bank transfer (automatic),36.15,2434.45,Low
6166-YIPFO,No,0,0.01963252147404683,Male,0,Yes,No,72,Two year,DSL,Electronic check,64.7,4746.05,Low
5223-UZAVK,No,0,0.1148474648688634,Male,0,No,No,64,One year,Fiber optic,Credit card (automatic),100.3,6603.8,Low
8984-EYLLL,No,0,0.11149344266649869,Male,0,Yes,No,64,Two year,Fiber optic,Electronic check,105.25,6823.4,Low
3473-XIIIT,Yes,1,0.7054347969504711,Female,0,Yes,No,16,Month-to-month,Fiber optic,Electronic check,100.0,1534.75,High
3005-TYFRD,No,0,0.38157127648518335,Female,0,Yes,No,55,Month-to-month,Fiber optic,Credit card (automatic),103.65,5676.65,Medium
1409-PHXTF,No,0,0.1859746568752371,Male,1,Yes,No,54,Two year,Fiber optic,Electronic check,110.45,6077.75,Low
0454-OKRCT,No,0,0.05548446437226948,Male,0,No,No,33,Two year,Fiber optic,Bank transfer (automatic),80.6,2651.1,Low
8364-TRMMK,Yes,0,0.49465945767792685,Female,0,No,No,3,Month-to-month,DSL,Mailed check,50.65,151.3,Medium
5153-RTHKF,No,0,0.45394234779920184,Female,0,No,No,34,Month-to-month,Fiber optic,Electronic check,85.35,2896.6,Medium
0822-GAVAP,Yes,1,0.6995929651406416,Female,0,No,No,2,Month-to-month,DSL,Electronic check,34.7,62.25,High
3423-HHXAO,No,0,0.0801999429457234,Female,0,Yes,Yes,14,One year,No,Mailed check,19.5,272.0,Low
6661-EIPZC,No,0,0.06994012072043564,Female,0,Yes,Yes,48,Month-to-month,DSL,Credit card (automatic),29.5,1423.05,Low
7895-VONWT,No,1,0.5103251792475385,Female,0,No,No,25,Month-to-month,DSL,Electronic check,48.25,1293.8,Medium
6734-FQAJX,No,0,0.0721154869333658,Male,1,No,No,67,Two year,Fiber optic,Electronic check,105.05,7171.7,Low
5915-DGNVC,No,0,0.06943573800074122,Female,0,Yes,No,49,One year,DSL,Electronic check,71.8,3472.05,Low
7321-ZNSLA,No,0,0.04923287721014655,Male,0,Yes,Yes,13,Two year,DSL,Mailed check,40.55,590.35,Low
4702-HDRKD,No,0,0.02293530048869008,Male,0,No,No,67,One year,DSL,Bank transfer (automatic),49.35,3321.35,Low
1998-VHJHK,No,0,0.034981032661320646,Female,0,No,No,27,One year,No,Mailed check,19.15,501.35,Low
3339-EAQNV,No,0,0.18921109266405609,Male,1,Yes,No,72,One year,Fiber optic,Credit card (automatic),97.25,7133.1,Low
7143-BQIBA,No,0,0.16346223434399107,Male,0,No,No,10,Month-to-month,DSL,Bank transfer (automatic),62.25,612.95,Low
4597-ELFTS,Yes,0,0.014326374617607295,Male,0,No,No,56,One year,No,Electronic check,24.9,1334.0,Low
8752-STIVR,Yes,1,0.6977303637594412,Female,0,No,No,4,Month-to-month,Fiber optic,Electronic check,79.0,303.15,High
0235-KGSLC,Yes,1,0.6384280746023449,Female,0,No,No,1,Month-to-month,Fiber optic,Credit card (automatic),85.55,85.55,High
8617-ENBDS,No,1,0.5729638135975176,Male,0,No,No,3,Month-to-month,Fiber optic,Credit card (automatic),73.6,232.5,Medium
5295-PCJOO,Yes,0,0.34718413479650256,Male,0,No,Yes,4,Month-to-month,DSL,Electronic check,49.4,184.4,Medium
6322-HRPFA,No,0,0.024877742577625768,Male,0,Yes,Yes,49,Month-to-month,DSL,Credit card (automatic),59.6,2970.3,Low
8695-ARGXZ,No,1,0.5191212091472376,Male,1,Yes,No,34,Month-to-month,Fiber optic,Electronic check,75.55,2425.4,Medium
0515-YPMCW,Yes,1,0.5662429259317676,Male,0,No,Yes,1,Month-to-month,Fiber optic,Mailed check,70.45,70.45,Medium
3420-ZDBMA,No,1,0.6321492086238035,Male,1,No,No,5,Month-to-month,Fiber optic,Mailed check,71.45,371.6,High
9323-HGFWY,No,0,0.20561924948499297,Female,0,Yes,No,27,One year,Fiber optic,Credit card (automatic),101.9,2681.15,Low
8075-GXIUB,No,0,0.09487474879330947,Male,1,Yes,No,9,One year,No,Credit card (automatic),19.85,183.15,Low
5641-DMBFJ,No,0,0.03966538624173415,Female,0,Yes,No,58,Two year,DSL,Electronic check,84.3,4916.4,Low
3378-AJRAO,No,0,0.022108294793930606,Male,0,Yes,Yes,44,One year,No,Electronic check,24.85,1013.6,Low
5848-FHRFC,No,0,0.0022362763423033416,Female,0,No,No,68,Two year,No,Bank transfer (automatic),20.05,1386.9,Low
8510-AWCXC,Yes,1,0.7216418949372945,Female,1,No,No,13,Month-to-month,Fiber optic,Electronic check,100.8,1308.1,High
3198-VELRD,Yes,1,0.6805848497971977,Female,0,Yes,Yes,3,Month-to-month,Fiber optic,Bank transfer (automatic),84.75,264.85,High
9650-VBUOG,No,0,0.010519823959330446,Male,0,Yes,Yes,38,Two year,No,Credit card (automatic),25.05,963.95,Low
1636-NTNCO,No,1,0.6413039857411991,Male,1,No,No,4,Month-to-month,DSL,Credit card (automatic),50.95,207.35,High
9424-CMPOG,No,0,0.036285683389864404,Male,0,Yes,Yes,9,Two year,No,Mailed check,19.6,197.4,Low
9114-DPSIA,No,0,0.006898436776898962,Male,0,Yes,Yes,72,Two year,DSL,Credit card (automatic),81.0,5750.0,Low
4686-GEFRM,No,0,0.05509673625052663,Male,0,Yes,No,70,Two year,Fiber optic,Bank transfer (automatic),98.7,6858.9,Low
3727-OWVYD,No,0,0.04454518665664887,Male,0,No,No,35,One year,DSL,Mailed check,61.2,2021.2,Low
2889-FPWRM,Yes,0,0.127471128595271,Male,0,Yes,No,72,One year,Fiber optic,Bank transfer (automatic),117.8,8684.8,Low
8024-XNAFQ,No,0,0.059034349118198194,Female,1,No,No,72,Two year,Fiber optic,Bank transfer (automatic),107.4,7748.75,Low
8861-HGGKB,Yes,1,0.6529768712354066,Female,0,No,No,10,Month-to-month,Fiber optic,Electronic check,86.45,830.85,High
2223-GDSHL,No,0,0.05424879799154801,Male,0,Yes,Yes,71,Two year,Fiber optic,Bank transfer (automatic),116.05,8297.5,Low
9958-MEKUC,No,0,0.023095009102248293,Male,0,Yes,Yes,72,Two year,Fiber optic,Credit card (automatic),103.95,7517.7,Low
3796-ENZGF,No,0,0.013294594602948025,Male,0,Yes,No,63,Two year,DSL,Mailed check,67.25,4234.15,Low
5934-RMPOV,No,1,0.6029149106294007,Female,0,No,Yes,22,Month-to-month,Fiber optic,Electronic check,84.75,1816.75,High
1545-JFUML,No,0,0.0716269669347187,Male,0,Yes,No,71,Two year,Fiber optic,Electronic check,99.0,6994.6,Low
2369-UAPKZ,Yes,1,0.6174120448089282,Male,0,No,No,5,Month-to-month,Fiber optic,Mailed check,104.1,541.9,High
3482-ABPKK,No,0,0.0439860691883973,Female,0,No,No,28,One year,DSL,Mailed check,54.3,1546.3,Low
6734-CKRSM,No,0,0.18939294618842542,Female,0,No,No,3,Month-to-month,No,Mailed check,20.0,63.6,Low
3996-ZNWYK,No,0,0.00176346521629591,Male,1,Yes,Yes,71,Two year,No,Credit card (automatic),19.8,1388.45,Low
2800-QQUSO,No,0,0.4531453167547569,Male,0,No,No,42,Month-to-month,Fiber optic,Electronic check,100.3,4222.95,Medium
9342-VNIMQ,No,0,0.18703859930431496,Male,0,No,No,33,Month-to-month,DSL,Bank transfer (automatic),54.65,1665.2,Low
7394-LWLYN,No,1,0.6814011016908121,Female,0,No,No,2,Month-to-month,Fiber optic,Electronic check,70.15,123.8,High
5222-IMUKT,No,0,0.45366578495051924,Male,0,No,No,32,Month-to-month,Fiber optic,Electronic check,91.05,2871.5,Medium
4683-WYDOU,No,0,0.11090309103320242,Male,0,Yes,No,62,Two year,Fiber optic,Bank transfer (automatic),107.6,6912.7,Low
3030-YDNRM,No,1,0.6788225122863343,Male,0,No,No,8,Month-to-month,Fiber optic,Electronic check,74.85,572.45,High
0697-ZMSWS,Yes,1,0.7529266336949489,Male,0,No,No,4,Month-to-month,Fiber optic,Electronic check,85.65,338.9,High
7808-DVWEP,No,0,0.18390222772255685,Male,0,Yes,No,3,Month-to-month,No,Bank transfer (automatic),20.0,49.65,Low
4476-OSWTN,No,0,0.15063548683217232,Male,1,Yes,No,69,One year,Fiber optic,Mailed check,110.55,7610.1,Low
3440-JPSCL,Yes,1,0.5649406148912457,Female,0,No,No,6,Month-to-month,Fiber optic,Mailed check,99.95,547.65,Medium
2990-IAJSV,No,0,0.013287471090372881,Male,0,No,No,72,Two year,DSL,Bank transfer (automatic),92.0,6632.75,Low
8805-JNRAZ,No,0,0.32795435508417986,Female,0,No,No,2,Month-to-month,DSL,Mailed check,49.2,103.7,Medium
9537-VHDTA,No,0,0.2514543367496566,Female,0,No,Yes,1,Month-to-month,DSL,Mailed check,51.2,51.2,Low
9933-QRGTX,No,0,0.06436551689889039,Female,0,Yes,No,60,Two year,Fiber optic,Electronic check,97.2,5611.75,Low
4785-FCIFB,No,0,0.0043785381855568455,Female,0,Yes,No,61,Two year,No,Mailed check,24.4,1417.9,Low
0013-SMEOE,No,0,0.05891059161660099,Female,1,Yes,No,71,Two year,Fiber optic,Bank transfer (automatic),109.7,7904.25,Low
0921-OHLVP,No,1,0.5421362570470543,Male,0,No,No,22,Month-to-month,Fiber optic,Electronic check,83.05,1799.3,Medium
5285-MVEHD,No,0,0.15990068867910248,Female,0,Yes,No,56,One year,Fiber optic,Credit card (automatic),105.6,6068.65,Low
6086-ESGRL,Yes,1,0.5675535346891896,Female,0,No,No,1,Month-to-month,Fiber optic,Credit card (automatic),80.15,80.15,Medium
0578-SKVMF,Yes,0,0.42639734964049936,Female,0,Yes,Yes,22,Month-to-month,Fiber optic,Electronic check,83.3,1845.9,Medium
7881-INRLC,Yes,0,0.43210794199821334,Male,0,No,No,45,Month-to-month,Fiber optic,Credit card (automatic),100.85,4740.0,Medium
7598-UAASY,Yes,1,0.596402630958072,Male,0,Yes,No,2,Month-to-month,Fiber optic,Electronic check,76.4,151.8,Medium
6407-GSJNL,No,0,0.007456353265560689,Female,0,No,No,51,Two year,No,Bank transfer (automatic),24.95,1288.0,Low
2979-SXESE,Yes,0,0.4681132783058352,Female,0,Yes,Yes,17,Month-to-month,Fiber optic,Electronic check,94.4,1607.2,Medium
7503-MIOGA,No,0,0.025861443851324047,Female,1,Yes,No,72,Two year,DSL,Bank transfer (automatic),89.85,6697.35,Low
1442-OKRJE,No,0,0.1108178891529414,Male,0,Yes,Yes,66,One year,Fiber optic,Bank transfer (automatic),103.15,7031.3,Low
3717-OFRTN,No,0,0.19776383295338443,Male,0,No,No,1,Month-to-month,No,Bank transfer (automatic),19.75,19.75,Low
3422-WJOYD,No,0,0.0407353860595138,Male,0,Yes,No,28,One year,DSL,Mailed check,54.35,1426.45,Low
5906-CVLHP,Yes,0,0.03052507859402195,Female,0,Yes,Yes,45,One year,DSL,Credit card (automatic),54.15,2319.8,Low
1431-CYWMH,No,0,0.07060228211631539,Female,0,Yes,Yes,22,Month-to-month,No,Bank transfer (automatic),19.05,454.05,Low
4195-PNGZS,No,0,0.002438966138504546,Male,0,Yes,Yes,69,Two year,No,Bank transfer (automatic),24.45,1718.2,Low
0727-IWKVK,Yes,1,0.5944993449751335,Male,0,Yes,No,9,Month-to-month,Fiber optic,Electronic check,79.9,741.7,Medium
5449-FIBXJ,Yes,0,0.4901567451753305,Male,0,Yes,Yes,19,Month-to-month,Fiber optic,Electronic check,103.3,2012.7,Medium
0520-FDVVT,Yes,0,0.310706488795883,Male,0,No,No,35,One year,Fiber optic,Bank transfer (automatic),102.35,3626.1,Medium
1573-LGXBA,No,0,0.15205900102451525,Male,0,Yes,Yes,57,One year,Fiber optic,Credit card (automatic),97.55,5598.0,Low
3352-RICWQ,No,0,0.038579980991460205,Female,0,Yes,Yes,9,Two year,No,Mailed check,19.75,210.65,Low
4512-ZUIYL,Yes,1,0.5309980479894518,Female,0,No,No,2,Month-to-month,Fiber optic,Bank transfer (automatic),70.0,153.05,Medium
6345-FZOQH,No,0,0.0019837750007756275,Male,0,Yes,No,69,Two year,No,Mailed check,19.9,1363.45,Low
5334-AFQJB,No,0,0.004018470578555006,Male,1,No,No,72,Two year,No,Credit card (automatic),25.1,1789.9,Low
6120-RJKLU,No,0,0.02082695289062114,Female,1,Yes,No,62,Two year,DSL,Credit card (automatic),79.95,4819.75,Low
8106-GWQOK,No,0,0.04569615323222187,Male,0,Yes,No,38,Two year,DSL,Bank transfer (automatic),60.0,2193.2,Low
5027-QPKTE,Yes,1,0.6287395835061428,Male,0,Yes,No,7,Month-to-month,Fiber optic,Electronic check,69.35,451.1,High
7606-BPHHN,No,0,0.00221445273532129,Male,0,No,No,72,Two year,No,Credit card (automatic),19.8,1468.75,Low
3654-ARMGP,No,0,0.023552764529349877,Female,0,No,No,61,Two year,DSL,Credit card (automatic),88.65,5321.25,Low
4973-RLZVI,No,0,0.04657667369363901,Female,0,No,No,30,One year,DSL,Credit card (automatic),74.65,2308.6,Low
4584-LBNMK,No,0,0.022397901825434444,Male,1,Yes,No,45,One year,No,Credit card (automatic),24.7,1174.35,Low
0962-CQPWQ,No,0,0.0026403161712036777,Female,0,Yes,Yes,62,Two year,No,Bank transfer (automatic),20.3,1296.15,Low
2380-DAMQP,No,0,0.06141082147349104,Female,0,Yes,No,72,Two year,Fiber optic,Electronic check,115.15,8349.7,Low
1196-AMORA,Yes,1,0.607727853010768,Male,0,No,No,7,Month-to-month,Fiber optic,Electronic check,73.6,520.0,High
6551-GNYDG,No,1,0.5353761320303145,Female,0,Yes,Yes,14,Month-to-month,Fiber optic,Bank transfer (automatic),80.9,1152.8,Medium
0607-MVMGC,No,0,0.08206920086601283,Male,0,Yes,Yes,45,One year,DSL,Credit card (automatic),78.75,3600.65,Low
7841-FCRQD,No,0,0.060729086347468327,Female,0,Yes,No,33,One year,DSL,Credit card (automatic),53.75,1857.3,Low
5533-RJFTJ,No,0,0.12000014197614249,Male,0,No,No,49,Month-to-month,DSL,Bank transfer (automatic),30.2,1453.1,Low
4767-HZZHQ,No,0,0.2545794647130991,Male,0,Yes,Yes,30,Month-to-month,Fiber optic,Bank transfer (automatic),82.05,2570.2,Low
4712-UYOOI,No,0,0.10208106608959808,Female,0,Yes,Yes,20,Month-to-month,No,Electronic check,20.0,417.65,Low
3704-IEAXF,No,0,0.00912175618583597,Female,0,Yes,Yes,72,Two year,DSL,Credit card (automatic),53.65,3784.0,Low
6034-ZRYCV,Yes,0,0.03636258782687098,Female,0,Yes,No,72,Two year,DSL,Electronic check,54.2,3937.45,Low
4942-VZZOM,No,0,0.03879676293944401,Male,0,Yes,No,64,One year,DSL,Credit card (automatic),66.15,4392.5,Low
4695-VADHF,Yes,0,0.28205029521938163,Male,0,Yes,Yes,18,Month-to-month,DSL,Electronic check,57.45,990.85,Low
5067-WJEUN,No,0,0.007673784722844013,Male,0,Yes,Yes,67,Two year,DSL,Bank transfer (automatic),54.2,3838.2,Low
6734-PSBAW,No,0,0.0034358489184425143,Male,0,Yes,No,72,Two year,No,Bank transfer (automatic),23.55,1723.95,Low
6585-WCEWR,No,0,0.0019113860472884567,Male,0,Yes,Yes,72,Two year,No,Electronic check,20.35,1354.4,Low
6651-RLGGM,No,0,0.002696313382239095,Male,0,Yes,Yes,67,Two year,No,Mailed check,26.3,1688.9,Low
6838-YAUVY,No,0,0.09156144242987217,Female,0,No,No,54,Two year,Fiber optic,Bank transfer (automatic),95.1,5064.85,Low
4546-FOKWR,No,1,0.5320229243716602,Female,0,No,No,16,Month-to-month,Fiber optic,Credit card (automatic),74.75,1129.35,Medium
5555-RNPGT,No,0,0.13431495449377912,Male,0,No,Yes,10,Month-to-month,No,Credit card (automatic),24.8,223.9,Low
0602-DDUML,No,0,0.013047140491143947,Female,0,No,No,57,Two year,DSL,Mailed check,69.75,3894.4,Low
9057-SIHCH,Yes,1,0.7956222759204935,Female,0,No,No,3,Month-to-month,Fiber optic,Electronic check,96.6,291.9,High
8008-OTEZX,No,0,0.020470308206933015,Female,0,Yes,Yes,35,One year,No,Mailed check,19.65,708.8,Low
7547-EKNFS,Yes,0,0.3942997754471173,Male,0,Yes,No,42,Month-to-month,Fiber optic,Bank transfer (automatic),95.25,3959.35,Medium
8573-JGCZW,No,0,0.07708240592662745,Male,0,No,No,17,One year,No,Bank transfer (automatic),19.65,351.55,Low
3642-GKTCT,No,0,0.14348623310901976,Female,0,No,No,61,One year,Fiber optic,Mailed check,115.1,6993.65,Low
2798-NYLMZ,No,0,0.05367033968237407,Male,0,Yes,No,71,Two year,Fiber optic,Credit card (automatic),108.55,7616.0,Low
3753-TSEMP,Yes,1,0.6001790713876863,Female,0,Yes,No,15,Month-to-month,Fiber optic,Electronic check,88.15,1390.6,High
3498-LZGQZ,No,0,0.0031599879827144627,Male,0,Yes,Yes,63,Two year,No,Mailed check,19.15,1177.05,Low
2983-ZANRP,Yes,1,0.54562378999455,Female,0,Yes,Yes,2,Month-to-month,Fiber optic,Bank transfer (automatic),73.55,145.4,Medium
1153-GNOLC,No,0,0.19375916447096078,Male,0,No,No,33,One year,DSL,Electronic check,39.1,1309.0,Low
8008-HAWED,Yes,1,0.6096450759120335,Male,0,No,No,14,Month-to-month,DSL,Electronic check,50.75,712.75,High
6654-QGBZZ,No,0,0.20554074675153744,Female,0,No,No,1,Month-to-month,No,Mailed check,19.9,19.9,Low
9297-EONCV,No,0,0.02020246914077095,Female,0,No,No,72,Two year,DSL,Bank transfer (automatic),91.35,6697.2,Low
1676-MQAOA,No,0,0.007947786166669947,Male,0,No,No,72,Two year,DSL,Bank transfer (automatic),75.1,5336.35,Low
4829-AUOAX,Yes,0,0.376807050492834,Female,0,No,No,46,Month-to-month,Fiber optic,Bank transfer (automatic),96.05,4399.5,Medium
6769-DYBQN,Yes,0,0.28109490994150965,Male,1,No,No,46,Month-to-month,Fiber optic,Electronic check,85.0,3969.4,Low
3726-TBHQT,No,0,0.052062157319530476,Male,0,Yes,Yes,71,Two year,Fiber optic,Bank transfer (automatic),114.0,8175.9,Low
8393-DLHGA,Yes,1,0.5342426825454959,Male,0,No,Yes,25,Month-to-month,Fiber optic,Electronic check,95.9,2448.75,Medium
0774-IFUVM,No,0,0.3205245594790478,Male,0,Yes,Yes,11,Month-to-month,DSL,Bank transfer (automatic),65.15,723.35,Medium
4001-TSBTV,No,0,0.28063424685980726,Female,0,Yes,Yes,58,Month-to-month,Fiber optic,Electronic check,91.55,5511.65,Low
3082-WQRVY,No,0,0.07942274842609132,Male,1,Yes,No,14,One year,No,Mailed check,19.65,228.65,Low
6248-BSHKG,No,0,0.0051188594646287755,Male,0,Yes,Yes,61,One year,No,Mailed check,20.4,1226.45,Low
6298-QDFNH,Yes,1,0.5412596238680822,Male,0,No,No,22,Month-to-month,Fiber optic,Electronic check,79.35,1730.35,Medium
3190-ITQXP,No,0,0.005858520403898957,Female,0,Yes,Yes,46,Two year,No,Bank transfer (automatic),20.25,890.35,Low
2270-CHBFN,No,0,0.18041439674292695,Female,0,Yes,No,44,Month-to-month,Fiber optic,Credit card (automatic),95.1,4060.55,Low
7776-QWNFX,Yes,0,0.20820385119729765,Male,1,Yes,No,30,Month-to-month,DSL,Bank transfer (automatic),50.4,1527.5,Low
9927-DSWDF,No,0,0.3972462580339631,Male,0,Yes,No,22,Month-to-month,Fiber optic,Electronic check,104.6,2180.55,Medium
5986-WWXDV,No,0,0.01563482478344626,Male,0,No,Yes,39,One year,No,Bank transfer (automatic),19.35,779.2,Low
3703-KBKZP,No,1,0.6088741591715874,Male,1,No,No,16,Month-to-month,Fiber optic,Bank transfer (automatic),74.45,1261.35,High
7839-NUIAA,No,0,0.04718110833834334,Female,0,Yes,Yes,61,Month-to-month,DSL,Electronic check,59.8,3641.5,Low
0491-KAPQG,No,1,0.5740245826662381,Male,0,No,No,21,Month-to-month,Fiber optic,Electronic check,73.7,1558.7,Medium
4789-KWMXN,Yes,0,0.18229841182336817,Male,0,Yes,No,47,One year,Fiber optic,Credit card (automatic),110.85,5275.8,Low
5985-BEHZK,No,0,0.16951115217908772,Female,1,Yes,No,72,One year,Fiber optic,Credit card (automatic),105.0,7578.05,Low
8111-RKSPX,Yes,1,0.6442196522476212,Male,0,No,No,4,Month-to-month,Fiber optic,Bank transfer (automatic),72.2,305.55,High
7632-MNYOY,Yes,0,0.14127109002607943,Male,1,No,No,66,One year,Fiber optic,Credit card (automatic),110.9,7432.05,Low
6789-HJBWG,No,0,0.3817152969074757,Female,0,No,No,12,Month-to-month,DSL,Electronic check,49.4,611.65,Medium
4597-NUCQV,Yes,1,0.7026831914016882,Male,1,No,No,24,Month-to-month,Fiber optic,Electronic check,101.25,2440.15,High
5473-KHBPS,No,0,0.182141786638083,Female,0,Yes,Yes,52,One year,Fiber optic,Credit card (automatic),95.7,4976.15,Low
0702-PGIBZ,Yes,1,0.7242221587752715,Male,0,No,Yes,4,Month-to-month,Fiber optic,Electronic check,101.7,364.55,High
5686-CMAWK,No,0,0.28927617760817986,Male,0,No,No,17,One year,Fiber optic,Electronic check,86.75,1410.25,Low
5442-XSDCW,Yes,1,0.5248260824692611,Male,0,Yes,Yes,11,Month-to-month,Fiber optic,Bank transfer (automatic),79.5,868.5,Medium
3374-TTZTK,No,0,0.08061684767506162,Male,0,Yes,No,52,Two year,Fiber optic,Electronic check,106.3,5487.0,Low
2722-JMONI,Yes,0,0.49657613816211865,Female,1,Yes,No,1,Month-to-month,DSL,Electronic check,49.55,49.55,Medium
9916-AYHTC,No,0,0.0052660064173795495,Male,0,No,No,48,Two year,No,Credit card (automatic),19.85,916.0,Low
1092-GANHU,Yes,1,0.5537153075221114,Male,0,No,No,17,Month-to-month,Fiber optic,Electronic check,76.65,1313.55,Medium
8552-OBVRU,No,0,0.31936873003778,Female,1,Yes,Yes,48,Month-to-month,Fiber optic,Electronic check,104.5,5068.05,Medium
5087-SUURX,Yes,1,0.5167090711978838,Female,0,Yes,No,18,Month-to-month,DSL,Electronic check,39.05,669.85,Medium
5180-UCIIQ,Yes,0,0.25601397854664143,Male,1,Yes,Yes,22,Month-to-month,DSL,Mailed check,40.05,880.2,Low
6356-ELRKD,Yes,1,0.6842910029027848,Female,0,No,No,1,Month-to-month,Fiber optic,Electronic check,95.6,95.6,High
0530-IJVDB,No,0,0.06579220377418409,Male,0,No,Yes,70,Two year,Fiber optic,Electronic check,114.6,7882.5,Low
6870-ECSHE,No,0,0.11803283385980314,Female,0,No,No,2,One year,No,Mailed check,20.45,34.8,Low
5981-ZVXOT,No,0,0.42412690729410457,Female,1,No,No,35,One year,Fiber optic,Electronic check,108.35,3726.15,Medium
4992-LTJNE,No,0,0.006269470258514279,Male,0,Yes,Yes,72,Two year,DSL,Bank transfer (automatic),55.3,3983.6,Low
3597-MVHJT,No,1,0.5950678210173254,Female,0,No,No,27,Month-to-month,Fiber optic,Bank transfer (automatic),95.6,2595.25,Medium
4128-ETESU,No,1,0.5264322094579016,Female,1,Yes,No,47,Month-to-month,Fiber optic,Electronic check,99.7,4747.2,Medium
5553-AOINX,No,0,0.2917228116160543,Female,1,Yes,Yes,66,One year,Fiber optic,Electronic check,104.9,6891.45,Low
6772-WFQRD,No,0,0.021347140750816264,Male,0,No,Yes,40,One year,No,Bank transfer (automatic),20.4,854.9,Low
5343-SGUBI,No,0,0.16400750233128278,Female,0,No,No,52,One year,Fiber optic,Mailed check,80.2,4297.6,Low
8465-SBRXP,No,0,0.10954267173122517,Male,0,Yes,Yes,38,Two year,Fiber optic,Bank transfer (automatic),94.9,3616.25,Low
3347-YJZZE,No,0,0.21289177256855726,Male,0,Yes,Yes,29,Month-to-month,DSL,Credit card (automatic),80.1,2211.8,Low
6840-RESVB,No,0,0.12330031670760648,Male,0,Yes,Yes,24,One year,DSL,Mailed check,84.8,1990.5,Low
3946-JEWRQ,No,0,0.2875839097864449,Male,0,Yes,No,47,One year,Fiber optic,Credit card (automatic),95.2,4563.0,Low
3223-DWFIO,No,1,0.6266724445334287,Male,1,No,No,4,Month-to-month,Fiber optic,Electronic check,69.35,261.65,High
3640-PHQXK,Yes,1,0.5946670970077041,Female,0,No,No,31,Month-to-month,Fiber optic,Electronic check,89.9,2806.9,Medium
5038-ETMLM,No,0,0.06122345221876854,Female,0,Yes,No,72,Two year,Fiber optic,Bank transfer (automatic),113.65,8182.75,Low
4890-VMUAV,No,0,0.02242074689084267,Male,0,No,No,63,One year,DSL,Electronic check,71.5,4576.3,Low
3518-PZXZQ,No,0,0.49074150158471047,Female,0,Yes,No,1,Month-to-month,DSL,Mailed check,55.3,55.3,Medium
4002-BQWPQ,No,0,0.13606765804934678,Male,0,No,No,25,Month-to-month,DSL,Bank transfer (automatic),81.75,2028.8,Low
9199-PWQVC,No,0,0.0521341488175793,Female,0,Yes,No,63,One year,DSL,Credit card (automatic),79.7,4786.15,Low
4685-TFLLS,No,0,0.04543012619718162,Male,0,Yes,Yes,18,One year,No,Bank transfer (automatic),19.8,342.3,Low
4526-ZJJTM,No,0,0.44061165075523184,Female,1,Yes,No,25,Month-to-month,Fiber optic,Bank transfer (automatic),88.4,2191.15,Medium
2592-SEIFQ,Yes,1,0.5440583732588593,Male,0,No,No,3,Month-to-month,DSL,Electronic check,24.75,66.95,Medium
0927-CNGRH,No,0,0.17056064622016706,Male,0,No,Yes,1,Month-to-month,No,Mailed check,19.55,19.55,Low
9386-LDCZR,No,0,0.07955647603342976,Male,0,No,No,43,One year,Fiber optic,Credit card (automatic),90.65,3882.3,Low
5995-LFTLE,No,0,0.006428214028151015,Male,0,No,No,58,Two year,No,Credit card (automatic),25.3,1474.35,Low
3325-FUYCG,Yes,0,0.27340802893947463,Male,0,Yes,Yes,28,One year,Fiber optic,Electronic check,106.1,2847.4,Low
2428-HYUNX,No,0,0.01181193654054101,Male,1,Yes,No,44,Two year,No,Credit card (automatic),19.35,847.25,Low
8035-PWSEV,No,1,0.600631629570314,Female,0,No,No,6,Month-to-month,Fiber optic,Electronic check,89.25,487.05,High
1448-CYWKC,No,0,0.22115410566468593,Female,0,Yes,Yes,58,One year,Fiber optic,Credit card (automatic),105.2,6225.4,Low
7599-FKVXZ,Yes,0,0.409548944000249,Male,0,Yes,No,42,Month-to-month,Fiber optic,Bank transfer (automatic),106.15,4512.7,Medium
8992-CEUEN,No,0,0.2596147274496132,Female,0,No,No,1,Month-to-month,No,Electronic check,18.85,18.85,Low
0723-FDLAY,No,0,0.1023952981648304,Male,0,No,No,44,One year,DSL,Bank transfer (automatic),85.25,3704.15,Low
4816-JBHOV,Yes,1,0.5618457949112236,Male,1,No,No,2,Month-to-month,DSL,Electronic check,44.7,93.7,Medium
3280-MRDOF,No,0,0.07675328920840487,Male,1,No,No,30,Two year,DSL,Credit card (automatic),69.1,2093.9,Low
6133-OZILE,No,0,0.36584123743936153,Female,0,No,No,18,Month-to-month,DSL,Electronic check,35.2,607.3,Medium
8938-UMKPI,Yes,1,0.5474519625841068,Female,0,No,No,47,Month-to-month,Fiber optic,Electronic check,106.4,5127.95,Medium
3685-YLCMQ,Yes,0,0.25074202836597503,Male,0,No,No,58,One year,Fiber optic,Electronic check,104.65,6219.6,Low
5921-NGYRH,No,0,0.10651760899350096,Male,0,Yes,No,64,Month-to-month,Fiber optic,Mailed check,73.55,4764.0,Low
2523-EWWZL,No,0,0.4531816154215938,Female,0,Yes,No,27,Month-to-month,Fiber optic,Electronic check,76.1,2093.4,Medium
7361-YPXFS,No,0,0.16776467708281192,Female,1,No,No,28,Month-to-month,DSL,Bank transfer (automatic),64.45,1867.6,Low
2587-EKXTS,No,0,0.4645361455924871,Male,0,No,No,44,Month-to-month,Fiber optic,Electronic check,111.5,4915.15,Medium
5226-NOZFC,No,0,0.48752373592505976,Male,0,No,No,26,Month-to-month,Fiber optic,Electronic check,85.75,2146.5,Medium
4869-EPIUS,No,0,0.19224905420468927,Male,0,Yes,No,56,One year,Fiber optic,Electronic check,80.9,4557.5,Low
2805-EDJPQ,No,0,0.12780819236360047,Female,0,Yes,Yes,56,One year,Fiber optic,Credit card (automatic),99.75,5608.4,Low
7503-ZGUZJ,Yes,1,0.6972434408968079,Male,0,No,No,1,Month-to-month,Fiber optic,Mailed check,84.65,84.65,High
1996-DBMUS,No,0,0.2932121310091813,Female,1,Yes,No,48,Month-to-month,Fiber optic,Bank transfer (automatic),70.65,3545.05,Low
4307-KWMXE,No,0,0.33164800259071653,Male,0,No,No,10,Month-to-month,DSL,Electronic check,35.75,389.8,Medium
5751-USDBL,No,0,0.018705939564713676,Male,0,Yes,Yes,46,Two year,DSL,Mailed check,81.0,3846.35,Low
1094-BKOSX,No,0,0.05077792986947202,Female,0,Yes,Yes,45,One year,DSL,Bank transfer (automatic),51.0,2264.5,Low
0486-LGCCH,No,0,0.03272918345864385,Male,0,Yes,Yes,11,Two year,No,Mailed check,19.65,225.75,Low
0673-IGUQO,No,0,0.19631845196665734,Male,0,No,No,1,Month-to-month,No,Mailed check,20.45,20.45,Low
0345-HKJVM,Yes,1,0.6598101830636882,Female,0,No,No,6,Month-to-month,Fiber optic,Electronic check,89.3,577.6,High
1087-GRUYI,No,0,0.009894939883484784,Male,0,Yes,No,38,Two year,No,Bank transfer (automatic),20.4,743.5,Low
6682-QJDGB,Yes,0,0.0728046326359995,Male,0,No,Yes,40,Month-to-month,DSL,Mailed check,55.25,2139.2,Low
9445-SZLCH,Yes,0,0.4154004270280278,Female,0,Yes,Yes,36,Month-to-month,Fiber optic,Bank transfer (automatic),97.35,3457.9,Medium
6435-SRWBJ,No,1,0.6206225457769031,Female,0,No,No,5,Month-to-month,Fiber optic,Electronic check,82.75,417.75,High
9776-CLUJA,Yes,0,0.30790531212140815,Female,1,Yes,No,51,Month-to-month,Fiber optic,Electronic check,77.5,3807.35,Medium
5804-LEPIM,Yes,1,0.7323200039658294,Female,1,No,No,2,Month-to-month,Fiber optic,Electronic check,70.35,139.05,High
8919-FYFQZ,Yes,0,0.21105196981752972,Male,1,Yes,No,44,Month-to-month,DSL,Electronic check,30.35,1359.7,Low
3207-OYBWH,Yes,0,0.36889411831125996,Male,1,Yes,No,57,Month-to-month,Fiber optic,Bank transfer (automatic),95.25,5427.05,Medium
8917-FAEMR,No,0,0.010933001751024553,Female,0,No,No,37,Two year,No,Mailed check,19.85,784.25,Low
5685-IIXLY,Yes,1,0.6434138532461693,Female,0,Yes,Yes,5,Month-to-month,Fiber optic,Electronic check,83.6,404.2,High
0870-VEMYL,Yes,0,0.16503062888195033,Female,0,No,No,5,Month-to-month,DSL,Credit card (automatic),53.85,259.8,Low
3707-GNWHM,Yes,1,0.6659983158517602,Male,0,No,No,1,Month-to-month,Fiber optic,Mailed check,74.25,74.25,High
4531-AUZNK,No,0,0.1127131652393933,Female,0,Yes,Yes,51,One year,Fiber optic,Mailed check,95.15,5000.05,Low
9053-JZFKV,Yes,0,0.043804687720706434,Male,0,No,No,67,Two year,Fiber optic,Credit card (automatic),116.2,7752.3,Low
2408-PSJVE,No,0,0.07136566846612986,Male,0,Yes,Yes,44,Month-to-month,DSL,Mailed check,61.9,2924.05,Low
4720-VSTSI,Yes,0,0.33785871150212093,Female,0,No,No,44,Month-to-month,Fiber optic,Bank transfer (automatic),84.8,3862.55,Medium
2040-VZIKE,No,0,0.3620545584552785,Female,0,Yes,No,49,Month-to-month,Fiber optic,Mailed check,100.85,4847.35,Medium
7639-SUPCW,Yes,0,0.17288733389849942,Female,0,No,No,22,Month-to-month,DSL,Credit card (automatic),48.8,1054.6,Low
0208-BPQEJ,No,0,0.11135464141849959,Female,0,Yes,Yes,12,Month-to-month,No,Bank transfer (automatic),19.4,198.1,Low
6283-GITPX,No,0,0.006908524404145591,Male,0,No,Yes,71,Two year,DSL,Credit card (automatic),76.9,5522.7,Low
0947-IDHRQ,Yes,1,0.6055094817060067,Female,0,No,No,7,Month-to-month,Fiber optic,Mailed check,80.3,526.7,High
5707-ZMDJP,No,0,0.012118451629872065,Male,0,Yes,Yes,53,Two year,DSL,Mailed check,69.7,3729.6,Low
0924-BJCRC,No,0,0.31920898361419875,Female,1,Yes,No,60,Month-to-month,Fiber optic,Electronic check,89.45,5294.6,Medium
2484-DGXPZ,Yes,0,0.06320198216576815,Female,0,Yes,Yes,31,Month-to-month,No,Mailed check,19.55,658.95,Low
6674-KVJHG,No,0,0.12966638356432536,Female,0,No,No,11,One year,No,Electronic check,25.2,245.15,Low
8722-NGNBH,Yes,0,0.266270426420844,Male,0,No,No,5,Month-to-month,DSL,Mailed check,40.0,223.45,Low
5396-IZEPB,No,0,0.1294134115811596,Male,0,No,No,9,Month-to-month,No,Credit card (automatic),19.7,180.7,Low
0136-IFMYD,No,0,0.13427558614985033,Male,1,Yes,No,69,Two year,Fiber optic,Electronic check,109.95,7634.25,Low
8266-VBFQL,No,1,0.6052819540886379,Male,0,No,No,4,Month-to-month,Fiber optic,Electronic check,90.4,356.65,High
3717-OEAUQ,No,1,0.5120582293038167,Male,0,No,No,2,Month-to-month,Fiber optic,Mailed check,70.7,129.2,Medium
0781-LKXBR,Yes,1,0.8013400426825331,Male,1,No,No,9,Month-to-month,Fiber optic,Electronic check,100.5,918.6,High
5832-EXGTT,No,0,0.16086263949044394,Male,0,Yes,Yes,29,Month-to-month,DSL,Mailed check,60.2,1834.15,Low
6595-COKXZ,Yes,0,0.4505361901994489,Female,0,No,No,1,Month-to-month,DSL,Mailed check,44.45,44.45,Medium
3426-NIYYL,Yes,0,0.34895570009624594,Male,0,No,No,15,Month-to-month,DSL,Electronic check,51.55,765.5,Medium
9770-LXDBK,No,0,0.18954436430360655,Female,0,No,No,3,Month-to-month,No,Mailed check,20.4,63.15,Low
2603-HVKCG,No,1,0.546363574939382,Male,0,No,No,31,Month-to-month,Fiber optic,Electronic check,101.4,3143.65,Medium
2432-TFSMK,No,0,0.4136773850299063,Male,0,No,No,18,One year,Fiber optic,Credit card (automatic),89.6,1633.0,Medium
2307-FYNNL,No,0,0.11254859318227246,Male,1,No,No,65,Two year,Fiber optic,Electronic check,109.05,7108.2,Low
5003-XZWWO,No,0,0.015334079324140833,Male,0,Yes,No,71,Two year,DSL,Credit card (automatic),84.2,5956.85,Low
2000-MPKCA,No,0,0.2550262105774969,Female,0,No,No,58,One year,Fiber optic,Electronic check,107.75,6332.75,Low
9469-WEJBT,No,0,0.37340345995426844,Male,0,Yes,No,37,Month-to-month,Fiber optic,Electronic check,90.35,3419.3,Medium
9614-RMGHA,Yes,0,0.24012868705470142,Male,0,Yes,No,65,Month-to-month,Fiber optic,Bank transfer (automatic),91.85,5940.85,Low
9947-OTFQU,Yes,1,0.5870845643113836,Male,1,No,No,15,Month-to-month,Fiber optic,Electronic check,74.4,1074.3,Medium
0191-EQUUH,No,0,0.03250055896628399,Female,0,No,Yes,25,Two year,DSL,Bank transfer (automatic),35.05,844.45,Low
5195-KPUNQ,No,0,0.11527804939839335,Female,1,No,No,53,One year,Fiber optic,Mailed check,96.75,5206.55,Low
8329-IBCTI,Yes,0,0.20541326386145398,Female,0,No,No,1,Month-to-month,No,Mailed check,19.65,19.65,Low
3777-XROBG,No,0,0.0028307366151709605,Female,0,Yes,Yes,58,Two year,No,Credit card (automatic),19.55,1079.65,Low
8138-EALND,No,0,0.10606607341729475,Male,0,No,No,15,Month-to-month,No,Mailed check,19.75,311.6,Low
8914-RBTSB,Yes,0,0.46490688174603145,Male,0,Yes,No,31,Month-to-month,Fiber optic,Electronic check,93.8,3019.5,Medium
4988-IQIGL,Yes,1,0.7758807451050659,Male,1,No,No,1,Month-to-month,Fiber optic,Electronic check,75.35,75.35,High
7799-LGRDP,No,0,0.01476310536176336,Female,0,No,No,43,Two year,No,Credit card (automatic),25.7,1188.2,Low
5730-DBDSI,No,0,0.0022685655805642817,Male,0,No,No,66,Two year,No,Bank transfer (automatic),19.7,1253.8,Low
7815-PDTHL,No,0,0.015834105925909846,Male,0,No,No,35,Two year,No,Mailed check,20.2,684.4,Low
2202-OUTMO,No,0,0.11504437606302648,Female,0,Yes,No,34,Month-to-month,DSL,Bank transfer (automatic),60.85,2003.6,Low
3746-EUBYR,Yes,1,0.6722881991286469,Male,0,Yes,No,1,Month-to-month,Fiber optic,Bank transfer (automatic),74.6,74.6,High
2851-STERV,No,0,0.16412785775583785,Male,1,No,No,35,One year,DSL,Electronic check,73.0,2471.25,Low
3803-KMQFW,Yes,0,0.1819228738225849,Female,0,Yes,Yes,1,Month-to-month,No,Mailed check,20.55,20.55,Low
9831-BPFRI,Yes,0,0.19554851698969145,Female,0,Yes,Yes,39,One year,Fiber optic,Electronic check,89.55,3474.45,Low
9743-DQKQW,No,1,0.5452902080519049,Male,0,No,No,3,Month-to-month,DSL,Electronic check,25.1,79.8,Medium
7876-BEUTG,No,0,0.36705008201054085,Female,0,No,No,15,Month-to-month,DSL,Mailed check,48.8,720.1,Medium
5945-AZYHT,No,0,0.19925730388820884,Male,0,Yes,No,71,One year,Fiber optic,Electronic check,109.6,7854.15,Low
7703-ZEKEF,Yes,1,0.5768915389695174,Male,0,No,No,23,Month-to-month,Fiber optic,Electronic check,81.0,1917.1,Medium
9600-NAXZN,Yes,1,0.5416186966078685,Male,0,No,No,43,Month-to-month,Fiber optic,Electronic check,101.4,4528.0,Medium
5859-HZYLF,No,0,0.019870203946671154,Male,0,Yes,Yes,26,Two year,No,Credit card (automatic),19.15,515.75,Low
2908-WGAXL,No,0,0.006549872358242191,Female,0,Yes,Yes,56,Two year,No,Credit card (automatic),24.95,1468.9,Low
8344-WFMFH,No,0,0.3601421699092138,Male,0,No,Yes,9,Month-to-month,DSL,Electronic check,50.1,484.05,Medium
8879-ZKJOF,No,0,0.07137808607168375,Female,0,No,No,41,One year,DSL,Bank transfer (automatic),79.85,3320.75,Low
7159-NOKYQ,No,0,0.1109715113600563,Male,0,Yes,No,67,Two year,Fiber optic,Electronic check,93.15,6368.2,Low
6917-IAYHD,No,0,0.31584403798922567,Male,0,No,Yes,1,Month-to-month,DSL,Mailed check,33.6,33.6,Medium
2507-QZPQS,No,0,0.47466151908502013,Male,0,No,No,15,Month-to-month,Fiber optic,Electronic check,95.7,1451.1,Medium
7112-OPOTK,Yes,0,0.30727334226864805,Male,0,No,No,33,Month-to-month,Fiber optic,Electronic check,68.25,2171.15,Medium
6838-HVLXG,No,0,0.12816071662695247,Female,0,No,No,12,Month-to-month,No,Mailed check,20.3,246.7,Low
9026-RNUJS,Yes,0,0.44585752148827457,Male,1,No,No,5,Month-to-month,DSL,Electronic check,50.35,237.25,Medium
2038-OEQZH,No,1,0.6249704827871977,Male,0,No,No,4,Month-to-month,Fiber optic,Electronic check,86.05,308.1,High
9940-RHLFB,Yes,1,0.6141399674616851,Female,0,No,No,1,Month-to-month,Fiber optic,Electronic check,75.3,75.3,High
8806-EAGWC,Yes,0,0.367045871684035,Male,0,No,No,3,Month-to-month,DSL,Mailed check,55.15,159.15,Medium
6851-WEFYX,No,1,0.6653397671564542,Male,1,Yes,No,35,Month-to-month,Fiber optic,Electronic check,100.8,3437.5,High
0129-KPTWJ,No,0,0.28305931417945945,Male,0,Yes,No,72,Month-to-month,Fiber optic,Electronic check,94.65,6747.35,Low
7691-XVTZH,No,0,0.08110995678119269,Female,0,Yes,No,68,Two year,Fiber optic,Bank transfer (automatic),89.95,5974.3,Low
3794-NFNCH,No,0,0.18763130491885863,Male,0,Yes,No,30,Month-to-month,DSL,Mailed check,50.0,1474.9,Low
3508-CFVZL,No,0,0.042460018361661855,Female,0,No,No,71,Two year,Fiber optic,Mailed check,111.3,7985.9,Low
8286-AFUYI,No,0,0.3354851090967584,Male,0,No,No,1,Month-to-month,DSL,Electronic check,47.95,47.95,Medium
3911-RSNHI,No,0,0.019243670986511714,Female,0,Yes,No,71,Two year,DSL,Credit card (automatic),61.4,4310.35,Low
9052-VKDUW,No,0,0.32752864642220264,Female,1,Yes,No,65,Month-to-month,Fiber optic,Credit card (automatic),109.4,7227.45,Medium
5832-TRLPB,No,0,0.1322399414252139,Male,0,No,No,29,One year,DSL,Bank transfer (automatic),75.35,2243.9,Low
2573-GYRUU,No,0,0.42467834466697485,Male,1,Yes,No,48,Month-to-month,Fiber optic,Credit card (automatic),91.05,4370.75,Medium
3313-QKNKB,Yes,0,0.17667787384603892,Male,0,Yes,No,59,One year,Fiber optic,Electronic check,85.55,5084.65,Low
2676-ISHSF,No,0,0.1962445396549132,Male,0,No,No,1,Month-to-month,No,Mailed check,20.3,20.3,Low
1020-JPQOW,No,0,0.1886948897258043,Female,0,Yes,No,56,Month-to-month,Fiber optic,Electronic check,90.55,5116.6,Low
0931-MHTEM,No,0,0.14075657784060014,Female,0,No,No,54,One year,Fiber optic,Credit card (automatic),100.05,5299.65,Low
7153-OANIO,Yes,1,0.5969995265152132,Male,0,No,No,1,Month-to-month,Fiber optic,Electronic check,69.95,69.95,Medium
0487-CRLZF,No,0,0.0383190582322359,Female,0,No,No,49,Two year,DSL,Bank transfer (automatic),74.45,3721.9,Low
8708-XPXHZ,Yes,1,0.5370459515946404,Female,0,Yes,Yes,42,Month-to-month,Fiber optic,Electronic check,94.2,4186.3,Medium
8337-UPOAQ,Yes,1,0.7702610459630923,Male,1,Yes,No,10,Month-to-month,Fiber optic,Electronic check,89.8,914.3,High
9467-ROOLM,No,0,0.06870129536645689,Female,0,No,No,25,Month-to-month,No,Mailed check,19.05,461.3,Low
1791-PQHBB,No,0,0.3421902918610271,Female,0,No,Yes,2,Month-to-month,DSL,Credit card (automatic),61.2,125.95,Medium
2656-FMOKZ,Yes,1,0.6253850353920236,Female,1,No,No,15,Month-to-month,Fiber optic,Mailed check,74.45,1145.7,High
8387-UGUSU,No,0,0.09679038573607003,Female,0,Yes,Yes,15,Month-to-month,No,Mailed check,20.05,284.3,Low
1536-YHDOE,No,0,0.10146219582498182,Male,0,Yes,Yes,17,One year,DSL,Mailed check,62.1,1096.65,Low
0795-LAFGP,No,0,0.01629256126059621,Male,0,Yes,Yes,71,Two year,DSL,Electronic check,90.4,6668.05,Low
4024-CSNBY,No,0,0.02972230337673215,Female,0,Yes,No,72,Two year,Fiber optic,Bank transfer (automatic),94.25,6849.75,Low
4178-EGMON,No,0,0.021825707306879383,Male,0,Yes,No,70,Two year,Fiber optic,Credit card (automatic),88.0,5986.45,Low
9734-YWGEX,Yes,1,0.6156341238691335,Female,0,No,No,9,Month-to-month,Fiber optic,Credit card (automatic),98.3,923.5,High
6773-LQTVT,No,0,0.2767251191127504,Female,1,Yes,Yes,29,Month-to-month,DSL,Mailed check,35.65,1025.15,Low
9871-ELEYA,No,0,0.018263549491518347,Female,0,No,Yes,34,Two year,DSL,Credit card (automatic),67.65,2339.3,Low
2806-MLNTI,No,0,0.3248858927624579,Male,1,Yes,No,52,One year,Fiber optic,Bank transfer (automatic),105.1,5376.4,Medium
6993-OHLXR,Yes,1,0.6003396556628939,Female,0,No,No,2,Month-to-month,Fiber optic,Electronic check,68.95,119.75,High
4317-VTEOA,Yes,0,0.4813209061021357,Male,0,No,No,1,Month-to-month,DSL,Electronic check,50.75,50.75,Medium
7519-JTWQH,No,0,0.08231600793868159,Female,0,No,No,69,Two year,Fiber optic,Bank transfer (automatic),110.5,7455.45,Low
3470-BTGQO,No,0,0.16266234476349173,Male,0,No,Yes,21,Month-to-month,DSL,Mailed check,45.65,985.05,Low
3363-DTIVD,No,0,0.06825399719440489,Male,0,Yes,Yes,71,Two year,Fiber optic,Electronic check,105.55,7405.5,Low
0956-ACVZC,No,0,0.2035242194578565,Female,0,No,No,54,One year,Fiber optic,Credit card (automatic),94.1,5060.9,Low
8782-NUUOL,No,0,0.02587375566155162,Male,0,No,No,60,One year,DSL,Mailed check,79.0,4801.1,Low
3275-RHRNE,No,0,0.1429836156617122,Male,0,Yes,Yes,28,One year,DSL,Credit card (automatic),60.0,1682.05,Low
3213-VVOLG,No,0,0.07168630180820289,Male,0,Yes,Yes,0,Two year,No,Mailed check,25.35,0.0,Low
0141-YEAYS,No,1,0.5259269591815621,Female,1,No,No,27,Month-to-month,Fiber optic,Bank transfer (automatic),86.45,2401.05,Medium
7359-WWYJV,No,0,0.040365649825754066,Male,0,Yes,No,72,Two year,Fiber optic,Credit card (automatic),114.45,8375.05,Low
2788-CJQAQ,No,0,0.06679890417851582,Male,0,No,No,13,One year,No,Mailed check,19.45,270.2,Low
1757-TCATG,No,0,0.01978099395082165,Male,0,Yes,Yes,35,One year,No,Bank transfer (automatic),20.05,746.75,Low
0621-TSSMU,No,0,0.0072158457039395,Male,0,Yes,No,56,One year,No,Credit card (automatic),19.95,1126.75,Low
8387-MOJJT,Yes,0,0.2782564571252725,Female,0,Yes,Yes,42,Month-to-month,Fiber optic,Credit card (automatic),77.95,3384.0,Low
2758-RNWXS,No,0,0.18665654332233803,Male,0,No,No,35,One year,Fiber optic,Electronic check,89.2,3251.3,Low
5520-FVEWJ,Yes,1,0.6006845494685827,Female,0,Yes,Yes,12,Month-to-month,Fiber optic,Electronic check,84.5,916.9,High
4873-ILOLJ,Yes,1,0.6053394838231761,Male,0,No,No,24,Month-to-month,Fiber optic,Electronic check,90.35,2238.5,High
4781-ZXYGU,No,0,0.23080691500390074,Male,0,Yes,Yes,1,Month-to-month,No,Bank transfer (automatic),20.15,20.15,Low
6615-NGGZJ,Yes,1,0.7065165875306175,Male,0,No,No,14,Month-to-month,Fiber optic,Electronic check,100.55,1415.55,High
2027-WKXMW,No,0,0.3470758627205043,Female,0,Yes,No,63,Month-to-month,Fiber optic,Electronic check,108.75,6871.7,Medium
3841-NFECX,No,0,0.03560092717865412,Female,1,Yes,No,71,Two year,Fiber optic,Credit card (automatic),96.35,6766.95,Low
3845-FXCYS,No,0,0.3078401670912047,Male,0,No,No,2,Month-to-month,No,Electronic check,19.65,31.2,Medium
1813-JYWTO,No,0,0.02632608325296719,Female,0,Yes,No,72,Two year,Fiber optic,Bank transfer (automatic),80.45,5737.6,Low
3724-BSCVH,No,0,0.06770601537618397,Male,0,Yes,Yes,10,One year,No,Mailed check,20.45,242.4,Low
5998-VVEJY,Yes,0,0.4336728158398743,Male,0,No,No,26,Month-to-month,Fiber optic,Electronic check,80.5,2088.8,Medium
3893-JRNFS,No,0,0.07782551860602231,Male,0,No,No,68,Month-to-month,DSL,Bank transfer (automatic),39.9,2796.35,Low
9225-BZLNZ,No,0,0.03302165272436388,Male,0,Yes,No,72,Two year,DSL,Electronic check,85.25,6083.1,Low
1169-WCVAK,No,0,0.29331106442328697,Male,0,Yes,No,19,Month-to-month,Fiber optic,Credit card (automatic),88.8,1672.35,Low
0386-CWRGM,No,0,0.005918838423759547,Female,0,Yes,Yes,46,Two year,No,Mailed check,19.4,967.85,Low
1023-BQXZE,No,0,0.029400315389168496,Male,0,No,No,57,Two year,DSL,Bank transfer (automatic),74.35,4317.35,Low
0237-YFUTL,No,0,0.26532997619129833,Female,0,Yes,No,50,Month-to-month,Fiber optic,Bank transfer (automatic),109.65,5405.8,Low
2037-XJFUP,Yes,0,0.3950727777509819,Male,0,Yes,No,33,One year,Fiber optic,Electronic check,95.8,3036.75,Medium
1285-OKIPP,Yes,1,0.6457552304367483,Male,0,No,No,1,Month-to-month,Fiber optic,Electronic check,79.9,79.9,High
1846-XWOQN,Yes,1,0.7393115688189271,Female,1,No,No,1,Month-to-month,Fiber optic,Electronic check,70.15,70.15,High
9027-TMATR,No,0,0.04619315826143473,Female,0,Yes,No,43,Two year,DSL,Electronic check,78.8,3460.3,Low
2325-NBPZG,No,1,0.5874410525726783,Female,0,No,No,3,Month-to-month,Fiber optic,Electronic check,74.55,233.65,Medium
1575-KRZZE,No,0,0.2956437485824576,Female,0,No,No,4,Month-to-month,DSL,Electronic check,55.2,220.65,Low
2087-QAREY,No,0,0.23759995119855817,Female,0,Yes,No,22,Month-to-month,DSL,Mailed check,54.7,1178.75,Low
8006-PYCSW,No,0,0.19731344995530983,Female,0,No,No,2,Month-to-month,No,Mailed check,20.1,39.8,Low
5022-KVDQT,No,1,0.5472509493863873,Male,0,No,No,27,Month-to-month,Fiber optic,Electronic check,81.3,2272.8,Medium
0060-FUALY,No,0,0.28028131614322505,Female,0,Yes,No,59,Month-to-month,Fiber optic,Electronic check,94.75,5597.65,Low
1442-BQPVU,No,0,0.4049831123499113,Female,0,No,No,13,Month-to-month,DSL,Electronic check,29.15,357.15,Medium
0616-ATFGB,Yes,1,0.6311682267338693,Male,1,Yes,No,1,Month-to-month,DSL,Electronic check,25.05,25.05,High
1905-OEILC,No,0,0.2053368022736327,Female,0,No,No,1,Month-to-month,No,Mailed check,19.5,19.5,Low
9003-CPATH,No,0,0.32985557201402804,Male,0,No,No,42,Month-to-month,Fiber optic,Electronic check,79.9,3313.4,Medium
3873-NFTGI,No,0,0.32346768436958917,Male,0,No,No,14,Month-to-month,DSL,Credit card (automatic),55.5,767.55,Medium
6357-JJPQT,No,1,0.7061328765185034,Female,0,No,No,3,Month-to-month,Fiber optic,Electronic check,80.5,232.35,High
6121-VZNQB,Yes,0,0.2678006425733204,Female,0,No,No,1,Month-to-month,No,Mailed check,19.1,19.1,Low
3318-ISQFQ,No,0,0.12227393892305823,Female,0,No,No,20,Month-to-month,No,Bank transfer (automatic),19.5,413.0,Low
6353-BRMMA,No,0,0.288756017514469,Female,0,Yes,Yes,54,Month-to-month,Fiber optic,Bank transfer (automatic),104.1,5645.8,Low
7980-MHFLQ,No,0,0.002249977571719388,Female,0,Yes,Yes,72,Two year,No,Mailed check,24.9,1859.2,Low
4277-UDIEF,No,0,0.15203750974690686,Male,0,Yes,Yes,24,Month-to-month,DSL,Bank transfer (automatic),81.0,1923.85,Low
1195-OIYEJ,Yes,1,0.6736693181087938,Male,0,No,No,13,Month-to-month,Fiber optic,Electronic check,91.1,1135.7,High
2805-AUFQN,No,0,0.018208824422924392,Female,0,No,No,25,Two year,No,Credit card (automatic),19.8,475.2,Low
7298-IZWLY,No,0,0.2679844228457928,Female,0,No,No,1,Month-to-month,No,Mailed check,19.4,19.4,Low
8672-OAUPW,No,0,0.01643835631587818,Male,0,No,Yes,51,One year,DSL,Credit card (automatic),47.85,2356.75,Low
3556-BVQGL,No,0,0.07100342504709357,Female,0,Yes,No,20,One year,No,Mailed check,20.0,416.45,Low
3643-AHCFP,Yes,1,0.7569039253735208,Male,1,Yes,No,7,Month-to-month,Fiber optic,Bank transfer (automatic),95.6,644.35,High
4818-DRBQT,Yes,0,0.41295652474067984,Male,0,Yes,No,29,Month-to-month,Fiber optic,Bank transfer (automatic),80.15,2265.25,Medium
6152-ONASV,No,0,0.012610119940920905,Female,0,Yes,No,68,One year,DSL,Bank transfer (automatic),58.25,3975.7,Low
9530-GRMJG,No,0,0.02847844133322583,Male,0,Yes,Yes,70,Two year,DSL,Electronic check,84.1,5979.7,Low
0277-ORXQS,No,0,0.01336153919110676,Male,0,Yes,Yes,66,Two year,DSL,Bank transfer (automatic),50.55,3364.55,Low
6922-NCEDI,No,0,0.009550790698524006,Male,0,No,Yes,56,One year,No,Mailed check,21.2,1238.65,Low
7314-OXENN,Yes,1,0.7008853503350093,Male,0,No,No,2,Month-to-month,Fiber optic,Electronic check,82.0,184.65,High
8668-KNZTI,No,0,0.03290112958962576,Male,0,No,No,52,One year,DSL,Electronic check,53.75,2790.65,Low
1085-LDWAM,No,0,0.004776774386553057,Female,0,Yes,Yes,69,One year,No,Credit card (automatic),20.35,1442.65,Low
8229-BUJHX,No,0,0.0016735556203682765,Female,0,Yes,Yes,71,Two year,No,Bank transfer (automatic),20.5,1500.95,Low
0376-OIWME,No,0,0.42858556457933794,Male,0,Yes,No,36,Month-to-month,Fiber optic,Electronic check,93.6,3366.05,Medium
1429-UYJSV,No,0,0.07432580566210878,Female,0,No,No,12,One year,No,Mailed check,19.7,260.9,Low
4690-LLKUA,Yes,0,0.3991921161096536,Male,1,No,No,17,Month-to-month,DSL,Electronic check,45.05,770.6,Medium
9822-WMWVG,No,0,0.3197370493548129,Female,0,No,No,41,Month-to-month,Fiber optic,Electronic check,106.5,4282.4,Medium
5996-DAOQL,No,0,0.25716447496436917,Male,0,No,No,1,Month-to-month,No,Mailed check,20.45,20.45,Low
4077-CROMM,Yes,1,0.5144560357357817,Female,0,Yes,Yes,31,Month-to-month,Fiber optic,Electronic check,104.2,3243.45,Medium
3503-TYDAY,No,0,0.3092787832713163,Female,0,Yes,No,43,Month-to-month,Fiber optic,Electronic check,80.45,3398.9,Medium
0945-TSONX,No,0,0.029429254455116998,Female,0,Yes,Yes,47,Two year,DSL,Credit card (automatic),85.3,4107.25,Low
9488-FVZCC,No,0,0.01097877543294005,Female,0,Yes,Yes,72,Two year,DSL,Bank transfer (automatic),79.5,5661.7,Low
1527-SXDPN,Yes,0,0.08230856151767346,Male,0,Yes,Yes,52,Two year,Fiber optic,Bank transfer (automatic),96.25,4990.25,Low
2696-NARTR,Yes,0,0.49500708520441333,Male,0,No,No,11,Month-to-month,Fiber optic,Electronic check,73.85,926.25,Medium
0297-RBCSG,No,0,0.13058502836105448,Male,0,No,No,19,One year,DSL,Bank transfer (automatic),65.35,1231.85,Low
8041-TMEID,No,0,0.08371417230356838,Male,1,Yes,No,63,Two year,Fiber optic,Credit card (automatic),108.5,6991.9,Low
3178-FESZO,Yes,1,0.7095524169805172,Female,0,No,No,1,Month-to-month,Fiber optic,Credit card (automatic),100.25,100.25,High
4536-PLEQY,No,1,0.5238326549516089,Male,0,Yes,No,12,Month-to-month,Fiber optic,Credit card (automatic),85.05,999.8,Medium
9479-HYNYL,No,0,0.016551573372762224,Female,0,Yes,No,71,Two year,DSL,Credit card (automatic),80.7,5705.05,Low
3256-EZDBI,No,0,0.11066854554703948,Male,1,Yes,No,51,Month-to-month,DSL,Credit card (automatic),29.45,1459.35,Low
3154-HMWUU,No,0,0.004545194197114139,Male,0,Yes,No,60,Two year,No,Bank transfer (automatic),20.5,1198.8,Low
9137-UIYPG,No,0,0.3441561998322622,Female,0,Yes,Yes,35,Month-to-month,Fiber optic,Electronic check,106.9,3756.45,Medium
6005-OBZPH,Yes,1,0.6324469637563096,Female,1,No,No,26,Month-to-month,Fiber optic,Electronic check,89.15,2277.65,High
1173-XZPYF,No,1,0.7132503551104599,Female,0,No,No,11,Month-to-month,Fiber optic,Electronic check,89.2,990.3,High
0988-JRWWP,No,1,0.5403625222767808,Female,0,No,No,3,Month-to-month,DSL,Electronic check,54.2,140.4,Medium
3739-YBWAB,No,0,0.06823064872982668,Male,0,Yes,No,36,One year,DSL,Mailed check,35.35,1317.95,Low
5302-BDJNT,No,0,0.3601126791344097,Male,0,No,No,35,Month-to-month,Fiber optic,Electronic check,95.5,3418.2,Medium
0148-DCDOS,Yes,1,0.590678418866659,Male,0,No,No,25,Month-to-month,Fiber optic,Bank transfer (automatic),94.7,2362.1,Medium
4903-CNOZC,No,0,0.12177534800637525,Male,0,No,No,29,One year,DSL,Credit card (automatic),70.9,1964.6,Low
3988-RQIXO,Yes,1,0.8016136872959344,Female,1,No,No,1,Month-to-month,Fiber optic,Electronic check,91.3,91.3,High
2346-LOCWC,No,0,0.002938013821179337,Female,0,Yes,Yes,58,Two year,No,Credit card (automatic),20.5,1191.4,Low
9624-EGDEQ,No,0,0.011029246753057439,Female,0,No,No,37,Two year,No,Mailed check,19.8,813.3,Low
0447-RXSGD,No,1,0.5763347461516994,Male,0,No,No,24,Month-to-month,Fiber optic,Bank transfer (automatic),99.65,2404.85,Medium
4441-NIHPT,Yes,1,0.6513645566237399,Female,1,No,No,13,Month-to-month,Fiber optic,Electronic check,74.3,940.35,High
1830-IPXVJ,No,0,0.0025589694663582033,Female,0,Yes,Yes,61,Two year,No,Credit card (automatic),19.75,1311.6,Low
5014-GSOUQ,No,0,0.03415153172816276,Male,0,No,No,13,Two year,No,Mailed check,19.95,243.65,Low
5494-WOZRZ,No,0,0.01200651315431801,Female,0,Yes,Yes,71,Two year,DSL,Credit card (automatic),82.0,5999.85,Low
4385-GZQXV,Yes,1,0.6266538668013234,Female,1,No,No,16,Month-to-month,Fiber optic,Electronic check,94.45,1511.2,High
0201-OAMXR,Yes,0,0.08434041749691072,Female,0,No,No,70,One year,Fiber optic,Credit card (automatic),115.55,8127.6,Low
0902-XKXPN,No,0,0.0017025221077347616,Male,0,Yes,Yes,69,Two year,No,Bank transfer (automatic),20.2,1376.5,Low
6650-BWFRT,No,0,0.062664839075799,Female,0,Yes,No,72,Two year,Fiber optic,Credit card (automatic),117.15,8529.5,Low
5453-AXEPF,No,1,0.5140283190068747,Male,0,Yes,No,17,Month-to-month,Fiber optic,Bank transfer (automatic),80.5,1336.9,Medium
7932-WPTDS,Yes,1,0.7199719880500729,Female,1,Yes,No,1,Month-to-month,DSL,Electronic check,24.8,24.8,High
6692-UDPJC,Yes,1,0.5578165743676585,Female,0,Yes,Yes,14,Month-to-month,Fiber optic,Electronic check,91.65,1301.0,Medium
4537-DKTAL,No,0,0.4298916693759662,Female,0,No,No,2,Month-to-month,DSL,Electronic check,45.55,84.4,Medium
4043-MKDTV,No,0,0.07030115900165151,Male,0,Yes,No,71,Two year,Fiber optic,Electronic check,105.25,7291.75,Low
8327-WKMIE,No,0,0.01897332591960152,Male,0,No,No,37,One year,No,Credit card (automatic),20.15,785.75,Low
4123-FCVCB,No,0,0.2626635732795573,Female,0,No,No,12,One year,DSL,Mailed check,75.85,854.45,Low
5035-BVCXS,No,0,0.49375198679667753,Male,0,No,No,11,Month-to-month,Fiber optic,Mailed check,75.9,866.4,Medium
1555-HAPSU,No,0,0.002063393202018456,Female,0,Yes,Yes,71,Two year,No,Credit card (automatic),23.9,1663.5,Low
6797-LNAQX,Yes,0,0.05807634028820696,Male,0,Yes,Yes,70,Two year,Fiber optic,Bank transfer (automatic),98.3,6859.5,Low
5016-ETTFF,Yes,0,0.3850417876917142,Male,0,No,No,10,Month-to-month,DSL,Mailed check,29.5,255.25,Medium
3714-JTVOV,Yes,0,0.24817515454749597,Female,1,Yes,No,42,Month-to-month,Fiber optic,Credit card (automatic),74.15,3229.4,Low
1768-HNVGJ,No,0,0.16443281179109528,Female,1,No,No,45,Month-to-month,DSL,Electronic check,70.05,3062.45,Low
3247-MHJKM,No,0,0.1961952764665822,Male,0,No,No,1,Month-to-month,No,Mailed check,20.2,20.2,Low
0080-OROZO,No,0,0.3111780645211308,Female,0,No,No,35,One year,Fiber optic,Electronic check,99.25,3532.0,Medium
5208-HFSBT,Yes,0,0.2905064313182005,Female,0,No,No,2,Month-to-month,DSL,Credit card (automatic),55.05,102.75,Low
4723-BEGSG,No,0,0.011868705128488645,Male,0,Yes,No,72,Two year,DSL,Credit card (automatic),86.65,6094.25,Low
7824-PANSQ,No,0,0.12775627780177382,Male,0,No,No,58,Month-to-month,Fiber optic,Bank transfer (automatic),80.65,4807.35,Low
6696-YDAYZ,No,0,0.02525495628745624,Male,0,Yes,Yes,16,Two year,No,Mailed check,20.5,290.55,Low
2232-DMLXU,Yes,0,0.40466690640452646,Female,0,Yes,No,1,Month-to-month,DSL,Mailed check,55.2,55.2,Medium
9283-LZQOH,Yes,1,0.504074018019444,Male,0,Yes,Yes,13,Month-to-month,Fiber optic,Credit card (automatic),74.4,896.75,Medium
8739-XNIKG,No,1,0.7451162300502944,Female,0,No,No,5,Month-to-month,Fiber optic,Electronic check,84.0,424.75,High
9360-OMDZZ,No,1,0.6696948037119018,Male,0,No,No,24,Month-to-month,Fiber optic,Electronic check,94.1,2322.85,High
2856-HYAPG,Yes,1,0.6101834871206794,Female,0,No,No,1,Month-to-month,Fiber optic,Electronic check,68.65,68.65,High
2626-VEEWG,No,0,0.002392974790785892,Male,0,Yes,Yes,67,Two year,No,Credit card (automatic),19.4,1284.2,Low
0374-IOEGQ,No,0,0.41800221390840264,Female,0,No,No,3,Month-to-month,DSL,Electronic check,44.6,122.7,Medium
4704-ERYFC,Yes,1,0.5148061382446409,Female,0,Yes,No,22,Month-to-month,Fiber optic,Electronic check,69.25,1554.0,Medium
8792-AOROI,No,0,0.06296705679230079,Female,0,Yes,No,8,Two year,DSL,Mailed check,65.5,564.35,Low
8626-PTQGE,No,0,0.014280046042444724,Male,0,No,No,69,Two year,DSL,Bank transfer (automatic),60.05,4176.7,Low
5032-MIYKT,No,1,0.621487771597921,Female,0,No,No,1,Month-to-month,Fiber optic,Mailed check,70.7,70.7,High
4957-TREIR,No,0,0.25075798269159216,Male,0,No,No,3,Month-to-month,DSL,Credit card (automatic),64.4,195.65,Low
2664-XJZNO,No,0,0.033339309943710455,Male,0,Yes,Yes,72,Two year,Fiber optic,Credit card (automatic),104.9,7559.55,Low
5968-XQIVE,No,0,0.1366739781046783,Male,0,Yes,Yes,72,One year,Fiber optic,Electronic check,89.7,6588.95,Low
6873-UDNLD,No,0,0.13212437108248049,Male,0,No,No,40,Month-to-month,DSL,Electronic check,67.45,2731.0,Low
2126-GSEGL,No,0,0.026225139787815942,Female,0,Yes,No,70,Two year,DSL,Bank transfer (automatic),84.8,5917.55,Low
3315-TOTBP,Yes,1,0.552837942588149,Male,0,No,No,15,Month-to-month,Fiber optic,Mailed check,76.0,1130.85,Medium
6457-GIRWB,Yes,1,0.676954459578881,Male,0,No,No,1,Month-to-month,Fiber optic,Electronic check,69.35,69.35,High
7319-VENRZ,No,0,0.24716833909520194,Male,0,No,No,7,Month-to-month,DSL,Bank transfer (automatic),64.3,445.95,Low
1304-NECVQ,Yes,1,0.7809129450976516,Female,1,No,No,2,Month-to-month,Fiber optic,Electronic check,78.55,149.55,High
6221-AVQYL,Yes,1,0.6378095751038882,Male,0,No,No,2,Month-to-month,Fiber optic,Credit card (automatic),73.25,131.05,High
5598-IKHQQ,No,0,0.002427219451818966,Female,0,No,No,72,Two year,No,Credit card (automatic),25.45,1866.45,Low
3161-ONRWK,No,0,0.015349704505513963,Male,0,Yes,Yes,60,One year,DSL,Bank transfer (automatic),65.85,3928.3,Low
2002-MZHWP,Yes,0,0.20584694493925246,Female,0,No,No,1,Month-to-month,No,Mailed check,20.5,20.5,Low
8722-PRFDV,No,0,0.011610711832119739,Female,0,Yes,Yes,71,Two year,DSL,Credit card (automatic),77.55,5574.35,Low
4826-XTSOH,Yes,1,0.8026307265837014,Male,1,Yes,No,1,Month-to-month,Fiber optic,Electronic check,86.05,86.05,High
9405-GPBBG,No,0,0.08834151765143985,Female,0,No,No,64,Two year,Fiber optic,Credit card (automatic),110.5,7069.25,Low
0772-GYEQQ,Yes,1,0.5195403270427351,Male,0,No,No,3,Month-to-month,Fiber optic,Mailed check,88.35,262.05,Medium
0531-XBKMM,No,0,0.005563443860536059,Male,0,No,Yes,66,Two year,DSL,Bank transfer (automatic),65.7,4378.9,Low
8144-DGHXP,No,0,0.02267020954955424,Female,0,No,No,54,Two year,DSL,Electronic check,80.6,4299.95,Low
6432-TWQLB,Yes,1,0.5772124835634901,Male,0,Yes,No,5,Month-to-month,Fiber optic,Electronic check,85.4,401.1,Medium
4804-NCPET,No,0,0.021931991419343082,Male,0,Yes,Yes,19,Two year,No,Mailed check,20.2,387.4,Low
4445-KWOKW,No,0,0.06391909310321761,Female,0,No,No,42,One year,DSL,Bank transfer (automatic),60.15,2421.6,Low
6736-DHUQI,No,0,0.038660438045365106,Female,0,Yes,Yes,67,One year,Fiber optic,Bank transfer (automatic),84.8,5598.3,Low
8612-GXIDD,No,0,0.05740535305966774,Male,0,Yes,Yes,12,Two year,No,Bank transfer (automatic),25.4,313.0,Low
2211-RMNHO,No,0,0.015887883220389868,Female,0,Yes,Yes,68,Two year,DSL,Bank transfer (automatic),85.3,5560.0,Low
2632-TACXW,No,0,0.004169919642517821,Female,0,Yes,No,62,Two year,No,Bank transfer (automatic),23.65,1416.75,Low
1448-PWKYE,Yes,1,0.6100109158035583,Male,0,Yes,Yes,1,Month-to-month,Fiber optic,Electronic check,80.0,80.0,High
7206-PQBBZ,No,1,0.6586916840828527,Male,1,Yes,No,11,Month-to-month,Fiber optic,Electronic check,70.2,834.7,High
7205-BAIAD,No,0,0.013345433782285782,Female,0,No,No,40,Two year,No,Bank transfer (automatic),20.6,827.3,Low
8859-AXJZP,No,0,0.014860515708206803,Male,0,Yes,Yes,39,Two year,No,Mailed check,23.8,903.8,Low
8800-JOOCF,No,1,0.6606547788271856,Female,0,No,Yes,12,Month-to-month,Fiber optic,Electronic check,84.05,966.55,High
2034-CGRHZ,Yes,1,0.6200609491480229,Male,1,No,No,24,Month-to-month,Fiber optic,Credit card (automatic),102.95,2496.7,High
0094-OIFMO,Yes,1,0.7316076588843841,Female,1,No,No,11,Month-to-month,Fiber optic,Electronic check,95.0,1120.3,High
2709-UQGNP,No,0,0.2679688475840164,Male,0,No,No,10,Month-to-month,DSL,Mailed check,51.65,524.5,Low
5457-COLHT,No,0,0.007425904383633507,Male,0,Yes,Yes,69,Two year,DSL,Bank transfer (automatic),80.65,5542.55,Low
7126-RBHSD,No,0,0.4527777785841097,Female,0,Yes,No,17,Month-to-month,Fiber optic,Electronic check,78.9,1348.95,Medium
1679-JRFBR,No,0,0.1403745524384578,Female,0,Yes,Yes,70,One year,Fiber optic,Credit card (automatic),108.15,7930.55,Low
1261-FWTTE,No,0,0.4339575147506996,Male,1,No,No,23,Month-to-month,DSL,Bank transfer (automatic),34.65,768.45,Medium
4616-ULAOA,No,0,0.07658080556654343,Female,0,Yes,Yes,65,Two year,Fiber optic,Credit card (automatic),110.8,7245.9,Low
6202-DYYFX,No,0,0.3497319498641949,Female,0,No,No,22,One year,Fiber optic,Credit card (automatic),76.0,1783.6,Medium
2862-JVEOY,No,0,0.0929799819346216,Male,0,No,No,6,One year,No,Mailed check,19.15,124.4,Low
5173-WXOQV,No,0,0.345218636634681,Male,0,Yes,No,2,Month-to-month,DSL,Mailed check,64.2,143.65,Medium
3348-CFRNX,Yes,0,0.42244664632650386,Female,0,Yes,No,28,Month-to-month,Fiber optic,Mailed check,92.35,2602.9,Medium
5022-JNQEQ,No,0,0.4802140543389937,Female,0,Yes,Yes,9,Month-to-month,Fiber optic,Electronic check,75.85,647.5,Medium
4256-ZWTZI,No,0,0.27586743054944696,Female,0,No,Yes,5,Month-to-month,DSL,Mailed check,51.0,286.8,Low
7299-GNVPL,No,0,0.15957457834816804,Female,0,Yes,Yes,23,Month-to-month,Fiber optic,Mailed check,84.4,1936.85,Low
1977-STDKI,Yes,1,0.7124291433084807,Female,1,No,No,1,Month-to-month,Fiber optic,Electronic check,73.0,73.0,High
0959-WHOKV,No,0,0.2745516104879918,Male,0,No,No,42,One year,Fiber optic,Electronic check,99.0,4298.45,Low
8990-YOZLV,No,0,0.008761146041234555,Female,0,No,No,69,Two year,DSL,Mailed check,66.9,4577.9,Low
9069-LGEUL,No,0,0.2214548939064189,Male,0,Yes,No,23,Month-to-month,DSL,Bank transfer (automatic),59.95,1406.0,Low
8197-BFWVU,No,0,0.017427261819020178,Female,0,Yes,Yes,72,Two year,DSL,Bank transfer (automatic),93.25,6688.95,Low
3058-HJCUY,Yes,0,0.29079195253018814,Male,0,Yes,Yes,41,One year,Fiber optic,Electronic check,102.6,4213.35,Low
9136-ALYBR,Yes,1,0.5792813833338262,Male,0,No,No,1,Month-to-month,DSL,Mailed check,24.45,24.45,Medium
0784-GTUUK,No,0,0.010245685453728998,Male,0,Yes,No,62,One year,No,Credit card (automatic),23.75,1446.8,Low
9389-ACWBI,No,0,0.4393840358559818,Female,0,Yes,Yes,5,Month-to-month,Fiber optic,Credit card (automatic),69.95,320.4,Medium
4094-NSEDU,Yes,1,0.7451240348217503,Female,1,No,No,21,Month-to-month,Fiber optic,Electronic check,94.25,1973.75,High
0106-GHRQR,No,0,0.3997812270378428,Male,0,No,No,16,Month-to-month,DSL,Bank transfer (automatic),71.4,1212.1,Medium
2155-AMQRX,No,0,0.1711828843122971,Female,0,No,No,28,Month-to-month,DSL,Credit card (automatic),54.9,1505.15,Low
5198-HQAEN,No,0,0.1878654438746188,Male,0,Yes,Yes,35,One year,Fiber optic,Electronic check,89.7,3165.6,Low
7526-BEZQB,Yes,1,0.7393960066743169,Male,0,No,No,12,Month-to-month,Fiber optic,Electronic check,96.05,1148.1,High
9548-LIGTA,No,0,0.015206474382914073,Male,0,Yes,No,61,Two year,DSL,Mailed check,81.05,4747.65,Low
4018-KJYUY,No,0,0.06015905761933963,Male,0,No,Yes,22,Month-to-month,No,Credit card (automatic),20.15,432.5,Low
6663-JOCQO,No,0,0.0741842464604185,Male,0,Yes,Yes,31,One year,DSL,Bank transfer (automatic),75.25,2344.5,Low
4729-XKASR,Yes,1,0.5274715922062242,Male,0,No,Yes,1,Month-to-month,DSL,Electronic check,24.75,24.75,Medium
0004-TLHLJ,Yes,1,0.6548440667597607,Male,0,No,No,4,Month-to-month,Fiber optic,Electronic check,73.9,280.85,High
9374-YOLBJ,No,0,0.23145578404783015,Female,0,Yes,Yes,1,Month-to-month,No,Electronic check,19.25,19.25,Low
4628-CTTLA,Yes,0,0.12365543249302434,Male,0,No,No,57,Month-to-month,DSL,Electronic check,39.3,2111.45,Low
9367-TCUYN,No,0,0.1273004312572944,Female,0,No,No,12,Month-to-month,No,Mailed check,20.1,223.6,Low
3006-XIMLN,Yes,1,0.7139196564336663,Female,0,No,Yes,2,Month-to-month,Fiber optic,Bank transfer (automatic),94.2,193.8,High
5687-DKDTV,Yes,0,0.1814506233406992,Female,0,No,No,4,Month-to-month,No,Mailed check,20.35,77.5,Low
9039-ZVJDC,No,0,0.2368151301918617,Male,0,No,No,3,Month-to-month,No,Mailed check,19.1,53.05,Low
4350-ZTLPI,No,0,0.21190925077223577,Female,0,Yes,No,53,One year,Fiber optic,Bank transfer (automatic),108.95,5718.2,Low
2108-XWMPY,Yes,0,0.43072306840134617,Male,0,No,No,3,Month-to-month,DSL,Mailed check,35.45,106.85,Medium
8706-HRADD,No,0,0.22773271099622364,Male,0,No,No,21,Month-to-month,DSL,Mailed check,43.55,1011.5,Low
1530-ZTDOZ,No,0,0.08908694602955977,Female,0,Yes,No,49,Month-to-month,DSL,Bank transfer (automatic),40.65,2070.75,Low
5567-GZKQY,No,0,0.003166414892364031,Male,0,No,No,58,Two year,No,Credit card (automatic),20.3,1131.5,Low
1183-CANVH,No,0,0.09104808270584305,Female,0,Yes,No,23,One year,DSL,Bank transfer (automatic),60.0,1347.15,Low
0281-CNTZX,No,0,0.0038601966232377377,Male,0,Yes,No,63,Two year,No,Bank transfer (automatic),19.95,1234.8,Low
0228-MAUWC,No,0,0.2353314867703965,Male,0,No,No,19,Month-to-month,DSL,Electronic check,59.55,1144.6,Low
3143-JQEGI,Yes,1,0.5747250345790129,Female,0,Yes,Yes,13,Month-to-month,Fiber optic,Electronic check,88.35,1222.8,Medium
9798-DRYDS,No,0,0.14942387882362423,Female,0,Yes,Yes,17,One year,DSL,Mailed check,61.95,1070.7,Low
8731-WBBMB,No,0,0.17499480962630545,Female,0,Yes,No,26,Month-to-month,DSL,Bank transfer (automatic),81.9,2078.55,Low
5766-ZJYBB,Yes,0,0.19580150748880754,Male,0,No,No,1,Month-to-month,No,Mailed check,19.4,19.4,Low
4785-NKHCX,No,0,0.20309809050478203,Male,1,No,No,5,Month-to-month,No,Bank transfer (automatic),20.05,94.15,Low
2550-QHZGP,No,0,0.08839615719013026,Male,0,No,No,7,One year,No,Mailed check,19.5,128.6,Low
9506-UXUSK,No,1,0.5780378610321664,Male,0,No,No,13,Month-to-month,Fiber optic,Electronic check,70.15,931.75,Medium
5183-KLYEM,No,0,0.05530377387515666,Female,0,No,No,72,Two year,Fiber optic,Credit card (automatic),112.75,8192.6,Low
4102-HLENU,No,0,0.010220682802295055,Female,0,Yes,No,67,Two year,DSL,Mailed check,65.65,4322.85,Low
2833-SLKDQ,Yes,0,0.3533143488515107,Male,0,No,No,1,Month-to-month,DSL,Mailed check,45.05,45.05,Medium
8749-JMNKX,Yes,0,0.32753808714955684,Male,1,Yes,No,51,Month-to-month,Fiber optic,Bank transfer (automatic),93.8,4750.95,Medium
8601-QACRS,Yes,0,0.4733507733314536,Female,0,No,No,5,Month-to-month,DSL,Mailed check,50.6,249.95,Medium
0253-ZTEOB,No,0,0.03886767312418898,Female,0,Yes,Yes,48,Two year,DSL,Electronic check,79.65,3870.3,Low
7089-IVVAZ,Yes,1,0.5275516505296837,Female,0,No,No,8,Month-to-month,Fiber optic,Bank transfer (automatic),103.35,847.3,Medium
9114-AAFQH,No,0,0.10247242396410673,Female,0,Yes,No,48,One year,DSL,Electronic check,65.65,3094.65,Low
1254-IZEYF,Yes,1,0.6773840233929826,Female,1,No,No,31,Month-to-month,Fiber optic,Electronic check,99.95,3186.65,High
1156-ZFYDO,No,0,0.2601554383228299,Female,0,No,No,1,Month-to-month,No,Electronic check,19.75,19.75,Low
8169-SAEJD,No,0,0.017311643762861883,Male,1,Yes,No,69,Two year,DSL,Credit card (automatic),56.55,3952.65,Low
2187-PKZAY,No,1,0.5781424224695275,Male,0,No,No,12,Month-to-month,Fiber optic,Bank transfer (automatic),79.95,1043.4,Medium
1621-YNCJH,No,0,0.09803252489139003,Female,0,Yes,No,36,Two year,Fiber optic,Credit card (automatic),106.05,3834.4,Low
6656-JWRQX,No,0,0.39895257165985454,Female,0,No,No,1,Month-to-month,DSL,Mailed check,30.55,30.55,Medium
0104-PPXDV,No,0,0.024418231254596266,Male,0,Yes,No,58,One year,DSL,Credit card (automatic),50.3,2878.55,Low
5982-XMDEX,No,0,0.0037961053454338292,Female,0,No,No,65,Two year,No,Bank transfer (automatic),26.5,1698.55,Low
4111-BNXIF,No,0,0.027931410759717654,Female,0,Yes,Yes,67,Two year,DSL,Electronic check,59.55,4103.9,Low
3154-CFSZG,No,0,0.2093046806945563,Male,0,Yes,Yes,47,Month-to-month,Fiber optic,Electronic check,90.05,4137.2,Low
3506-OVLKD,No,0,0.031507723530125285,Male,0,No,No,35,One year,No,Bank transfer (automatic),26.2,954.9,Low
6218-KNUBD,No,0,0.38184579709374455,Male,0,No,No,6,Month-to-month,DSL,Electronic check,59.45,357.6,Medium
9153-BTBVV,No,0,0.002763128595581114,Female,0,Yes,No,71,Two year,No,Bank transfer (automatic),25.0,1753.0,Low
2135-DQWAQ,No,1,0.5941861083095543,Female,0,No,No,5,Month-to-month,Fiber optic,Mailed check,85.3,420.45,Medium
5186-SAMNZ,Yes,1,0.664897080973462,Male,1,No,No,1,Month-to-month,Fiber optic,Bank transfer (automatic),69.5,69.5,High
2077-DDHJK,No,0,0.006866922860684362,Female,0,Yes,No,68,Two year,DSL,Credit card (automatic),70.9,4911.35,Low
7893-IXHRQ,Yes,0,0.2493976229944236,Male,0,No,No,1,Month-to-month,No,Electronic check,20.55,20.55,Low
4530-NDRKU,No,0,0.026532472556405545,Female,0,Yes,Yes,42,One year,No,Electronic check,19.05,761.85,Low
4480-QQRHC,No,1,0.625350885586774,Female,1,No,No,8,Month-to-month,Fiber optic,Bank transfer (automatic),74.05,600.15,High
8007-YYPWD,No,0,0.043442558208424555,Female,0,No,No,15,Two year,No,Bank transfer (automatic),25.05,369.1,Low
1644-IRKSF,Yes,0,0.37409498576840927,Female,0,Yes,Yes,33,One year,Fiber optic,Electronic check,93.8,3124.5,Medium
7674-YTAFD,No,0,0.1519197824015464,Female,0,No,No,33,One year,Fiber optic,Bank transfer (automatic),79.95,2684.85,Low
7730-IUTDZ,Yes,0,0.2496611518650481,Male,0,No,No,43,Month-to-month,Fiber optic,Electronic check,75.2,3198.6,Low
9298-WGMRW,No,0,0.0638909164659284,Female,0,Yes,No,72,Two year,Fiber optic,Bank transfer (automatic),115.5,8312.75,Low
2362-IBOOY,Yes,1,0.5249074515015887,Male,0,No,No,36,Month-to-month,Fiber optic,Electronic check,84.75,3050.15,Medium
1582-RAFML,Yes,0,0.2852849395132757,Male,0,No,No,1,Month-to-month,DSL,Mailed check,60.1,60.1,Low
8062-YBDOE,Yes,1,0.7274387035665494,Male,1,No,No,1,Month-to-month,Fiber optic,Electronic check,69.65,69.65,High
7036-TYDEC,No,0,0.07795177950053535,Female,0,No,No,69,Two year,Fiber optic,Electronic check,104.0,7028.5,Low
4078-SAYYN,Yes,1,0.7619337839860786,Female,0,No,No,11,Month-to-month,Fiber optic,Electronic check,100.75,1129.75,High
0620-DLSLK,No,1,0.56003669441345,Female,0,No,No,13,Month-to-month,Fiber optic,Mailed check,81.9,1028.9,Medium
5918-VUKWP,No,0,0.0280853702518237,Female,0,No,No,32,One year,No,Bank transfer (automatic),20.55,654.55,Low
0397-ZXWQF,No,0,0.002266906761720254,Male,0,No,No,67,Two year,No,Bank transfer (automatic),20.5,1430.95,Low
0810-DHDBD,No,0,0.03162933374087914,Female,0,No,No,52,One year,DSL,Credit card (automatic),74.0,3877.65,Low
9572-MTILT,Yes,0,0.2264123945870739,Male,0,Yes,No,59,Month-to-month,Fiber optic,Electronic check,106.75,6252.9,Low
9617-UDPEU,No,0,0.06259335129860547,Female,0,No,No,22,One year,No,Mailed check,19.25,412.55,Low
6075-SLNIL,No,0,0.41946645948919636,Male,0,No,No,38,Month-to-month,Fiber optic,Credit card (automatic),95.1,3691.2,Medium
9170-CCKOU,Yes,0,0.3271910812392085,Male,0,Yes,No,17,Month-to-month,Fiber optic,Credit card (automatic),90.2,1454.15,Medium
1337-BOZWO,No,0,0.17000664351583827,Male,0,Yes,Yes,18,One year,DSL,Credit card (automatic),46.4,812.4,Low
7938-OUHIO,Yes,1,0.6458427172816616,Male,0,No,No,3,Month-to-month,Fiber optic,Electronic check,98.7,293.65,High
0384-RVBPI,No,0,0.17731583291245925,Male,0,No,No,20,Month-to-month,DSL,Credit card (automatic),64.4,1398.6,Low
6128-CZOMY,Yes,1,0.528112522706701,Female,0,No,No,1,Month-to-month,DSL,Electronic check,45.65,45.65,Medium
3677-TNKIO,Yes,0,0.48110769188483476,Female,0,No,No,14,Month-to-month,Fiber optic,Credit card (automatic),71.0,914.0,Medium
0128-MKWSG,No,0,0.13512557345447104,Female,0,No,Yes,26,Month-to-month,DSL,Mailed check,45.8,1147.0,Low
9693-XMUOB,No,0,0.20827491390220182,Male,1,Yes,No,59,Month-to-month,DSL,Electronic check,50.25,2997.45,Low
9133-AYJZG,No,1,0.5698782346896166,Female,0,No,No,23,Month-to-month,Fiber optic,Credit card (automatic),98.7,2249.1,Medium
3656-TKRVZ,Yes,0,0.30427808048259514,Female,0,No,No,3,Month-to-month,DSL,Electronic check,55.35,165.2,Medium
0839-JTCUD,No,0,0.012595624070762592,Female,0,Yes,Yes,66,Two year,DSL,Credit card (automatic),89.9,5958.85,Low
6892-BOGQE,No,0,0.0028028352303047024,Female,0,Yes,No,71,Two year,No,Bank transfer (automatic),20.9,1493.2,Low
5780-INQIK,No,0,0.27337506968074143,Female,0,No,No,8,Month-to-month,DSL,Electronic check,49.4,408.25,Low
7647-GYYKX,No,0,0.005566209059981339,Female,0,Yes,Yes,54,Two year,No,Bank transfer (automatic),20.35,1092.35,Low
0916-QOFDP,No,1,0.7566650718210782,Female,1,Yes,Yes,14,Month-to-month,Fiber optic,Electronic check,95.8,1346.3,High
8644-XYTSV,No,0,0.14562536343649712,Male,0,Yes,No,42,Month-to-month,DSL,Bank transfer (automatic),40.15,1626.05,Low
6250-CGGUN,No,0,0.06109274088130269,Male,0,No,No,54,One year,Fiber optic,Electronic check,84.4,4484.05,Low
7083-YNSKY,Yes,0,0.179556292706763,Female,0,No,No,15,Month-to-month,No,Credit card (automatic),25.4,399.6,Low
4570-QHXHL,No,0,0.4392364279930454,Female,0,No,No,9,Month-to-month,DSL,Electronic check,43.75,405.7,Medium
2691-NZETQ,Yes,1,0.7087444033655679,Male,0,No,No,9,Month-to-month,Fiber optic,Electronic check,85.35,758.6,High
4065-JJAVA,No,0,0.4089769485435157,Female,0,No,No,1,Month-to-month,DSL,Electronic check,49.5,49.5,Medium
8931-GJJIQ,Yes,1,0.7352333235363975,Female,0,No,No,9,Month-to-month,Fiber optic,Electronic check,83.3,803.3,High
8869-LIHMK,No,0,0.07297169509048052,Female,0,No,No,64,Two year,Fiber optic,Bank transfer (automatic),115.1,7334.05,Low
6979-ZNSFF,Yes,1,0.7334524499261008,Female,0,No,No,8,Month-to-month,Fiber optic,Electronic check,87.05,762.1,High
8894-JVDCV,No,0,0.13210106423445706,Female,0,No,No,62,One year,Fiber optic,Credit card (automatic),115.05,7133.45,Low
1089-HDMKP,No,0,0.29735565650075274,Male,1,No,Yes,11,Month-to-month,DSL,Electronic check,54.55,601.25,Low
7196-LIWRH,No,0,0.05137225467626696,Female,0,No,No,6,Two year,No,Mailed check,19.55,124.45,Low
3727-RJMEO,Yes,1,0.726998291395995,Male,0,Yes,No,6,Month-to-month,Fiber optic,Electronic check,82.85,460.25,High
7921-LMDFQ,No,0,0.2759036024121,Male,1,No,No,51,One year,Fiber optic,Bank transfer (automatic),94.0,4905.75,Low
7123-WQUHX,No,0,0.16863739167078853,Male,0,No,No,38,One year,Fiber optic,Bank transfer (automatic),95.0,3605.6,Low
3617-XLSGQ,No,0,0.05759395280383428,Female,0,Yes,Yes,66,Two year,Fiber optic,Bank transfer (automatic),109.25,7082.5,Low
3629-WEAAM,No,0,0.26084639978674645,Female,0,No,No,8,Month-to-month,DSL,Mailed check,64.1,504.05,Low
0322-CHQRU,Yes,0,0.41570237878025845,Male,0,No,No,2,Month-to-month,DSL,Electronic check,45.35,89.5,Medium
1041-RXHRA,Yes,0,0.21564936448457933,Female,0,No,No,41,Month-to-month,Fiber optic,Bank transfer (automatic),70.25,2868.05,Low
7180-PISOG,Yes,1,0.6994878892184522,Male,0,Yes,Yes,1,Month-to-month,Fiber optic,Electronic check,74.5,74.5,High
4398-HSCJH,Yes,0,0.4940398510384861,Female,0,No,No,3,Month-to-month,DSL,Electronic check,63.6,155.65,Medium
9560-BBZXK,No,0,0.03470622347673536,Female,0,No,No,36,Two year,DSL,Bank transfer (automatic),31.05,1126.35,Low
6839-ITVZJ,Yes,0,0.21055546116588303,Female,0,Yes,Yes,26,Month-to-month,DSL,Electronic check,60.05,1616.15,Low
6569-KTMDU,No,0,0.20513300790590122,Female,0,No,No,1,Month-to-month,No,Mailed check,19.1,19.1,Low
3740-RLMVT,No,0,0.016198138184834777,Male,1,Yes,No,67,One year,DSL,Bank transfer (automatic),60.95,4119.4,Low
4892-VLANZ,Yes,0,0.195998317196977,Male,0,No,No,1,Month-to-month,No,Mailed check,19.8,19.8,Low
9840-EFJQB,No,1,0.579763649071008,Female,0,No,No,1,Month-to-month,Fiber optic,Electronic check,74.35,74.35,Medium
6497-TILVL,No,0,0.2090150394018348,Female,0,Yes,Yes,7,Month-to-month,DSL,Mailed check,50.7,350.35,Low
9646-NMHXE,No,0,0.006249318387359781,Male,0,Yes,No,47,Two year,No,Mailed check,19.65,973.1,Low
7009-LGECI,No,0,0.33631120516848034,Female,0,No,No,4,Month-to-month,DSL,Bank transfer (automatic),50.55,235.65,Medium
3486-HOOGQ,No,0,0.008387114526600405,Female,0,Yes,Yes,70,Two year,DSL,Bank transfer (automatic),79.7,5743.3,Low
7302-ZHMHP,No,0,0.2051584739929472,Female,0,No,No,1,Month-to-month,No,Mailed check,19.15,19.15,Low
4817-KEQSP,No,0,0.0015826551334017578,Female,0,Yes,Yes,71,Two year,No,Bank transfer (automatic),19.85,1326.35,Low
2923-ARZLG,No,0,0.1452730956488441,Male,0,Yes,Yes,0,One year,No,Mailed check,19.7,0.0,Low
2731-GJRDG,No,0,0.26552454341402587,Female,0,No,No,32,One year,Fiber optic,Bank transfer (automatic),109.55,3608.0,Low
7016-BPGEU,Yes,0,0.2482909018788632,Female,0,No,No,29,Month-to-month,DSL,Credit card (automatic),25.1,712.85,Low
8871-JLMHM,No,0,0.02981461279242815,Female,0,Yes,No,68,Two year,Fiber optic,Credit card (automatic),90.2,6297.65,Low
9821-BESNZ,No,0,0.18239875632555438,Male,0,No,No,66,One year,Fiber optic,Electronic check,104.25,6860.6,Low
5130-IEKQT,Yes,1,0.5552658961747745,Male,1,No,No,25,Month-to-month,Fiber optic,Mailed check,105.95,2655.25,Medium
0440-UEDAI,No,0,0.1164998962388765,Female,0,No,No,53,One year,Fiber optic,Credit card (automatic),94.45,5042.75,Low
6754-WKSHP,No,0,0.03293785645439107,Male,0,No,Yes,30,One year,No,Bank transfer (automatic),25.35,723.3,Low
0836-SEYLU,Yes,0,0.3354598259489794,Male,0,Yes,No,9,Month-to-month,DSL,Mailed check,40.65,328.95,Medium
3889-VWBID,No,0,0.008503241295558043,Male,0,Yes,Yes,68,Two year,DSL,Bank transfer (automatic),82.85,5776.45,Low
9443-JUBUO,No,0,0.010457912924303432,Male,0,Yes,Yes,72,Two year,DSL,Credit card (automatic),65.25,4478.85,Low
1465-WCZVT,No,0,0.16669344571654113,Female,0,Yes,Yes,3,Month-to-month,No,Mailed check,19.65,60.65,Low
8981-FJGLA,No,1,0.5471930302315866,Male,0,No,Yes,11,Month-to-month,Fiber optic,Mailed check,78.0,851.8,Medium
8595-SIZNC,No,0,0.07695288950044739,Female,1,Yes,No,22,One year,No,Bank transfer (automatic),25.6,548.8,Low
1248-DYXUB,No,0,0.005532118255710254,Male,0,Yes,Yes,52,Two year,No,Mailed check,24.8,1229.1,Low
0853-NWIFK,No,0,0.24018718258942412,Female,0,No,No,45,One year,Fiber optic,Electronic check,100.3,4483.95,Low
9094-AZPHK,No,1,0.7065138057745927,Female,0,No,No,15,Month-to-month,Fiber optic,Electronic check,100.15,1415.0,High
1579-KLYDT,Yes,1,0.7239464040445808,Male,0,No,No,7,Month-to-month,Fiber optic,Electronic check,90.45,593.45,High
5192-EBGOV,Yes,1,0.8092114265846825,Female,1,No,No,1,Month-to-month,Fiber optic,Electronic check,85.7,85.7,High
7392-YYPYJ,No,1,0.673875850967884,Male,0,No,No,22,Month-to-month,Fiber optic,Electronic check,100.65,2415.95,High
8970-ANWXO,No,0,0.1985765213230322,Female,0,No,No,23,One year,DSL,Mailed check,73.75,1756.6,Low
3496-LFSZU,No,1,0.5759986056095888,Male,0,Yes,No,4,Month-to-month,Fiber optic,Electronic check,70.5,294.2,Medium
4800-VHZKI,Yes,0,0.26829090090558405,Female,0,No,No,1,Month-to-month,No,Mailed check,19.9,19.9,Low
5073-RZGBK,No,0,0.046123223416572094,Female,0,Yes,Yes,50,One year,DSL,Bank transfer (automatic),80.05,4042.2,Low
2560-PPCHE,No,0,0.152782753199225,Female,0,No,No,65,One year,Fiber optic,Bank transfer (automatic),105.05,6744.25,Low
3320-VEOYC,No,1,0.769504865719359,Male,1,No,No,14,Month-to-month,Fiber optic,Electronic check,95.6,1273.3,High
0655-RBDUG,Yes,1,0.7115504784302001,Male,0,No,No,7,Month-to-month,Fiber optic,Bank transfer (automatic),98.05,713.0,High
5977-CKHON,No,0,0.4082008514006613,Female,0,Yes,Yes,43,Month-to-month,Fiber optic,Bank transfer (automatic),92.55,4039.0,Medium
4187-CINZD,Yes,0,0.2069857661689708,Female,1,No,No,46,One year,Fiber optic,Credit card (automatic),95.25,4424.2,Low
2789-CZANW,No,0,0.04078647222697391,Female,0,Yes,Yes,64,Two year,Fiber optic,Bank transfer (automatic),110.3,6997.3,Low
4959-JOSRX,Yes,0,0.42312473843514,Female,0,Yes,No,2,Month-to-month,DSL,Credit card (automatic),44.6,80.55,Medium
3920-HIHMQ,No,0,0.23506058045404704,Female,0,No,Yes,26,Month-to-month,DSL,Mailed check,49.5,1265.65,Low
7621-VPNET,No,0,0.271558111841411,Female,0,Yes,No,42,Month-to-month,Fiber optic,Credit card (automatic),85.9,3729.75,Low
9576-SYUHJ,No,0,0.42520796730363936,Male,0,No,No,37,Month-to-month,Fiber optic,Electronic check,91.15,3369.25,Medium
9172-JITSM,Yes,1,0.5639609463535917,Female,0,Yes,Yes,26,Month-to-month,Fiber optic,Electronic check,90.8,2361.8,Medium
1336-EZFZY,No,0,0.1815922634386066,Female,0,No,No,4,Month-to-month,No,Mailed check,20.05,83.3,Low
8728-SKJLR,No,0,0.25254803719761887,Male,0,No,No,41,Month-to-month,Fiber optic,Electronic check,74.25,3089.1,Low
4365-MSDYN,No,0,0.19820499642418551,Male,0,Yes,No,8,Month-to-month,No,Bank transfer (automatic),19.55,161.15,Low
3190-XFANI,Yes,0,0.19737903510749982,Male,0,No,Yes,49,One year,Fiber optic,Bank transfer (automatic),100.6,5069.65,Low
9365-SRSZE,No,1,0.5190077650905974,Male,1,Yes,No,27,Month-to-month,Fiber optic,Electronic check,70.55,1943.9,Medium
5469-CTCWN,Yes,0,0.19902681555680782,Male,0,Yes,Yes,61,One year,Fiber optic,Electronic check,106.0,6547.7,Low
6140-QNRQQ,Yes,1,0.6081058774445453,Male,0,No,No,1,Month-to-month,Fiber optic,Mailed check,71.55,71.55,High
5447-VYTKW,No,0,0.07575924288463584,Male,0,No,No,27,Month-to-month,DSL,Mailed check,53.45,1461.45,Low
7665-VIGUD,No,0,0.07657263723270887,Male,0,No,No,10,One year,No,Mailed check,20.35,176.3,Low
3315-IKYZQ,No,0,0.0689269143851204,Male,0,Yes,Yes,28,One year,DSL,Mailed check,50.8,1386.8,Low
0485-ZBSLN,No,0,0.002801422445432582,Male,0,Yes,Yes,65,Two year,No,Credit card (automatic),24.75,1715.1,Low
7074-STDCN,No,0,0.2051861847289127,Male,0,No,No,39,Month-to-month,DSL,Electronic check,40.6,1494.5,Low
0559-CKHUS,No,0,0.022767580092287017,Female,0,Yes,No,29,Two year,No,Mailed check,19.55,521.8,Low
7853-WNZSY,No,0,0.24156428258080204,Male,0,No,No,1,Month-to-month,No,Credit card (automatic),19.75,19.75,Low
4727-MCYZG,No,0,0.40243477892162444,Male,0,No,No,1,Month-to-month,DSL,Mailed check,55.55,55.55,Medium
2514-GINMM,Yes,1,0.7074630227260787,Male,0,No,No,1,Month-to-month,Fiber optic,Electronic check,79.5,79.5,High
3055-VTCGS,No,0,0.02817639075543527,Female,0,No,No,63,One year,DSL,Credit card (automatic),58.55,3503.5,Low
7576-JMYWV,No,0,0.36534648716233475,Female,1,Yes,Yes,46,Month-to-month,Fiber optic,Electronic check,110.2,4972.1,Medium
1894-IGFSG,Yes,1,0.5370382974556341,Female,0,No,No,22,Month-to-month,Fiber optic,Electronic check,89.25,1907.85,Medium
5275-SQEIZ,Yes,1,0.6558333785885152,Male,0,No,No,1,Month-to-month,Fiber optic,Mailed check,80.85,80.85,High
9481-SFCQY,No,0,0.3080961189315469,Female,0,No,Yes,14,Month-to-month,DSL,Credit card (automatic),59.8,824.85,Medium
0118-JPNOY,No,0,0.40736775307816125,Female,1,No,No,26,Month-to-month,Fiber optic,Credit card (automatic),85.8,2193.65,Medium
5378-IKEEG,Yes,1,0.6970290925532072,Female,0,No,No,1,Month-to-month,DSL,Electronic check,35.75,35.75,High
9695-IDRZR,No,0,0.10774055861148173,Female,0,No,Yes,34,Two year,Fiber optic,Credit card (automatic),116.15,3946.9,Low
8605-ITULD,No,0,0.20536228712408408,Female,0,No,No,1,Month-to-month,No,Mailed check,19.55,19.55,Low
8375-DKEBR,Yes,1,0.7389803365558528,Female,1,No,No,1,Month-to-month,Fiber optic,Electronic check,69.6,69.6,High
3331-HQDTW,Yes,0,0.44331372485997,Female,0,No,No,34,Month-to-month,Fiber optic,Mailed check,109.8,3587.25,Medium
4091-TVOCN,No,0,0.07717065937343708,Male,0,No,Yes,48,One year,DSL,Credit card (automatic),78.75,3682.45,Low
7235-NXZCP,Yes,1,0.7110158880397217,Male,1,No,No,2,Month-to-month,Fiber optic,Mailed check,74.85,156.4,High
0621-JFHOL,No,0,0.14094805235629682,Female,0,No,No,10,Two year,DSL,Mailed check,29.6,299.05,Low
7568-PODML,Yes,1,0.6621531422373714,Male,0,No,No,1,Month-to-month,DSL,Mailed check,45.3,45.3,High
4304-TSPVK,No,0,0.04979218493975231,Female,0,Yes,No,68,Two year,Fiber optic,Bank transfer (automatic),114.9,7843.55,Low
9093-FPDLG,No,1,0.5367979031142582,Female,0,No,No,11,Month-to-month,Fiber optic,Electronic check,94.2,999.9,Medium
5073-WXOYN,Yes,0,0.1707730351604321,Female,0,No,No,60,Month-to-month,DSL,Electronic check,50.8,3027.4,Low
8713-IGZSO,No,0,0.2315212104123401,Male,0,No,No,2,Month-to-month,No,Mailed check,24.85,62.0,Low
4962-CHQPW,No,0,0.025351397823675906,Male,0,No,Yes,29,One year,No,Mailed check,19.85,535.05,Low
9675-ICXCT,No,0,0.014397114434016827,Male,0,Yes,Yes,72,Two year,DSL,Electronic check,80.8,5728.55,Low
8818-XYFCQ,Yes,0,0.40013465282513433,Male,0,Yes,Yes,32,Month-to-month,Fiber optic,Credit card (automatic),99.55,3204.65,Medium
7156-MXBJE,No,0,0.0752677368869566,Female,0,No,No,43,One year,DSL,Credit card (automatic),85.1,3662.25,Low
3003-CMDUU,No,1,0.512021654215357,Female,0,Yes,No,25,Month-to-month,Fiber optic,Electronic check,95.15,2395.7,Medium
4656-CAURT,No,0,0.002833684593691585,Male,0,No,No,69,Two year,No,Bank transfer (automatic),23.95,1713.1,Low
0963-ZBDRN,Yes,0,0.45383592054121796,Male,0,No,No,32,Month-to-month,Fiber optic,Electronic check,96.2,3183.4,Medium
2933-FILNV,Yes,1,0.5427277910202292,Female,0,Yes,Yes,2,Month-to-month,DSL,Mailed check,24.4,36.55,Medium
9391-LMANN,No,0,0.10446786065823029,Male,0,No,Yes,53,One year,Fiber optic,Electronic check,95.95,5036.9,Low
0142-GVYSN,No,0,0.11417038280873305,Male,0,No,No,26,Month-to-month,No,Electronic check,20.3,511.25,Low
3847-BAERP,No,0,0.18983747756748334,Female,0,No,No,10,Month-to-month,No,Mailed check,20.9,247.0,Low
7103-IPXPJ,No,0,0.20843116006775017,Male,0,Yes,No,50,One year,Fiber optic,Electronic check,99.4,5059.75,Low
0432-CAJZV,No,1,0.5910227692459579,Male,0,No,No,3,Month-to-month,Fiber optic,Mailed check,90.7,237.65,Medium
9441-QHEVC,No,0,0.19565399834724134,Male,0,No,No,1,Month-to-month,No,Mailed check,19.1,19.1,Low
6963-KQYQB,No,0,0.002446912991185539,Female,0,Yes,Yes,70,Two year,No,Mailed check,24.05,1764.75,Low
4003-OCTMP,No,0,0.09415629512171213,Female,0,Yes,No,31,One year,DSL,Electronic check,64.0,1910.75,Low
2608-BHKFN,Yes,1,0.574446255802509,Female,0,No,No,4,Month-to-month,Fiber optic,Credit card (automatic),70.05,266.9,Medium
4918-FYJNT,No,0,0.23464903369093942,Female,1,Yes,No,55,Month-to-month,Fiber optic,Electronic check,90.45,5044.8,Low
6861-OKBCE,Yes,0,0.10731974959092774,Female,0,No,Yes,11,Month-to-month,No,Credit card (automatic),20.1,221.35,Low
0508-OOLTO,No,1,0.6490247727257802,Female,0,Yes,Yes,2,Month-to-month,Fiber optic,Electronic check,71.65,135.75,High
1755-FZQEC,No,0,0.018357581865600738,Male,0,No,No,39,One year,No,Mailed check,19.9,791.15,Low
1898-JSNDC,No,0,0.08288445679155612,Female,0,No,No,39,One year,DSL,Credit card (automatic),58.6,2224.5,Low
7184-LRUUR,No,0,0.12966353828965319,Female,0,No,No,22,One year,DSL,Bank transfer (automatic),65.25,1441.8,Low
4134-BSXLX,No,0,0.07136210424042899,Male,0,Yes,No,28,Month-to-month,DSL,Mailed check,60.9,1785.65,Low
2386-LAHRK,Yes,0,0.4705784518728904,Male,0,No,No,1,Month-to-month,DSL,Mailed check,53.5,53.5,Medium
4070-OKWVH,No,0,0.27508394935187047,Female,0,Yes,No,52,Month-to-month,Fiber optic,Bank transfer (automatic),94.6,5025.8,Low
8213-TAZPM,No,0,0.1347611923744829,Female,0,Yes,Yes,69,One year,Fiber optic,Bank transfer (automatic),108.75,7493.05,Low
6168-YBYNP,No,0,0.3595537530758291,Male,0,No,No,59,Month-to-month,Fiber optic,Electronic check,111.35,6519.75,Medium
2026-TGDHM,Yes,1,0.6892641571885837,Female,0,No,No,7,Month-to-month,Fiber optic,Electronic check,79.3,523.15,High
1565-RHDJD,Yes,1,0.5071570226391043,Female,0,No,Yes,4,Month-to-month,Fiber optic,Bank transfer (automatic),84.05,333.55,Medium
7402-PWYJJ,No,0,0.21482114048192047,Female,0,Yes,No,53,One year,Fiber optic,Electronic check,91.15,4862.5,Low
0895-DQHEW,Yes,0,0.44588002214638334,Male,0,Yes,No,54,Month-to-month,Fiber optic,Electronic check,104.3,5278.15,Medium
4641-FROLU,No,0,0.013243329331524419,Female,0,Yes,Yes,30,Two year,No,Mailed check,19.3,602.9,Low
8375-KVTHK,No,0,0.13166228957668583,Male,0,Yes,No,68,One year,Fiber optic,Electronic check,100.3,6754.35,Low
8098-TDCBU,No,0,0.016093208938523375,Female,0,Yes,No,42,Two year,No,Electronic check,25.25,1108.2,Low
4565-NLZBV,No,0,0.003856303041743126,Female,0,Yes,No,71,Two year,No,Bank transfer (automatic),24.65,1710.15,Low
8058-INTPH,Yes,1,0.7196504412926353,Female,0,No,No,1,Month-to-month,Fiber optic,Electronic check,79.65,79.65,High
5199-FPUSP,No,0,0.038087492776167194,Male,0,No,Yes,33,One year,DSL,Credit card (automatic),34.05,1113.95,Low
4971-PUYQO,Yes,1,0.6012713616414327,Female,0,No,No,27,Month-to-month,Fiber optic,Mailed check,94.55,2724.6,High
4983-CCWMC,No,1,0.5890899972461653,Male,0,No,No,3,Month-to-month,Fiber optic,Mailed check,69.6,207.4,Medium
2754-XBHTB,Yes,1,0.592585950792361,Female,0,No,No,9,Month-to-month,Fiber optic,Bank transfer (automatic),77.65,714.15,Medium
5167-GBFRE,Yes,1,0.6046105633748082,Male,1,No,No,4,Month-to-month,DSL,Bank transfer (automatic),25.2,102.5,High
0608-JDVEC,No,0,0.007228356719439067,Male,0,Yes,No,50,Two year,No,Electronic check,19.8,1013.2,Low
8608-OZTLB,No,0,0.04090399582407268,Male,0,Yes,Yes,38,One year,DSL,Electronic check,74.05,2802.3,Low
4137-BTIKL,No,1,0.5354741726399604,Male,0,No,No,2,Month-to-month,Fiber optic,Mailed check,90.75,174.75,Medium
3106-ULWFW,Yes,1,0.6587098433825067,Female,0,Yes,No,8,Month-to-month,Fiber optic,Credit card (automatic),85.2,627.4,High
7336-RLLRH,No,0,0.09489768805816465,Male,0,Yes,No,27,One year,DSL,Mailed check,80.85,2204.35,Low
2645-QTLMB,Yes,1,0.6883194096807641,Male,0,No,No,7,Month-to-month,Fiber optic,Electronic check,94.25,669.0,High
9919-KNPOO,No,1,0.698490622922814,Female,0,Yes,No,21,Month-to-month,Fiber optic,Electronic check,94.3,1948.35,High
7346-MEDWM,No,0,0.28644116815885834,Female,0,No,No,59,Month-to-month,Fiber optic,Electronic check,83.25,4949.1,Low
6134-KWTBV,No,0,0.003881875958553184,Male,0,No,No,62,Two year,No,Bank transfer (automatic),23.4,1429.65,Low
0696-UKTOX,No,0,0.12731982119240506,Male,0,No,Yes,23,Month-to-month,DSL,Electronic check,54.15,1312.45,Low
8246-SHFGA,No,0,0.09097421335523609,Male,0,No,No,17,Month-to-month,No,Credit card (automatic),21.1,385.55,Low
9907-SWKKF,Yes,1,0.5678478974947944,Female,1,No,No,1,Month-to-month,DSL,Mailed check,25.05,25.05,Medium
9282-IZGQK,Yes,1,0.7801574909683908,Female,0,No,No,1,Month-to-month,Fiber optic,Electronic check,85.0,85.0,High
7074-IEVOJ,Yes,1,0.7488944962277546,Female,1,No,No,3,Month-to-month,Fiber optic,Electronic check,79.4,205.05,High
7780-OTDSO,Yes,1,0.6247921953970198,Male,0,Yes,No,18,Month-to-month,Fiber optic,Electronic check,99.4,1742.95,High
0139-IVFJG,No,1,0.5192775090237328,Female,0,Yes,No,2,Month-to-month,Fiber optic,Electronic check,90.35,190.5,Medium
8043-PNYSD,No,0,0.002282135066835052,Male,0,Yes,Yes,63,Two year,No,Mailed check,19.55,1245.6,Low
7825-ECJRF,Yes,0,0.46734759686912475,Female,0,No,No,19,Month-to-month,Fiber optic,Electronic check,106.6,1934.45,Medium
0463-ZSDNT,No,0,0.39792209916533083,Male,0,No,No,10,Month-to-month,DSL,Bank transfer (automatic),56.75,503.25,Medium
7524-VRLPL,No,0,0.01098985039646353,Male,1,No,No,69,Two year,DSL,Credit card (automatic),74.1,5031.0,Low
5569-OUICF,Yes,1,0.5288655675952778,Female,1,Yes,No,28,Month-to-month,Fiber optic,Credit card (automatic),101.3,2812.2,Medium
7916-VCCPB,No,0,0.34267320470878604,Female,0,Yes,Yes,16,Month-to-month,Fiber optic,Bank transfer (automatic),73.25,1195.75,Medium
5857-XRECV,No,0,0.1026571633378428,Female,0,No,Yes,2,One year,No,Bank transfer (automatic),20.5,38.25,Low
3900-AQPHZ,Yes,0,0.20554074675153744,Female,0,No,No,1,Month-to-month,No,Mailed check,19.9,19.9,Low
3104-OWCGK,Yes,0,0.10986194377421675,Male,0,Yes,Yes,60,One year,Fiber optic,Electronic check,90.95,5453.4,Low
5161-XEUVX,No,0,0.09296153126323557,Male,0,Yes,No,37,Two year,Fiber optic,Mailed check,94.3,3460.95,Low
3211-ILJTT,Yes,0,0.47286997108853257,Male,0,Yes,No,17,Month-to-month,Fiber optic,Bank transfer (automatic),70.4,1214.05,Medium
0048-PIHNL,No,0,0.011704918756469158,Female,0,Yes,No,49,One year,No,Bank transfer (automatic),20.45,900.9,Low
3096-YXENJ,No,0,0.09218467740157928,Female,0,Yes,No,65,Two year,Fiber optic,Bank transfer (automatic),107.65,7082.85,Low
0260-ZDLGK,Yes,0,0.3234131807359528,Female,0,No,Yes,9,Month-to-month,DSL,Mailed check,72.9,651.4,Medium
4718-DHSMV,No,1,0.5121568576697425,Female,0,No,No,11,Month-to-month,DSL,Mailed check,35.8,363.15,Medium
2831-EBWRN,No,0,0.4820610257685764,Male,0,No,No,4,Month-to-month,DSL,Electronic check,45.9,199.75,Medium
6425-JWTDV,No,0,0.005682920812087635,Male,0,Yes,No,48,Two year,No,Mailed check,19.25,855.1,Low
9793-WECQC,No,0,0.4219744622746862,Male,0,No,No,23,Month-to-month,Fiber optic,Mailed check,95.3,2192.9,Medium
4692-NNQRU,No,0,0.22865589565352035,Female,0,Yes,No,21,One year,Fiber optic,Electronic check,79.2,1742.45,Low
3279-DYZQM,No,0,0.0014973879189939365,Male,0,Yes,Yes,71,Two year,No,Mailed check,19.45,1378.45,Low
0661-KQHNK,No,0,0.07874966473233748,Female,0,Yes,Yes,6,One year,No,Credit card (automatic),19.0,105.5,Low
6050-IJRHS,No,0,0.23177603892097787,Female,0,Yes,Yes,70,One year,Fiber optic,Electronic check,106.5,7397.0,Low
8623-ULFNQ,No,0,0.35923165363767257,Female,1,No,No,26,Month-to-month,DSL,Electronic check,66.05,1652.4,Medium
7622-FWGEW,No,0,0.02668987050378523,Male,1,Yes,No,56,Two year,DSL,Bank transfer (automatic),85.65,4824.45,Low
2626-URJFX,Yes,1,0.5098127240468439,Male,0,Yes,Yes,4,Month-to-month,DSL,Electronic check,50.9,225.6,Medium
5955-ERIHD,Yes,1,0.7057915505141618,Male,0,Yes,No,18,Month-to-month,Fiber optic,Electronic check,94.7,1687.95,High
7190-XHTWJ,No,0,0.020334903438197455,Female,0,No,No,38,One year,No,Mailed check,19.3,755.5,Low
1696-MZVAU,No,0,0.08066321660225458,Male,0,Yes,Yes,39,One year,DSL,Credit card (automatic),25.25,947.75,Low
5697-GOMBF,No,0,0.4131297617433357,Female,1,Yes,Yes,28,Month-to-month,DSL,Electronic check,35.9,973.65,Medium
5499-ECUTN,No,0,0.055289257808128815,Female,0,Yes,No,47,One year,DSL,Credit card (automatic),66.05,3021.45,Low
0363-QJVFX,Yes,0,0.3186814706739383,Male,0,No,No,32,Month-to-month,Fiber optic,Credit card (automatic),108.15,3432.9,Medium
3209-ZPKFI,No,0,0.09828715268121337,Male,0,Yes,Yes,47,Month-to-month,DSL,Electronic check,54.25,2538.2,Low
7134-MJPDY,No,0,0.19520077995774043,Female,1,No,No,66,One year,Fiber optic,Credit card (automatic),102.85,6976.75,Low
4808-YNLEU,No,0,0.09047482027143455,Female,0,Yes,No,35,One year,DSL,Bank transfer (automatic),62.15,2215.45,Low
3026-ATZYV,No,0,0.060905950678378964,Female,0,Yes,Yes,37,One year,DSL,Bank transfer (automatic),75.1,2658.8,Low
4143-HHPMK,Yes,0,0.30749199899165974,Male,0,No,No,52,Month-to-month,Fiber optic,Electronic check,85.35,4338.6,Medium
7328-ZJAJO,No,0,0.002792305672016699,Female,0,Yes,Yes,59,Two year,No,Credit card (automatic),19.5,1222.65,Low
6369-MCAKO,No,0,0.018553839861776552,Female,0,Yes,Yes,68,Two year,DSL,Bank transfer (automatic),89.05,6185.8,Low
5937-EORGB,No,1,0.6518504896440125,Male,1,Yes,No,15,Month-to-month,Fiber optic,Electronic check,96.5,1392.25,High
4778-IZARL,No,0,0.0443261129603839,Male,0,Yes,No,63,Two year,Fiber optic,Credit card (automatic),110.1,6705.7,Low
8519-IMDHU,Yes,1,0.6792444768159546,Male,1,Yes,No,15,Month-to-month,Fiber optic,Bank transfer (automatic),85.6,1345.55,High
1335-MXCSE,No,0,0.012085116351669652,Male,0,Yes,Yes,55,Two year,DSL,Credit card (automatic),55.25,3119.9,Low
0895-LNKRC,No,0,0.08063867759189441,Male,0,Yes,Yes,6,One year,No,Mailed check,19.45,113.5,Low
9391-EOYLI,Yes,1,0.6985903663843033,Male,1,Yes,No,12,Month-to-month,Fiber optic,Electronic check,80.45,950.2,High
1439-LCGVL,No,0,0.03710258731329396,Female,0,Yes,No,26,One year,No,Mailed check,19.2,459.6,Low
2800-VEQXM,No,1,0.6080845040208863,Female,0,No,No,3,Month-to-month,Fiber optic,Mailed check,74.75,238.1,High
5043-TRZWM,No,1,0.614324996820117,Female,0,No,No,1,Month-to-month,Fiber optic,Electronic check,75.55,75.55,High
6030-REHUX,No,1,0.6234729087907664,Female,1,Yes,No,28,Month-to-month,Fiber optic,Electronic check,110.85,3204.4,High
1143-NMNQJ,Yes,1,0.7750327561646039,Female,0,No,No,2,Month-to-month,Fiber optic,Electronic check,85.7,169.8,High
9108-EQPNQ,No,0,0.04352563761612968,Female,0,Yes,Yes,10,Two year,No,Credit card (automatic),26.1,225.55,Low
5512-IDZEI,No,0,0.02073223441052663,Male,0,Yes,Yes,46,One year,No,Electronic check,24.9,1174.8,Low
7493-TPUWZ,Yes,1,0.7044724321917526,Male,0,No,No,1,Month-to-month,Fiber optic,Electronic check,79.15,79.15,High
2405-LBMUW,No,0,0.02552437173499228,Female,0,Yes,Yes,61,One year,DSL,Bank transfer (automatic),50.7,3088.75,Low
9470-RTWDV,No,0,0.14902036653531625,Male,0,Yes,Yes,26,One year,DSL,Credit card (automatic),82.0,2083.1,Low
0854-UYHZD,No,0,0.03134551677605806,Female,0,Yes,Yes,13,Two year,No,Mailed check,19.55,265.3,Low
4213-HKBJO,No,0,0.016579956617708537,Female,0,No,No,33,Two year,No,Credit card (automatic),25.7,826.1,Low
9068-VPWQQ,No,0,0.012722608937468806,Male,0,Yes,No,61,Two year,DSL,Credit card (automatic),75.35,4729.3,Low
2565-JSLRY,Yes,0,0.3084951949384897,Male,0,No,No,1,Month-to-month,No,Mailed check,24.05,24.05,Medium
8053-WWDRO,Yes,0,0.17135301205142187,Female,0,Yes,No,6,Month-to-month,No,Bank transfer (automatic),19.5,146.3,Low
0925-VYDLG,Yes,1,0.6563248462781379,Female,0,No,No,3,Month-to-month,Fiber optic,Electronic check,75.25,242.0,High
1821-BUCWY,No,0,0.042640286664860035,Male,0,No,No,30,Two year,DSL,Mailed check,55.65,1653.85,Low
2171-UDMFD,No,0,0.052659859990997905,Male,0,Yes,Yes,32,Month-to-month,No,Credit card (automatic),19.45,674.55,Low
5016-LIPDW,No,0,0.006107811492530093,Male,0,Yes,Yes,57,One year,No,Mailed check,19.4,1061.6,Low
1955-IBMMB,No,0,0.004725238147001451,Male,0,No,No,59,Two year,No,Bank transfer (automatic),20.2,1192.3,Low
5406-KGRMX,No,0,0.0036102044722132382,Female,0,No,No,71,Two year,No,Electronic check,24.55,1719.15,Low
2169-RRLFW,No,0,0.002631617341094709,Female,0,Yes,No,71,Two year,No,Credit card (automatic),25.6,1888.25,Low
2275-RBYQS,No,0,0.4512708698573243,Female,0,No,No,1,Month-to-month,DSL,Mailed check,45.4,45.4,Medium
2282-YGNOR,No,0,0.040960161938537624,Female,0,No,No,29,One year,DSL,Credit card (automatic),58.0,1734.5,Low
4419-UJMUS,No,0,0.08342864751824007,Male,0,Yes,Yes,69,Two year,Fiber optic,Electronic check,99.35,6856.45,Low
4936-YPJNK,No,0,0.18715307203189982,Female,0,No,No,10,Month-to-month,No,Mailed check,19.9,199.45,Low
1751-NCDLI,No,1,0.5973329578326751,Male,1,Yes,No,46,Month-to-month,Fiber optic,Electronic check,98.85,4564.9,Medium
2388-LAESQ,No,0,0.07988917907375327,Female,1,Yes,No,72,Two year,Fiber optic,Bank transfer (automatic),114.85,8317.95,Low
7156-MHUGY,Yes,1,0.7279688109812767,Male,1,No,No,13,Month-to-month,Fiber optic,Electronic check,90.5,1201.15,High
8930-XOTDP,No,0,0.22813239448929307,Female,0,Yes,Yes,18,Month-to-month,DSL,Mailed check,55.95,1082.8,Low
6047-SUHPR,No,0,0.04533736282100832,Male,0,Yes,Yes,39,One year,DSL,Electronic check,59.8,2343.85,Low
3512-IZIKN,Yes,0,0.0066361329848301995,Female,0,Yes,No,70,Two year,DSL,Credit card (automatic),65.3,4759.75,Low
0327-WFZSY,No,0,0.31223116678729423,Male,0,Yes,Yes,39,One year,Fiber optic,Electronic check,100.0,3835.55,Medium
0412-UCCNP,No,0,0.014362881248541565,Male,0,No,No,55,Two year,DSL,Electronic check,59.2,3175.85,Low
9804-ICWBG,Yes,1,0.6773300339838131,Male,0,No,No,1,Month-to-month,Fiber optic,Electronic check,69.9,69.9,High
7690-KPNCU,No,0,0.03428625609946506,Male,0,Yes,Yes,64,One year,DSL,Credit card (automatic),73.05,4688.65,Low
6092-QZVPP,No,0,0.12274544759572781,Male,0,No,No,36,Month-to-month,DSL,Credit card (automatic),79.2,2854.95,Low
9828-AOQLM,Yes,0,0.4898359802525958,Female,0,Yes,Yes,1,Month-to-month,DSL,Electronic check,45.7,45.7,Medium
0749-IRGQE,No,1,0.5993446843391085,Female,1,Yes,No,13,Month-to-month,DSL,Electronic check,45.3,528.45,Medium
9938-PRCVK,No,0,0.007593824495889096,Female,0,Yes,Yes,41,Two year,No,Bank transfer (automatic),19.7,804.25,Low
5519-NPHVG,Yes,1,0.7436796022102804,Female,0,No,No,12,Month-to-month,Fiber optic,Electronic check,94.2,1046.1,High
4282-MSACW,No,0,0.11886351106329451,Male,0,No,No,68,One year,Fiber optic,Credit card (automatic),117.2,8035.95,Low
1150-FTQGN,No,0,0.08644610299314556,Female,0,Yes,Yes,60,One year,Fiber optic,Bank transfer (automatic),94.15,5811.8,Low
5649-VUKMC,Yes,0,0.3965869969437014,Female,0,No,No,12,One year,Fiber optic,Mailed check,95.5,1115.15,Medium
9526-BIHHD,Yes,0,0.39942906959571783,Male,0,No,No,1,Month-to-month,DSL,Mailed check,29.7,29.7,Medium
5692-FPTAH,Yes,0,0.4512708698573243,Female,0,No,No,1,Month-to-month,DSL,Mailed check,45.4,45.4,Medium
3717-LNXKW,No,0,0.27839208759340894,Male,0,Yes,No,38,Month-to-month,Fiber optic,Bank transfer (automatic),91.7,3479.05,Low
0533-UCAAU,No,0,0.084643049166173,Male,1,Yes,No,57,One year,DSL,Credit card (automatic),71.1,4140.1,Low
0971-QIFJK,No,0,0.0029901716039575374,Female,0,Yes,No,69,Two year,No,Bank transfer (automatic),24.25,1641.8,Low
1347-KTTTA,No,0,0.11180494566879184,Male,0,Yes,No,64,One year,Fiber optic,Credit card (automatic),102.45,6654.1,Low
7594-RQHXR,Yes,1,0.6980404992565523,Female,0,No,Yes,1,Month-to-month,Fiber optic,Electronic check,79.6,79.6,High
3916-NRPAP,No,1,0.540705279072559,Male,0,No,No,3,Month-to-month,Fiber optic,Credit card (automatic),85.7,256.75,Medium
3620-MWJNE,No,0,0.24440723477641313,Male,0,No,No,2,Month-to-month,DSL,Mailed check,54.45,87.3,Low
1400-WIVLL,No,0,0.10564267202113135,Male,0,Yes,No,57,Two year,Fiber optic,Electronic check,107.95,5969.85,Low
